<?xml version="1.0" encoding="UTF-8"?>
<kml xmlns="http://www.opengis.net/kml/2.2">
  <Document>
    <name>500碗2026 I 第四屆500碗電子地圖</name>
    <description><![CDATA[500碗 I 一碗一地 全台入席<br>小吃從來不屬於某一座城市。他存在於市場轉角、鄉鎮老街、工業區旁的鐵皮屋，也存在於每個人生活最日常的時刻。過去，談論好吃，往往集中在少數都會區；但事實是，真正撐起台灣飲食文化的，是遍及全台每一個縣市、每一個鄉鎮、每一個角落的那一碗。500碗不是要選出「最紅的店」，而是讓被忽略的好味道被看見。今年，我們選擇走出天龍圈，串連全台，讓地方被記住、讓日常被尊重，因為一碗好吃的小吃，本來就不該只屬於雙北。]]></description>
    <Style id="icon-1899-0288D1-labelson">
      <IconStyle>
        <color>ffd18802</color>
        <scale>1</scale>
        <Icon>
          <href>https://www.gstatic.com/mapspro/images/stock/503-wht-blank_maps.png</href>
        </Icon>
        <hotSpot x="32" xunits="pixels" y="64" yunits="insetPixels"/>
      </IconStyle>
    </Style>
    <Style id="icon-1899-558B2F-labelson">
      <IconStyle>
        <color>ff2f8b55</color>
        <scale>1</scale>
        <Icon>
          <href>https://www.gstatic.com/mapspro/images/stock/503-wht-blank_maps.png</href>
        </Icon>
        <hotSpot x="32" xunits="pixels" y="64" yunits="insetPixels"/>
      </IconStyle>
    </Style>
    <Style id="icon-1899-E65100-labelson">
      <IconStyle>
        <color>ff0051e6</color>
        <scale>1</scale>
        <Icon>
          <href>https://www.gstatic.com/mapspro/images/stock/503-wht-blank_maps.png</href>
        </Icon>
        <hotSpot x="32" xunits="pixels" y="64" yunits="insetPixels"/>
      </IconStyle>
    </Style>
    <Folder>
      <name>500碗2026</name>
      <Placemark>
        <name>許仔豬腳麵線</name>
        <address>許仔豬腳麵線 豬腳湯、綜合湯、綜合麵線 台北 台式 劉恒昌、湯智鈞、可播兄弟 103臺北市大同區保安街49巷17號</address>
        <description><![CDATA[總得碗數: 3<br>得獎菜色: 豬腳湯、綜合湯、綜合麵線<br>地區: 台北<br>菜系: 台式<br>推薦評審: 劉恒昌、湯智鈞、可播兄弟<br>地址: 103臺北市大同區保安街49巷17號<br>營業時間: 09:00–18:00<br>電話: 0952 005 739]]></description>
        <styleUrl>#icon-1899-558B2F-labelson</styleUrl>
        <ExtendedData>
          <Data name="總得碗數">
            <value>3.0</value>
          </Data>
          <Data name="得獎菜色">
            <value>豬腳湯、綜合湯、綜合麵線</value>
          </Data>
          <Data name="地區">
            <value>台北</value>
          </Data>
          <Data name="菜系">
            <value>台式</value>
          </Data>
          <Data name="推薦評審">
            <value>劉恒昌、湯智鈞、可播兄弟</value>
          </Data>
          <Data name="地址">
            <value>103臺北市大同區保安街49巷17號</value>
          </Data>
          <Data name="營業時間">
            <value>09:00–18:00</value>
          </Data>
          <Data name="電話">
            <value>0952 005 739</value>
          </Data>
        </ExtendedData>
      </Placemark>
      <Placemark>
        <name>金饌脆皮烤鴨</name>
        <address>金饌脆皮烤鴨 一鴨二吃 台中 中式 魏幸怡、陳怡德、Lulu 黃路梓茵 404臺中市北區頂厝里崇德路一段501-3號</address>
        <description><![CDATA[總得碗數: 3<br>得獎菜色: 一鴨二吃<br>地區: 台中<br>菜系: 中式<br>推薦評審: 魏幸怡、陳怡德、Lulu 黃路梓茵<br>地址: 404臺中市北區頂厝里崇德路一段501-3號<br>營業時間: 11:00–18:00<br>電話: 04 2238 4488]]></description>
        <styleUrl>#icon-1899-558B2F-labelson</styleUrl>
        <ExtendedData>
          <Data name="總得碗數">
            <value>3.0</value>
          </Data>
          <Data name="得獎菜色">
            <value>一鴨二吃</value>
          </Data>
          <Data name="地區">
            <value>台中</value>
          </Data>
          <Data name="菜系">
            <value>中式</value>
          </Data>
          <Data name="推薦評審">
            <value>魏幸怡、陳怡德、Lulu 黃路梓茵</value>
          </Data>
          <Data name="地址">
            <value>404臺中市北區頂厝里崇德路一段501-3號</value>
          </Data>
          <Data name="營業時間">
            <value>11:00–18:00</value>
          </Data>
          <Data name="電話">
            <value>04 2238 4488</value>
          </Data>
        </ExtendedData>
      </Placemark>
      <Placemark>
        <name>廣東汕頭牛肉店</name>
        <address>廣東汕頭牛肉店 炒牛肉麵、炒三鮮、炒牛肉 基隆 中式 沈方正、曹銘宗 203基隆市中山區復旦路17之6號</address>
        <description><![CDATA[總得碗數: 2<br>得獎菜色: 炒牛肉麵、炒三鮮、炒牛肉<br>地區: 基隆<br>菜系: 中式<br>推薦評審: 沈方正、曹銘宗<br>地址: 203基隆市中山區復旦路17之6號<br>營業時間: 11:00–14:30<br>17:00–21:00<br>電話: 02 2423 3797]]></description>
        <styleUrl>#icon-1899-E65100-labelson</styleUrl>
        <ExtendedData>
          <Data name="總得碗數">
            <value>2.0</value>
          </Data>
          <Data name="得獎菜色">
            <value>炒牛肉麵、炒三鮮、炒牛肉</value>
          </Data>
          <Data name="地區">
            <value>基隆</value>
          </Data>
          <Data name="菜系">
            <value>中式</value>
          </Data>
          <Data name="推薦評審">
            <value>沈方正、曹銘宗</value>
          </Data>
          <Data name="地址">
            <value>203基隆市中山區復旦路17之6號</value>
          </Data>
          <Data name="營業時間">
            <value>11:00–14:30
17:00–21:00</value>
          </Data>
          <Data name="電話">
            <value>02 2423 3797</value>
          </Data>
        </ExtendedData>
      </Placemark>
      <Placemark>
        <name>大龍峒肉羹 米粉湯</name>
        <address>大龍峒肉羹 米粉湯 肉羹米粉、米粉湯 台北 台式 劉恒昌、蔣勳 103臺北市大同區重慶北路三段297號</address>
        <description><![CDATA[總得碗數: 2<br>得獎菜色: 肉羹米粉、米粉湯<br>地區: 台北<br>菜系: 台式<br>推薦評審: 劉恒昌、蔣勳<br>地址: 103臺北市大同區重慶北路三段297號<br>營業時間: 06:30–14:30<br>電話: 02 2596 7090]]></description>
        <styleUrl>#icon-1899-E65100-labelson</styleUrl>
        <ExtendedData>
          <Data name="總得碗數">
            <value>2.0</value>
          </Data>
          <Data name="得獎菜色">
            <value>肉羹米粉、米粉湯</value>
          </Data>
          <Data name="地區">
            <value>台北</value>
          </Data>
          <Data name="菜系">
            <value>台式</value>
          </Data>
          <Data name="推薦評審">
            <value>劉恒昌、蔣勳</value>
          </Data>
          <Data name="地址">
            <value>103臺北市大同區重慶北路三段297號</value>
          </Data>
          <Data name="營業時間">
            <value>06:30–14:30</value>
          </Data>
          <Data name="電話">
            <value>02 2596 7090</value>
          </Data>
        </ExtendedData>
      </Placemark>
      <Placemark>
        <name>大橋頭老牌筒仔米糕</name>
        <address>大橋頭老牌筒仔米糕 筒仔米糕、雙拼湯、海陸湯 台北 台式 沈方正、謝維智 老丹早點說 103臺北市大同區延平北路三段41號</address>
        <description><![CDATA[總得碗數: 2<br>得獎菜色: 筒仔米糕、雙拼湯、海陸湯<br>地區: 台北<br>菜系: 台式<br>推薦評審: 沈方正、謝維智 老丹早點說<br>地址: 103臺北市大同區延平北路三段41號<br>營業時間: 07:00–16:00<br>電話: 02 2594 4685]]></description>
        <styleUrl>#icon-1899-E65100-labelson</styleUrl>
        <ExtendedData>
          <Data name="總得碗數">
            <value>2.0</value>
          </Data>
          <Data name="得獎菜色">
            <value>筒仔米糕、雙拼湯、海陸湯</value>
          </Data>
          <Data name="地區">
            <value>台北</value>
          </Data>
          <Data name="菜系">
            <value>台式</value>
          </Data>
          <Data name="推薦評審">
            <value>沈方正、謝維智 老丹早點說</value>
          </Data>
          <Data name="地址">
            <value>103臺北市大同區延平北路三段41號</value>
          </Data>
          <Data name="營業時間">
            <value>07:00–16:00</value>
          </Data>
          <Data name="電話">
            <value>02 2594 4685</value>
          </Data>
        </ExtendedData>
      </Placemark>
      <Placemark>
        <name>上全肉羹</name>
        <address>上全肉羹 肉羹湯 台北 台式 劉恒昌、李易 112臺北市北投區光明路新生巷6號</address>
        <description><![CDATA[總得碗數: 2<br>得獎菜色: 肉羹湯<br>地區: 台北<br>菜系: 台式<br>推薦評審: 劉恒昌、李易<br>地址: 112臺北市北投區光明路新生巷6號<br>營業時間: 06:00–15:00<br>電話: 02 2897 9026]]></description>
        <styleUrl>#icon-1899-E65100-labelson</styleUrl>
        <ExtendedData>
          <Data name="總得碗數">
            <value>2.0</value>
          </Data>
          <Data name="得獎菜色">
            <value>肉羹湯</value>
          </Data>
          <Data name="地區">
            <value>台北</value>
          </Data>
          <Data name="菜系">
            <value>台式</value>
          </Data>
          <Data name="推薦評審">
            <value>劉恒昌、李易</value>
          </Data>
          <Data name="地址">
            <value>112臺北市北投區光明路新生巷6號</value>
          </Data>
          <Data name="營業時間">
            <value>06:00–15:00</value>
          </Data>
          <Data name="電話">
            <value>02 2897 9026</value>
          </Data>
        </ExtendedData>
      </Placemark>
      <Placemark>
        <name>林家乾麵</name>
        <address>林家乾麵 乾麵 台北 台式 葉怡蘭、阿滴 100臺北市中正區泉州街11號</address>
        <description><![CDATA[總得碗數: 2<br>得獎菜色: 乾麵<br>地區: 台北<br>菜系: 台式<br>推薦評審: 葉怡蘭、阿滴<br>地址: 100臺北市中正區泉州街11號<br>營業時間: 06:00–14:00<br>16:30–19:30<br>電話: 02 2747 1001]]></description>
        <styleUrl>#icon-1899-E65100-labelson</styleUrl>
        <ExtendedData>
          <Data name="總得碗數">
            <value>2.0</value>
          </Data>
          <Data name="得獎菜色">
            <value>乾麵</value>
          </Data>
          <Data name="地區">
            <value>台北</value>
          </Data>
          <Data name="菜系">
            <value>台式</value>
          </Data>
          <Data name="推薦評審">
            <value>葉怡蘭、阿滴</value>
          </Data>
          <Data name="地址">
            <value>100臺北市中正區泉州街11號</value>
          </Data>
          <Data name="營業時間">
            <value>06:00–14:00
16:30–19:30</value>
          </Data>
          <Data name="電話">
            <value>02 2747 1001</value>
          </Data>
        </ExtendedData>
      </Placemark>
      <Placemark>
        <name>萍姊酸菜麵</name>
        <address>萍姊酸菜麵 酸菜蛋餛飩湯麵、酸菜乾麵加荷包蛋 台北 台式 劉恒昌、沈方正 108臺北市萬華區漢口街二段80號</address>
        <description><![CDATA[總得碗數: 2<br>得獎菜色: 酸菜蛋餛飩湯麵、酸菜乾麵加荷包蛋<br>地區: 台北<br>菜系: 台式<br>推薦評審: 劉恒昌、沈方正<br>地址: 108臺北市萬華區漢口街二段80號<br>營業時間: 06:30–14:00<br>電話: 02 2370 8643]]></description>
        <styleUrl>#icon-1899-E65100-labelson</styleUrl>
        <ExtendedData>
          <Data name="總得碗數">
            <value>2.0</value>
          </Data>
          <Data name="得獎菜色">
            <value>酸菜蛋餛飩湯麵、酸菜乾麵加荷包蛋</value>
          </Data>
          <Data name="地區">
            <value>台北</value>
          </Data>
          <Data name="菜系">
            <value>台式</value>
          </Data>
          <Data name="推薦評審">
            <value>劉恒昌、沈方正</value>
          </Data>
          <Data name="地址">
            <value>108臺北市萬華區漢口街二段80號</value>
          </Data>
          <Data name="營業時間">
            <value>06:30–14:00</value>
          </Data>
          <Data name="電話">
            <value>02 2370 8643</value>
          </Data>
        </ExtendedData>
      </Placemark>
      <Placemark>
        <name>開囍滷肉專門店</name>
        <address>開囍滷肉專門店 滷肉飯 台北 台式 Nobu Lee、劉冠廷 11058臺北市信義區莊敬路441號</address>
        <description><![CDATA[總得碗數: 2<br>得獎菜色: 滷肉飯<br>地區: 台北<br>菜系: 台式<br>推薦評審: Nobu Lee、劉冠廷<br>地址: 11058臺北市信義區莊敬路441號<br>營業時間: 11:30–14:30<br>17:30–20:30<br>電話: 02 2758 6866]]></description>
        <styleUrl>#icon-1899-E65100-labelson</styleUrl>
        <ExtendedData>
          <Data name="總得碗數">
            <value>2.0</value>
          </Data>
          <Data name="得獎菜色">
            <value>滷肉飯</value>
          </Data>
          <Data name="地區">
            <value>台北</value>
          </Data>
          <Data name="菜系">
            <value>台式</value>
          </Data>
          <Data name="推薦評審">
            <value>Nobu Lee、劉冠廷</value>
          </Data>
          <Data name="地址">
            <value>11058臺北市信義區莊敬路441號</value>
          </Data>
          <Data name="營業時間">
            <value>11:30–14:30
17:30–20:30</value>
          </Data>
          <Data name="電話">
            <value>02 2758 6866</value>
          </Data>
        </ExtendedData>
      </Placemark>
      <Placemark>
        <name>樂天羊肉</name>
        <address>樂天羊肉 羊肉湯、清燉羊排骨湯 台北 台式 Hally Chen、陳泰銘 100029臺北市中正區羅斯福路一段25號</address>
        <description><![CDATA[總得碗數: 2<br>得獎菜色: 羊肉湯、清燉羊排骨湯<br>地區: 台北<br>菜系: 台式<br>推薦評審: Hally Chen、陳泰銘<br>地址: 100029臺北市中正區羅斯福路一段25號<br>營業時間: 11:30–21:00<br>電話: 0958 572 101]]></description>
        <styleUrl>#icon-1899-E65100-labelson</styleUrl>
        <ExtendedData>
          <Data name="總得碗數">
            <value>2.0</value>
          </Data>
          <Data name="得獎菜色">
            <value>羊肉湯、清燉羊排骨湯</value>
          </Data>
          <Data name="地區">
            <value>台北</value>
          </Data>
          <Data name="菜系">
            <value>台式</value>
          </Data>
          <Data name="推薦評審">
            <value>Hally Chen、陳泰銘</value>
          </Data>
          <Data name="地址">
            <value>100029臺北市中正區羅斯福路一段25號</value>
          </Data>
          <Data name="營業時間">
            <value>11:30–21:00</value>
          </Data>
          <Data name="電話">
            <value>0958 572 101</value>
          </Data>
        </ExtendedData>
      </Placemark>
      <Placemark>
        <name>臨江街夜市 巷口無名麵店</name>
        <address>臨江街夜市 巷口無名麵店 豬粉腸、肉麻麵、頭骨肉湯 台北 台式 徐仲、謝維智 老丹早點說 106台北市大安區通化街39巷50弄3號</address>
        <description><![CDATA[總得碗數: 2<br>得獎菜色: 豬粉腸、肉麻麵、頭骨肉湯<br>地區: 台北<br>菜系: 台式<br>推薦評審: 徐仲、謝維智 老丹早點說<br>地址: 106台北市大安區通化街39巷50弄3號<br>營業時間: <br>電話: ]]></description>
        <styleUrl>#icon-1899-E65100-labelson</styleUrl>
        <ExtendedData>
          <Data name="總得碗數">
            <value>2.0</value>
          </Data>
          <Data name="得獎菜色">
            <value>豬粉腸、肉麻麵、頭骨肉湯</value>
          </Data>
          <Data name="地區">
            <value>台北</value>
          </Data>
          <Data name="菜系">
            <value>台式</value>
          </Data>
          <Data name="推薦評審">
            <value>徐仲、謝維智 老丹早點說</value>
          </Data>
          <Data name="地址">
            <value>106台北市大安區通化街39巷50弄3號</value>
          </Data>
          <Data name="營業時間">
            <value/>
          </Data>
          <Data name="電話">
            <value/>
          </Data>
        </ExtendedData>
      </Placemark>
      <Placemark>
        <name>朱記花枝羹</name>
        <address>朱記花枝羹 花枝羹 米粉炒 新北 台式 劉恒昌、宇宙人 241新北市三重區正義北路51號</address>
        <description><![CDATA[總得碗數: 2<br>得獎菜色: 花枝羹 米粉炒<br>地區: 新北<br>菜系: 台式<br>推薦評審: 劉恒昌、宇宙人<br>地址: 241新北市三重區正義北路51號<br>營業時間: 08:10–22:00<br>電話: 02 2985 8256]]></description>
        <styleUrl>#icon-1899-E65100-labelson</styleUrl>
        <ExtendedData>
          <Data name="總得碗數">
            <value>2.0</value>
          </Data>
          <Data name="得獎菜色">
            <value>花枝羹 米粉炒</value>
          </Data>
          <Data name="地區">
            <value>新北</value>
          </Data>
          <Data name="菜系">
            <value>台式</value>
          </Data>
          <Data name="推薦評審">
            <value>劉恒昌、宇宙人</value>
          </Data>
          <Data name="地址">
            <value>241新北市三重區正義北路51號</value>
          </Data>
          <Data name="營業時間">
            <value>08:10–22:00</value>
          </Data>
          <Data name="電話">
            <value>02 2985 8256</value>
          </Data>
        </ExtendedData>
      </Placemark>
      <Placemark>
        <name>北苗二家合</name>
        <address>北苗二家合 湯水晶餃、乾油麵 苗栗 台式 湯昇榮、謝孟恭 360苗栗縣苗栗市中華路45號</address>
        <description><![CDATA[總得碗數: 2<br>得獎菜色: 湯水晶餃、乾油麵<br>地區: 苗栗<br>菜系: 台式<br>推薦評審: 湯昇榮、謝孟恭<br>地址: 360苗栗縣苗栗市中華路45號<br>營業時間: 07:30–12:30<br>電話: ]]></description>
        <styleUrl>#icon-1899-E65100-labelson</styleUrl>
        <ExtendedData>
          <Data name="總得碗數">
            <value>2.0</value>
          </Data>
          <Data name="得獎菜色">
            <value>湯水晶餃、乾油麵</value>
          </Data>
          <Data name="地區">
            <value>苗栗</value>
          </Data>
          <Data name="菜系">
            <value>台式</value>
          </Data>
          <Data name="推薦評審">
            <value>湯昇榮、謝孟恭</value>
          </Data>
          <Data name="地址">
            <value>360苗栗縣苗栗市中華路45號</value>
          </Data>
          <Data name="營業時間">
            <value>07:30–12:30</value>
          </Data>
          <Data name="電話">
            <value/>
          </Data>
        </ExtendedData>
      </Placemark>
      <Placemark>
        <name>日棧飯糰</name>
        <address>日棧飯糰 飯糰 台中 台式 陳怡德、劉克襄 403臺中市西區自治街31-1號</address>
        <description><![CDATA[總得碗數: 2<br>得獎菜色: 飯糰<br>地區: 台中<br>菜系: 台式<br>推薦評審: 陳怡德、劉克襄<br>地址: 403臺中市西區自治街31-1號<br>營業時間: 06:00–11:30<br>電話: 0929 573 983]]></description>
        <styleUrl>#icon-1899-E65100-labelson</styleUrl>
        <ExtendedData>
          <Data name="總得碗數">
            <value>2.0</value>
          </Data>
          <Data name="得獎菜色">
            <value>飯糰</value>
          </Data>
          <Data name="地區">
            <value>台中</value>
          </Data>
          <Data name="菜系">
            <value>台式</value>
          </Data>
          <Data name="推薦評審">
            <value>陳怡德、劉克襄</value>
          </Data>
          <Data name="地址">
            <value>403臺中市西區自治街31-1號</value>
          </Data>
          <Data name="營業時間">
            <value>06:00–11:30</value>
          </Data>
          <Data name="電話">
            <value>0929 573 983</value>
          </Data>
        </ExtendedData>
      </Placemark>
      <Placemark>
        <name>合作街大麵羹</name>
        <address>合作街大麵羹 大麵羹 台中 台式 朱𩃀理、林裕森 402臺中市南區合作街103號</address>
        <description><![CDATA[總得碗數: 2<br>得獎菜色: 大麵羹<br>地區: 台中<br>菜系: 台式<br>推薦評審: 朱𩃀理、林裕森<br>地址: 402臺中市南區合作街103號<br>營業時間: 11:30–17:30<br>電話: 04 2287 9273]]></description>
        <styleUrl>#icon-1899-E65100-labelson</styleUrl>
        <ExtendedData>
          <Data name="總得碗數">
            <value>2.0</value>
          </Data>
          <Data name="得獎菜色">
            <value>大麵羹</value>
          </Data>
          <Data name="地區">
            <value>台中</value>
          </Data>
          <Data name="菜系">
            <value>台式</value>
          </Data>
          <Data name="推薦評審">
            <value>朱𩃀理、林裕森</value>
          </Data>
          <Data name="地址">
            <value>402臺中市南區合作街103號</value>
          </Data>
          <Data name="營業時間">
            <value>11:30–17:30</value>
          </Data>
          <Data name="電話">
            <value>04 2287 9273</value>
          </Data>
        </ExtendedData>
      </Placemark>
      <Placemark>
        <name>阿吉鱔魚麵</name>
        <address>阿吉鱔魚麵 鱔魚麵、生炒鱔魚 嘉義 台式 可播兄弟、魏幸怡 600嘉義市東區蘭井街113號</address>
        <description><![CDATA[總得碗數: 2<br>得獎菜色: 鱔魚麵、生炒鱔魚<br>地區: 嘉義<br>菜系: 台式<br>推薦評審: 可播兄弟、魏幸怡<br>地址: 600嘉義市東區蘭井街113號<br>營業時間: 15:00–18:30<br>電話: 05 223 7194]]></description>
        <styleUrl>#icon-1899-E65100-labelson</styleUrl>
        <ExtendedData>
          <Data name="總得碗數">
            <value>2.0</value>
          </Data>
          <Data name="得獎菜色">
            <value>鱔魚麵、生炒鱔魚</value>
          </Data>
          <Data name="地區">
            <value>嘉義</value>
          </Data>
          <Data name="菜系">
            <value>台式</value>
          </Data>
          <Data name="推薦評審">
            <value>可播兄弟、魏幸怡</value>
          </Data>
          <Data name="地址">
            <value>600嘉義市東區蘭井街113號</value>
          </Data>
          <Data name="營業時間">
            <value>15:00–18:30</value>
          </Data>
          <Data name="電話">
            <value>05 223 7194</value>
          </Data>
        </ExtendedData>
      </Placemark>
      <Placemark>
        <name>阿銘牛肉麵</name>
        <address>阿銘牛肉麵 牛肉麵 台南 台式 江振誠、蔡舜任 70262臺南市南區健康路二段252巷17號</address>
        <description><![CDATA[總得碗數: 2<br>得獎菜色: 牛肉麵<br>地區: 台南<br>菜系: 台式<br>推薦評審: 江振誠、蔡舜任<br>地址: 70262臺南市南區健康路二段252巷17號<br>營業時間: 11:30–19:30<br>電話: 06 225 1396]]></description>
        <styleUrl>#icon-1899-E65100-labelson</styleUrl>
        <ExtendedData>
          <Data name="總得碗數">
            <value>2.0</value>
          </Data>
          <Data name="得獎菜色">
            <value>牛肉麵</value>
          </Data>
          <Data name="地區">
            <value>台南</value>
          </Data>
          <Data name="菜系">
            <value>台式</value>
          </Data>
          <Data name="推薦評審">
            <value>江振誠、蔡舜任</value>
          </Data>
          <Data name="地址">
            <value>70262臺南市南區健康路二段252巷17號</value>
          </Data>
          <Data name="營業時間">
            <value>11:30–19:30</value>
          </Data>
          <Data name="電話">
            <value>06 225 1396</value>
          </Data>
        </ExtendedData>
      </Placemark>
      <Placemark>
        <name>阿明豬心金華店</name>
        <address>阿明豬心金華店 麻油腰子、豬心、豬心頭 台南 台式 謝忠道、徐仲 700臺南市中西區金華路四段10號</address>
        <description><![CDATA[總得碗數: 2<br>得獎菜色: 麻油腰子、豬心、豬心頭<br>地區: 台南<br>菜系: 台式<br>推薦評審: 謝忠道、徐仲<br>地址: 700臺南市中西區金華路四段10號<br>營業時間: 11:30–20:00<br>電話: 06 221 2863]]></description>
        <styleUrl>#icon-1899-E65100-labelson</styleUrl>
        <ExtendedData>
          <Data name="總得碗數">
            <value>2.0</value>
          </Data>
          <Data name="得獎菜色">
            <value>麻油腰子、豬心、豬心頭</value>
          </Data>
          <Data name="地區">
            <value>台南</value>
          </Data>
          <Data name="菜系">
            <value>台式</value>
          </Data>
          <Data name="推薦評審">
            <value>謝忠道、徐仲</value>
          </Data>
          <Data name="地址">
            <value>700臺南市中西區金華路四段10號</value>
          </Data>
          <Data name="營業時間">
            <value>11:30–20:00</value>
          </Data>
          <Data name="電話">
            <value>06 221 2863</value>
          </Data>
        </ExtendedData>
      </Placemark>
      <Placemark>
        <name>無名羊肉湯大菜市 </name>
        <address>無名羊肉湯大菜市  清湯羊肉、清湯羊雜 台南 台式 可播兄弟、蔡舜任 700臺南市中西區府前路二段144號</address>
        <description><![CDATA[總得碗數: 2<br>得獎菜色: 清湯羊肉、清湯羊雜<br>地區: 台南<br>菜系: 台式<br>推薦評審: 可播兄弟、蔡舜任<br>地址: 700臺南市中西區府前路二段144號<br>營業時間: 05:30–13:00<br>電話: ]]></description>
        <styleUrl>#icon-1899-E65100-labelson</styleUrl>
        <ExtendedData>
          <Data name="總得碗數">
            <value>2.0</value>
          </Data>
          <Data name="得獎菜色">
            <value>清湯羊肉、清湯羊雜</value>
          </Data>
          <Data name="地區">
            <value>台南</value>
          </Data>
          <Data name="菜系">
            <value>台式</value>
          </Data>
          <Data name="推薦評審">
            <value>可播兄弟、蔡舜任</value>
          </Data>
          <Data name="地址">
            <value>700臺南市中西區府前路二段144號</value>
          </Data>
          <Data name="營業時間">
            <value>05:30–13:00</value>
          </Data>
          <Data name="電話">
            <value/>
          </Data>
        </ExtendedData>
      </Placemark>
      <Placemark>
        <name>北港蔡三代筒仔米糕</name>
        <address>北港蔡三代筒仔米糕 蒸蛋湯、筒仔米糕 高雄 台式 簡天才、江振誠 803高雄市鹽埕區河西路167號</address>
        <description><![CDATA[總得碗數: 2<br>得獎菜色: 蒸蛋湯、筒仔米糕<br>地區: 高雄<br>菜系: 台式<br>推薦評審: 簡天才、江振誠<br>地址: 803高雄市鹽埕區河西路167號<br>營業時間: 12:00–20:00<br>電話: 07 551 7443]]></description>
        <styleUrl>#icon-1899-E65100-labelson</styleUrl>
        <ExtendedData>
          <Data name="總得碗數">
            <value>2.0</value>
          </Data>
          <Data name="得獎菜色">
            <value>蒸蛋湯、筒仔米糕</value>
          </Data>
          <Data name="地區">
            <value>高雄</value>
          </Data>
          <Data name="菜系">
            <value>台式</value>
          </Data>
          <Data name="推薦評審">
            <value>簡天才、江振誠</value>
          </Data>
          <Data name="地址">
            <value>803高雄市鹽埕區河西路167號</value>
          </Data>
          <Data name="營業時間">
            <value>12:00–20:00</value>
          </Data>
          <Data name="電話">
            <value>07 551 7443</value>
          </Data>
        </ExtendedData>
      </Placemark>
      <Placemark>
        <name>正宗鴨肉飯</name>
        <address>正宗鴨肉飯 鴨肉飯 高雄 台式 簡天才、李易 813高雄市左營區裕誠路245號</address>
        <description><![CDATA[總得碗數: 2<br>得獎菜色: 鴨肉飯<br>地區: 高雄<br>菜系: 台式<br>推薦評審: 簡天才、李易<br>地址: 813高雄市左營區裕誠路245號<br>營業時間: 11:00–20:30<br>電話: 07 556 6428]]></description>
        <styleUrl>#icon-1899-E65100-labelson</styleUrl>
        <ExtendedData>
          <Data name="總得碗數">
            <value>2.0</value>
          </Data>
          <Data name="得獎菜色">
            <value>鴨肉飯</value>
          </Data>
          <Data name="地區">
            <value>高雄</value>
          </Data>
          <Data name="菜系">
            <value>台式</value>
          </Data>
          <Data name="推薦評審">
            <value>簡天才、李易</value>
          </Data>
          <Data name="地址">
            <value>813高雄市左營區裕誠路245號</value>
          </Data>
          <Data name="營業時間">
            <value>11:00–20:30</value>
          </Data>
          <Data name="電話">
            <value>07 556 6428</value>
          </Data>
        </ExtendedData>
      </Placemark>
      <Placemark>
        <name>饅頭達人｜金獅湖肉包</name>
        <address>饅頭達人｜金獅湖肉包 肉包 高雄 台式 洪嘉聰、吳寶春 807高雄市三民區鼎金後路45號</address>
        <description><![CDATA[總得碗數: 2<br>得獎菜色: 肉包<br>地區: 高雄<br>菜系: 台式<br>推薦評審: 洪嘉聰、吳寶春<br>地址: 807高雄市三民區鼎金後路45號<br>營業時間: 10:30–17:30<br>電話: 07 342 7175]]></description>
        <styleUrl>#icon-1899-E65100-labelson</styleUrl>
        <ExtendedData>
          <Data name="總得碗數">
            <value>2.0</value>
          </Data>
          <Data name="得獎菜色">
            <value>肉包</value>
          </Data>
          <Data name="地區">
            <value>高雄</value>
          </Data>
          <Data name="菜系">
            <value>台式</value>
          </Data>
          <Data name="推薦評審">
            <value>洪嘉聰、吳寶春</value>
          </Data>
          <Data name="地址">
            <value>807高雄市三民區鼎金後路45號</value>
          </Data>
          <Data name="營業時間">
            <value>10:30–17:30</value>
          </Data>
          <Data name="電話">
            <value>07 342 7175</value>
          </Data>
        </ExtendedData>
      </Placemark>
      <Placemark>
        <name>迪記法式豬舌飯</name>
        <address>迪記法式豬舌飯 致敬阿明的舒肥豬心、舒肥豬舌佐蒜味酸奶、招牌炭香三寶豬舌飯 高雄 歐美 楊馥如、馬世芳 813高雄市左營區富國路60號龍華市場108攤</address>
        <description><![CDATA[總得碗數: 2<br>得獎菜色: 致敬阿明的舒肥豬心、舒肥豬舌佐蒜味酸奶、招牌炭香三寶豬舌飯<br>地區: 高雄<br>菜系: 歐美<br>推薦評審: 楊馥如、馬世芳<br>地址: 813高雄市左營區富國路60號龍華市場108攤<br>營業時間: 11:30–13:30<br>16:30–19:00<br>電話: 0974 274 313]]></description>
        <styleUrl>#icon-1899-E65100-labelson</styleUrl>
        <ExtendedData>
          <Data name="總得碗數">
            <value>2.0</value>
          </Data>
          <Data name="得獎菜色">
            <value>致敬阿明的舒肥豬心、舒肥豬舌佐蒜味酸奶、招牌炭香三寶豬舌飯</value>
          </Data>
          <Data name="地區">
            <value>高雄</value>
          </Data>
          <Data name="菜系">
            <value>歐美</value>
          </Data>
          <Data name="推薦評審">
            <value>楊馥如、馬世芳</value>
          </Data>
          <Data name="地址">
            <value>813高雄市左營區富國路60號龍華市場108攤</value>
          </Data>
          <Data name="營業時間">
            <value>11:30–13:30
16:30–19:00</value>
          </Data>
          <Data name="電話">
            <value>0974 274 313</value>
          </Data>
        </ExtendedData>
      </Placemark>
      <Placemark>
        <name>清溪小吃部</name>
        <address>清溪小吃部 蝦丸仔湯、肉燥飯 高雄 台式 薛舜迪、Nobu Lee 807高雄市三民區三鳳中街80之1號</address>
        <description><![CDATA[總得碗數: 2<br>得獎菜色: 蝦丸仔湯、肉燥飯<br>地區: 高雄<br>菜系: 台式<br>推薦評審: 薛舜迪、Nobu Lee<br>地址: 807高雄市三民區三鳳中街80之1號<br>營業時間: 11:30–19:30<br>電話: 07 286 7767]]></description>
        <styleUrl>#icon-1899-E65100-labelson</styleUrl>
        <ExtendedData>
          <Data name="總得碗數">
            <value>2.0</value>
          </Data>
          <Data name="得獎菜色">
            <value>蝦丸仔湯、肉燥飯</value>
          </Data>
          <Data name="地區">
            <value>高雄</value>
          </Data>
          <Data name="菜系">
            <value>台式</value>
          </Data>
          <Data name="推薦評審">
            <value>薛舜迪、Nobu Lee</value>
          </Data>
          <Data name="地址">
            <value>807高雄市三民區三鳳中街80之1號</value>
          </Data>
          <Data name="營業時間">
            <value>11:30–19:30</value>
          </Data>
          <Data name="電話">
            <value>07 286 7767</value>
          </Data>
        </ExtendedData>
      </Placemark>
      <Placemark>
        <name>蒸餃阿姨</name>
        <address>蒸餃阿姨 招牌韭菜蒸餃 高麗菜蒸餃 宜蘭 台式 葉怡蘭、李易 261宜蘭縣頭城鎮南門路12號</address>
        <description><![CDATA[總得碗數: 2<br>得獎菜色: 招牌韭菜蒸餃 高麗菜蒸餃<br>地區: 宜蘭<br>菜系: 台式<br>推薦評審: 葉怡蘭、李易<br>地址: 261宜蘭縣頭城鎮南門路12號<br>營業時間: 06:00–14:00<br>電話: 0916 892 115]]></description>
        <styleUrl>#icon-1899-E65100-labelson</styleUrl>
        <ExtendedData>
          <Data name="總得碗數">
            <value>2.0</value>
          </Data>
          <Data name="得獎菜色">
            <value>招牌韭菜蒸餃 高麗菜蒸餃</value>
          </Data>
          <Data name="地區">
            <value>宜蘭</value>
          </Data>
          <Data name="菜系">
            <value>台式</value>
          </Data>
          <Data name="推薦評審">
            <value>葉怡蘭、李易</value>
          </Data>
          <Data name="地址">
            <value>261宜蘭縣頭城鎮南門路12號</value>
          </Data>
          <Data name="營業時間">
            <value>06:00–14:00</value>
          </Data>
          <Data name="電話">
            <value>0916 892 115</value>
          </Data>
        </ExtendedData>
      </Placemark>
      <Placemark>
        <name>士杏坊越式法國麵包</name>
        <address>士杏坊越式法國麵包 招牌法國麵包 基隆 越式 曹銘宗 202基隆市中正區信五路45號1樓</address>
        <description><![CDATA[總得碗數: 1<br>得獎菜色: 招牌法國麵包<br>地區: 基隆<br>菜系: 越式<br>推薦評審: 曹銘宗<br>地址: 202基隆市中正區信五路45號1樓<br>營業時間: 08:00–19:00<br>電話: 0977 473 529]]></description>
        <styleUrl>#icon-1899-0288D1-labelson</styleUrl>
        <ExtendedData>
          <Data name="總得碗數">
            <value>1.0</value>
          </Data>
          <Data name="得獎菜色">
            <value>招牌法國麵包</value>
          </Data>
          <Data name="地區">
            <value>基隆</value>
          </Data>
          <Data name="菜系">
            <value>越式</value>
          </Data>
          <Data name="推薦評審">
            <value>曹銘宗</value>
          </Data>
          <Data name="地址">
            <value>202基隆市中正區信五路45號1樓</value>
          </Data>
          <Data name="營業時間">
            <value>08:00–19:00</value>
          </Data>
          <Data name="電話">
            <value>0977 473 529</value>
          </Data>
        </ExtendedData>
      </Placemark>
      <Placemark>
        <name>小馬納蒂 Manatee To Go</name>
        <address>小馬納蒂 Manatee To Go 墨西哥辣肉醬 基隆 異國 曹銘宗 202基隆市中正區正濱路98號</address>
        <description><![CDATA[總得碗數: 1<br>得獎菜色: 墨西哥辣肉醬<br>地區: 基隆<br>菜系: 異國<br>推薦評審: 曹銘宗<br>地址: 202基隆市中正區正濱路98號<br>營業時間: 11:00–19:00<br>電話: 02 2462 0377]]></description>
        <styleUrl>#icon-1899-0288D1-labelson</styleUrl>
        <ExtendedData>
          <Data name="總得碗數">
            <value>1.0</value>
          </Data>
          <Data name="得獎菜色">
            <value>墨西哥辣肉醬</value>
          </Data>
          <Data name="地區">
            <value>基隆</value>
          </Data>
          <Data name="菜系">
            <value>異國</value>
          </Data>
          <Data name="推薦評審">
            <value>曹銘宗</value>
          </Data>
          <Data name="地址">
            <value>202基隆市中正區正濱路98號</value>
          </Data>
          <Data name="營業時間">
            <value>11:00–19:00</value>
          </Data>
          <Data name="電話">
            <value>02 2462 0377</value>
          </Data>
        </ExtendedData>
      </Placemark>
      <Placemark>
        <name>六號碼頭麵店</name>
        <address>六號碼頭麵店 豬小腸（五層豬腸） 基隆 台式 徐仲 203基隆市中山區中山二路47號</address>
        <description><![CDATA[總得碗數: 1<br>得獎菜色: 豬小腸（五層豬腸）<br>地區: 基隆<br>菜系: 台式<br>推薦評審: 徐仲<br>地址: 203基隆市中山區中山二路47號<br>營業時間: 06:00-14:30 <br>電話: ]]></description>
        <styleUrl>#icon-1899-0288D1-labelson</styleUrl>
        <ExtendedData>
          <Data name="總得碗數">
            <value>1.0</value>
          </Data>
          <Data name="得獎菜色">
            <value>豬小腸（五層豬腸）</value>
          </Data>
          <Data name="地區">
            <value>基隆</value>
          </Data>
          <Data name="菜系">
            <value>台式</value>
          </Data>
          <Data name="推薦評審">
            <value>徐仲</value>
          </Data>
          <Data name="地址">
            <value>203基隆市中山區中山二路47號</value>
          </Data>
          <Data name="營業時間">
            <value>06:00-14:30 </value>
          </Data>
          <Data name="電話">
            <value/>
          </Data>
        </ExtendedData>
      </Placemark>
      <Placemark>
        <name>卞家牛肉麵</name>
        <address>卞家牛肉麵 牛肉麵 基隆 台式 曹銘宗 203基隆市中山區中華路3之4號</address>
        <description><![CDATA[總得碗數: 1<br>得獎菜色: 牛肉麵<br>地區: 基隆<br>菜系: 台式<br>推薦評審: 曹銘宗<br>地址: 203基隆市中山區中華路3之4號<br>營業時間: 10:00–14:00<br>電話: 02 2429 2313]]></description>
        <styleUrl>#icon-1899-0288D1-labelson</styleUrl>
        <ExtendedData>
          <Data name="總得碗數">
            <value>1.0</value>
          </Data>
          <Data name="得獎菜色">
            <value>牛肉麵</value>
          </Data>
          <Data name="地區">
            <value>基隆</value>
          </Data>
          <Data name="菜系">
            <value>台式</value>
          </Data>
          <Data name="推薦評審">
            <value>曹銘宗</value>
          </Data>
          <Data name="地址">
            <value>203基隆市中山區中華路3之4號</value>
          </Data>
          <Data name="營業時間">
            <value>10:00–14:00</value>
          </Data>
          <Data name="電話">
            <value>02 2429 2313</value>
          </Data>
        </ExtendedData>
      </Placemark>
      <Placemark>
        <name>巴基斯坦廚房（真愛咖哩）</name>
        <address>巴基斯坦廚房（真愛咖哩） 烤餅、咖哩料理 基隆 異國 曹銘宗 202基隆市中正區信三路25號</address>
        <description><![CDATA[總得碗數: 1<br>得獎菜色: 烤餅、咖哩料理<br>地區: 基隆<br>菜系: 異國<br>推薦評審: 曹銘宗<br>地址: 202基隆市中正區信三路25號<br>營業時間: 11:30–20:00<br>電話: 0919 336 586]]></description>
        <styleUrl>#icon-1899-0288D1-labelson</styleUrl>
        <ExtendedData>
          <Data name="總得碗數">
            <value>1.0</value>
          </Data>
          <Data name="得獎菜色">
            <value>烤餅、咖哩料理</value>
          </Data>
          <Data name="地區">
            <value>基隆</value>
          </Data>
          <Data name="菜系">
            <value>異國</value>
          </Data>
          <Data name="推薦評審">
            <value>曹銘宗</value>
          </Data>
          <Data name="地址">
            <value>202基隆市中正區信三路25號</value>
          </Data>
          <Data name="營業時間">
            <value>11:30–20:00</value>
          </Data>
          <Data name="電話">
            <value>0919 336 586</value>
          </Data>
        </ExtendedData>
      </Placemark>
      <Placemark>
        <name>好食陳</name>
        <address>好食陳 乾炒牛河 基隆 台式 曹銘宗 202基隆市中正區義二路52號</address>
        <description><![CDATA[總得碗數: 1<br>得獎菜色: 乾炒牛河<br>地區: 基隆<br>菜系: 台式<br>推薦評審: 曹銘宗<br>地址: 202基隆市中正區義二路52號<br>營業時間: 12:00–15:30<br>17:00–21:00<br>電話: 02 2427 6639]]></description>
        <styleUrl>#icon-1899-0288D1-labelson</styleUrl>
        <ExtendedData>
          <Data name="總得碗數">
            <value>1.0</value>
          </Data>
          <Data name="得獎菜色">
            <value>乾炒牛河</value>
          </Data>
          <Data name="地區">
            <value>基隆</value>
          </Data>
          <Data name="菜系">
            <value>台式</value>
          </Data>
          <Data name="推薦評審">
            <value>曹銘宗</value>
          </Data>
          <Data name="地址">
            <value>202基隆市中正區義二路52號</value>
          </Data>
          <Data name="營業時間">
            <value>12:00–15:30
17:00–21:00</value>
          </Data>
          <Data name="電話">
            <value>02 2427 6639</value>
          </Data>
        </ExtendedData>
      </Placemark>
      <Placemark>
        <name>
玥成上海美味鮮湯包
</name>
        <address>玥成上海美味鮮湯包
 上海美味鮮湯包、酸辣湯 基隆 中式 曹銘宗 202基隆市中正區北寧路317-6號</address>
        <description><![CDATA[總得碗數: 1<br>得獎菜色: 上海美味鮮湯包、酸辣湯<br>地區: 基隆<br>菜系: 中式<br>推薦評審: 曹銘宗<br>地址: 202基隆市中正區北寧路317-6號<br>營業時間: 11:00–14:30<br>16:30–20:30<br>電話: 02 2469 2656]]></description>
        <styleUrl>#icon-1899-0288D1-labelson</styleUrl>
        <ExtendedData>
          <Data name="總得碗數">
            <value>1.0</value>
          </Data>
          <Data name="得獎菜色">
            <value>上海美味鮮湯包、酸辣湯</value>
          </Data>
          <Data name="地區">
            <value>基隆</value>
          </Data>
          <Data name="菜系">
            <value>中式</value>
          </Data>
          <Data name="推薦評審">
            <value>曹銘宗</value>
          </Data>
          <Data name="地址">
            <value>202基隆市中正區北寧路317-6號</value>
          </Data>
          <Data name="營業時間">
            <value>11:00–14:30
16:30–20:30</value>
          </Data>
          <Data name="電話">
            <value>02 2469 2656</value>
          </Data>
        </ExtendedData>
      </Placemark>
      <Placemark>
        <name>長腳麵食</name>
        <address>長腳麵食 豬腳麵 基隆 台式 番紅花 200基隆市仁愛區孝三路99巷1號</address>
        <description><![CDATA[總得碗數: 1<br>得獎菜色: 豬腳麵<br>地區: 基隆<br>菜系: 台式<br>推薦評審: 番紅花<br>地址: 200基隆市仁愛區孝三路99巷1號<br>營業時間: 07:00–15:00<br>電話: 0989 717 019]]></description>
        <styleUrl>#icon-1899-0288D1-labelson</styleUrl>
        <ExtendedData>
          <Data name="總得碗數">
            <value>1.0</value>
          </Data>
          <Data name="得獎菜色">
            <value>豬腳麵</value>
          </Data>
          <Data name="地區">
            <value>基隆</value>
          </Data>
          <Data name="菜系">
            <value>台式</value>
          </Data>
          <Data name="推薦評審">
            <value>番紅花</value>
          </Data>
          <Data name="地址">
            <value>200基隆市仁愛區孝三路99巷1號</value>
          </Data>
          <Data name="營業時間">
            <value>07:00–15:00</value>
          </Data>
          <Data name="電話">
            <value>0989 717 019</value>
          </Data>
        </ExtendedData>
      </Placemark>
      <Placemark>
        <name>阿森私房菜飯麵館</name>
        <address>阿森私房菜飯麵館 馬祖冠軍紅糟蛋炒飯 基隆 台式 曹銘宗 203基隆市中山區中華路5巷4號</address>
        <description><![CDATA[總得碗數: 1<br>得獎菜色: 馬祖冠軍紅糟蛋炒飯<br>地區: 基隆<br>菜系: 台式<br>推薦評審: 曹銘宗<br>地址: 203基隆市中山區中華路5巷4號<br>營業時間: 11:00–14:00<br>17:00–20:00<br>電話: 02 2428 8088]]></description>
        <styleUrl>#icon-1899-0288D1-labelson</styleUrl>
        <ExtendedData>
          <Data name="總得碗數">
            <value>1.0</value>
          </Data>
          <Data name="得獎菜色">
            <value>馬祖冠軍紅糟蛋炒飯</value>
          </Data>
          <Data name="地區">
            <value>基隆</value>
          </Data>
          <Data name="菜系">
            <value>台式</value>
          </Data>
          <Data name="推薦評審">
            <value>曹銘宗</value>
          </Data>
          <Data name="地址">
            <value>203基隆市中山區中華路5巷4號</value>
          </Data>
          <Data name="營業時間">
            <value>11:00–14:00
17:00–20:00</value>
          </Data>
          <Data name="電話">
            <value>02 2428 8088</value>
          </Data>
        </ExtendedData>
      </Placemark>
      <Placemark>
        <name>凃大的吉古拉</name>
        <address>凃大的吉古拉 炭烤吉古拉 基隆 台式 曹銘宗 202基隆市中正區正濱路27號</address>
        <description><![CDATA[總得碗數: 1<br>得獎菜色: 炭烤吉古拉<br>地區: 基隆<br>菜系: 台式<br>推薦評審: 曹銘宗<br>地址: 202基隆市中正區正濱路27號<br>營業時間: 07:00–12:00<br>電話: 0910 251 920]]></description>
        <styleUrl>#icon-1899-0288D1-labelson</styleUrl>
        <ExtendedData>
          <Data name="總得碗數">
            <value>1.0</value>
          </Data>
          <Data name="得獎菜色">
            <value>炭烤吉古拉</value>
          </Data>
          <Data name="地區">
            <value>基隆</value>
          </Data>
          <Data name="菜系">
            <value>台式</value>
          </Data>
          <Data name="推薦評審">
            <value>曹銘宗</value>
          </Data>
          <Data name="地址">
            <value>202基隆市中正區正濱路27號</value>
          </Data>
          <Data name="營業時間">
            <value>07:00–12:00</value>
          </Data>
          <Data name="電話">
            <value>0910 251 920</value>
          </Data>
        </ExtendedData>
      </Placemark>
      <Placemark>
        <name>基隆廟口 12號攤乾麵餛飩湯排骨麵</name>
        <address>基隆廟口 12號攤乾麵餛飩湯排骨麵 乾麵 餛飩 小菜 基隆 台式 李易 200基隆市仁愛區仁三路</address>
        <description><![CDATA[總得碗數: 1<br>得獎菜色: 乾麵 餛飩 小菜<br>地區: 基隆<br>菜系: 台式<br>推薦評審: 李易<br>地址: 200基隆市仁愛區仁三路<br>營業時間: <br>電話: ]]></description>
        <styleUrl>#icon-1899-0288D1-labelson</styleUrl>
        <ExtendedData>
          <Data name="總得碗數">
            <value>1.0</value>
          </Data>
          <Data name="得獎菜色">
            <value>乾麵 餛飩 小菜</value>
          </Data>
          <Data name="地區">
            <value>基隆</value>
          </Data>
          <Data name="菜系">
            <value>台式</value>
          </Data>
          <Data name="推薦評審">
            <value>李易</value>
          </Data>
          <Data name="地址">
            <value>200基隆市仁愛區仁三路</value>
          </Data>
          <Data name="營業時間">
            <value/>
          </Data>
          <Data name="電話">
            <value/>
          </Data>
        </ExtendedData>
      </Placemark>
      <Placemark>
        <name>華一街 手工包子、饅頭店</name>
        <address>華一街 手工包子、饅頭店 白饅頭 豆沙包 基隆 台式 高靜玉 200基隆市仁愛區華一街1號</address>
        <description><![CDATA[總得碗數: 1<br>得獎菜色: 白饅頭 豆沙包<br>地區: 基隆<br>菜系: 台式<br>推薦評審: 高靜玉<br>地址: 200基隆市仁愛區華一街1號<br>營業時間: 06:00–13:00<br>電話: 02 2432 8066]]></description>
        <styleUrl>#icon-1899-0288D1-labelson</styleUrl>
        <ExtendedData>
          <Data name="總得碗數">
            <value>1.0</value>
          </Data>
          <Data name="得獎菜色">
            <value>白饅頭 豆沙包</value>
          </Data>
          <Data name="地區">
            <value>基隆</value>
          </Data>
          <Data name="菜系">
            <value>台式</value>
          </Data>
          <Data name="推薦評審">
            <value>高靜玉</value>
          </Data>
          <Data name="地址">
            <value>200基隆市仁愛區華一街1號</value>
          </Data>
          <Data name="營業時間">
            <value>06:00–13:00</value>
          </Data>
          <Data name="電話">
            <value>02 2432 8066</value>
          </Data>
        </ExtendedData>
      </Placemark>
      <Placemark>
        <name>黃小妹純手工福州魚丸</name>
        <address>黃小妹純手工福州魚丸 福州魚丸 基隆 台式 曹銘宗 200基隆市仁愛區劉銘傳路6巷25之31號</address>
        <description><![CDATA[總得碗數: 1<br>得獎菜色: 福州魚丸<br>地區: 基隆<br>菜系: 台式<br>推薦評審: 曹銘宗<br>地址: 200基隆市仁愛區劉銘傳路6巷25之31號<br>營業時間: 07:00–17:00<br>電話: 0989 009 483]]></description>
        <styleUrl>#icon-1899-0288D1-labelson</styleUrl>
        <ExtendedData>
          <Data name="總得碗數">
            <value>1.0</value>
          </Data>
          <Data name="得獎菜色">
            <value>福州魚丸</value>
          </Data>
          <Data name="地區">
            <value>基隆</value>
          </Data>
          <Data name="菜系">
            <value>台式</value>
          </Data>
          <Data name="推薦評審">
            <value>曹銘宗</value>
          </Data>
          <Data name="地址">
            <value>200基隆市仁愛區劉銘傳路6巷25之31號</value>
          </Data>
          <Data name="營業時間">
            <value>07:00–17:00</value>
          </Data>
          <Data name="電話">
            <value>0989 009 483</value>
          </Data>
        </ExtendedData>
      </Placemark>
      <Placemark>
        <name>1976道地香港美食 敦南本店</name>
        <address>1976道地香港美食 敦南本店 豉汁排骨飯 台北 港式 Lulu 黃路梓茵 106臺北市大安區敦化南路一段233巷11號</address>
        <description><![CDATA[總得碗數: 1<br>得獎菜色: 豉汁排骨飯<br>地區: 台北<br>菜系: 港式<br>推薦評審: Lulu 黃路梓茵<br>地址: 106臺北市大安區敦化南路一段233巷11號<br>營業時間: 11:00–20:30<br>電話: 02 2777 1976]]></description>
        <styleUrl>#icon-1899-0288D1-labelson</styleUrl>
        <ExtendedData>
          <Data name="總得碗數">
            <value>1.0</value>
          </Data>
          <Data name="得獎菜色">
            <value>豉汁排骨飯</value>
          </Data>
          <Data name="地區">
            <value>台北</value>
          </Data>
          <Data name="菜系">
            <value>港式</value>
          </Data>
          <Data name="推薦評審">
            <value>Lulu 黃路梓茵</value>
          </Data>
          <Data name="地址">
            <value>106臺北市大安區敦化南路一段233巷11號</value>
          </Data>
          <Data name="營業時間">
            <value>11:00–20:30</value>
          </Data>
          <Data name="電話">
            <value>02 2777 1976</value>
          </Data>
        </ExtendedData>
      </Placemark>
      <Placemark>
        <name>24小吃店</name>
        <address>24小吃店 魯肉飯 台北 台式 李易 112臺北市北投區光明路213號</address>
        <description><![CDATA[總得碗數: 1<br>得獎菜色: 魯肉飯<br>地區: 台北<br>菜系: 台式<br>推薦評審: 李易<br>地址: 112臺北市北投區光明路213號<br>營業時間: 10:00–02:00<br>電話: 02 2894 6381]]></description>
        <styleUrl>#icon-1899-0288D1-labelson</styleUrl>
        <ExtendedData>
          <Data name="總得碗數">
            <value>1.0</value>
          </Data>
          <Data name="得獎菜色">
            <value>魯肉飯</value>
          </Data>
          <Data name="地區">
            <value>台北</value>
          </Data>
          <Data name="菜系">
            <value>台式</value>
          </Data>
          <Data name="推薦評審">
            <value>李易</value>
          </Data>
          <Data name="地址">
            <value>112臺北市北投區光明路213號</value>
          </Data>
          <Data name="營業時間">
            <value>10:00–02:00</value>
          </Data>
          <Data name="電話">
            <value>02 2894 6381</value>
          </Data>
        </ExtendedData>
      </Placemark>
      <Placemark>
        <name>Foldie</name>
        <address>Foldie 核桃培根營養三明治 台北 素食 顏博文 106臺北市大安區忠孝東路四段205巷7弄11號</address>
        <description><![CDATA[總得碗數: 1<br>得獎菜色: 核桃培根營養三明治<br>地區: 台北<br>菜系: 素食<br>推薦評審: 顏博文<br>地址: 106臺北市大安區忠孝東路四段205巷7弄11號<br>營業時間: 11:30–15:30<br>17:00–21:45<br>電話: 02 8773 6020]]></description>
        <styleUrl>#icon-1899-0288D1-labelson</styleUrl>
        <ExtendedData>
          <Data name="總得碗數">
            <value>1.0</value>
          </Data>
          <Data name="得獎菜色">
            <value>核桃培根營養三明治</value>
          </Data>
          <Data name="地區">
            <value>台北</value>
          </Data>
          <Data name="菜系">
            <value>素食</value>
          </Data>
          <Data name="推薦評審">
            <value>顏博文</value>
          </Data>
          <Data name="地址">
            <value>106臺北市大安區忠孝東路四段205巷7弄11號</value>
          </Data>
          <Data name="營業時間">
            <value>11:30–15:30
17:00–21:45</value>
          </Data>
          <Data name="電話">
            <value>02 8773 6020</value>
          </Data>
        </ExtendedData>
      </Placemark>
      <Placemark>
        <name>Hui Fu Teas 薈福村茶</name>
        <address>Hui Fu Teas 薈福村茶 手炒慢燉蕃茄肉醬美人麵 台北 台式 迪拉 115011臺北市南港區忠孝東路七段99號之E108</address>
        <description><![CDATA[總得碗數: 1<br>得獎菜色: 手炒慢燉蕃茄肉醬美人麵<br>地區: 台北<br>菜系: 台式<br>推薦評審: 迪拉<br>地址: 115011臺北市南港區忠孝東路七段99號之E108<br>營業時間: 12:00–19:00<br>電話: 0958 086 318]]></description>
        <styleUrl>#icon-1899-0288D1-labelson</styleUrl>
        <ExtendedData>
          <Data name="總得碗數">
            <value>1.0</value>
          </Data>
          <Data name="得獎菜色">
            <value>手炒慢燉蕃茄肉醬美人麵</value>
          </Data>
          <Data name="地區">
            <value>台北</value>
          </Data>
          <Data name="菜系">
            <value>台式</value>
          </Data>
          <Data name="推薦評審">
            <value>迪拉</value>
          </Data>
          <Data name="地址">
            <value>115011臺北市南港區忠孝東路七段99號之E108</value>
          </Data>
          <Data name="營業時間">
            <value>12:00–19:00</value>
          </Data>
          <Data name="電話">
            <value>0958 086 318</value>
          </Data>
        </ExtendedData>
      </Placemark>
      <Placemark>
        <name>LOUIS’ BURGERS</name>
        <address>LOUIS’ BURGERS 芝麻葉起司漢堡（加點培根） 台北 歐美 馮宇 111臺北市士林區天母東路28號</address>
        <description><![CDATA[總得碗數: 1<br>得獎菜色: 芝麻葉起司漢堡（加點培根）<br>地區: 台北<br>菜系: 歐美<br>推薦評審: 馮宇<br>地址: 111臺北市士林區天母東路28號<br>營業時間: 11:30–14:00<br>15:30–19:30<br>電話: 02 2874 6628]]></description>
        <styleUrl>#icon-1899-0288D1-labelson</styleUrl>
        <ExtendedData>
          <Data name="總得碗數">
            <value>1.0</value>
          </Data>
          <Data name="得獎菜色">
            <value>芝麻葉起司漢堡（加點培根）</value>
          </Data>
          <Data name="地區">
            <value>台北</value>
          </Data>
          <Data name="菜系">
            <value>歐美</value>
          </Data>
          <Data name="推薦評審">
            <value>馮宇</value>
          </Data>
          <Data name="地址">
            <value>111臺北市士林區天母東路28號</value>
          </Data>
          <Data name="營業時間">
            <value>11:30–14:00
15:30–19:30</value>
          </Data>
          <Data name="電話">
            <value>02 2874 6628</value>
          </Data>
        </ExtendedData>
      </Placemark>
      <Placemark>
        <name>NORI BRUNCH</name>
        <address>NORI BRUNCH 蛋餅 台北 台式 劉冠廷 105臺北市松山區民生東路五段36巷4弄24-2號</address>
        <description><![CDATA[總得碗數: 1<br>得獎菜色: 蛋餅<br>地區: 台北<br>菜系: 台式<br>推薦評審: 劉冠廷<br>地址: 105臺北市松山區民生東路五段36巷4弄24-2號<br>營業時間: 07:30–14:30<br>電話: 02 2760 0368]]></description>
        <styleUrl>#icon-1899-0288D1-labelson</styleUrl>
        <ExtendedData>
          <Data name="總得碗數">
            <value>1.0</value>
          </Data>
          <Data name="得獎菜色">
            <value>蛋餅</value>
          </Data>
          <Data name="地區">
            <value>台北</value>
          </Data>
          <Data name="菜系">
            <value>台式</value>
          </Data>
          <Data name="推薦評審">
            <value>劉冠廷</value>
          </Data>
          <Data name="地址">
            <value>105臺北市松山區民生東路五段36巷4弄24-2號</value>
          </Data>
          <Data name="營業時間">
            <value>07:30–14:30</value>
          </Data>
          <Data name="電話">
            <value>02 2760 0368</value>
          </Data>
        </ExtendedData>
      </Placemark>
      <Placemark>
        <name>Pizza Americano 老美披薩</name>
        <address>Pizza Americano 老美披薩 辣味伏特加披薩 台北 歐美 肥波開吃啦 106臺北市大安區安和路二段141號</address>
        <description><![CDATA[總得碗數: 1<br>得獎菜色: 辣味伏特加披薩<br>地區: 台北<br>菜系: 歐美<br>推薦評審: 肥波開吃啦<br>地址: 106臺北市大安區安和路二段141號<br>營業時間: 11:30–14:30<br>17:00–21:00<br>電話: 02 2738 9009]]></description>
        <styleUrl>#icon-1899-0288D1-labelson</styleUrl>
        <ExtendedData>
          <Data name="總得碗數">
            <value>1.0</value>
          </Data>
          <Data name="得獎菜色">
            <value>辣味伏特加披薩</value>
          </Data>
          <Data name="地區">
            <value>台北</value>
          </Data>
          <Data name="菜系">
            <value>歐美</value>
          </Data>
          <Data name="推薦評審">
            <value>肥波開吃啦</value>
          </Data>
          <Data name="地址">
            <value>106臺北市大安區安和路二段141號</value>
          </Data>
          <Data name="營業時間">
            <value>11:30–14:30
17:00–21:00</value>
          </Data>
          <Data name="電話">
            <value>02 2738 9009</value>
          </Data>
        </ExtendedData>
      </Placemark>
      <Placemark>
        <name>Q10旋風式烤玉米</name>
        <address>Q10旋風式烤玉米 和風海苔，漢方藥膳 台北 台式 迪拉 112臺北市北投區西安街一段329號</address>
        <description><![CDATA[總得碗數: 1<br>得獎菜色: 和風海苔，漢方藥膳<br>地區: 台北<br>菜系: 台式<br>推薦評審: 迪拉<br>地址: 112臺北市北投區西安街一段329號<br>營業時間: 15:00–21:00<br>電話: 0975 221 616]]></description>
        <styleUrl>#icon-1899-0288D1-labelson</styleUrl>
        <ExtendedData>
          <Data name="總得碗數">
            <value>1.0</value>
          </Data>
          <Data name="得獎菜色">
            <value>和風海苔，漢方藥膳</value>
          </Data>
          <Data name="地區">
            <value>台北</value>
          </Data>
          <Data name="菜系">
            <value>台式</value>
          </Data>
          <Data name="推薦評審">
            <value>迪拉</value>
          </Data>
          <Data name="地址">
            <value>112臺北市北投區西安街一段329號</value>
          </Data>
          <Data name="營業時間">
            <value>15:00–21:00</value>
          </Data>
          <Data name="電話">
            <value>0975 221 616</value>
          </Data>
        </ExtendedData>
      </Placemark>
      <Placemark>
        <name>SUBBER潛艇堡專賣店</name>
        <address>SUBBER潛艇堡專賣店 起司炭烤牛排潛艇堡 台北 歐美 Hally Chen 111臺北市士林區德行西路60之1號</address>
        <description><![CDATA[總得碗數: 1<br>得獎菜色: 起司炭烤牛排潛艇堡<br>地區: 台北<br>菜系: 歐美<br>推薦評審: Hally Chen<br>地址: 111臺北市士林區德行西路60之1號<br>營業時間: 08:00–20:30<br>電話: 02 2837 6872]]></description>
        <styleUrl>#icon-1899-0288D1-labelson</styleUrl>
        <ExtendedData>
          <Data name="總得碗數">
            <value>1.0</value>
          </Data>
          <Data name="得獎菜色">
            <value>起司炭烤牛排潛艇堡</value>
          </Data>
          <Data name="地區">
            <value>台北</value>
          </Data>
          <Data name="菜系">
            <value>歐美</value>
          </Data>
          <Data name="推薦評審">
            <value>Hally Chen</value>
          </Data>
          <Data name="地址">
            <value>111臺北市士林區德行西路60之1號</value>
          </Data>
          <Data name="營業時間">
            <value>08:00–20:30</value>
          </Data>
          <Data name="電話">
            <value>02 2837 6872</value>
          </Data>
        </ExtendedData>
      </Placemark>
      <Placemark>
        <name>一幻拉麵 台北信義店</name>
        <address>一幻拉麵 台北信義店 原味鮮蝦鹽味拉麵 台北 日式 黃鐙輝 110臺北市信義區松壽路30號1樓</address>
        <description><![CDATA[總得碗數: 1<br>得獎菜色: 原味鮮蝦鹽味拉麵<br>地區: 台北<br>菜系: 日式<br>推薦評審: 黃鐙輝<br>地址: 110臺北市信義區松壽路30號1樓<br>營業時間: 11:30–14:30<br>17:00–21:00<br>電話: 02 2723 5578]]></description>
        <styleUrl>#icon-1899-0288D1-labelson</styleUrl>
        <ExtendedData>
          <Data name="總得碗數">
            <value>1.0</value>
          </Data>
          <Data name="得獎菜色">
            <value>原味鮮蝦鹽味拉麵</value>
          </Data>
          <Data name="地區">
            <value>台北</value>
          </Data>
          <Data name="菜系">
            <value>日式</value>
          </Data>
          <Data name="推薦評審">
            <value>黃鐙輝</value>
          </Data>
          <Data name="地址">
            <value>110臺北市信義區松壽路30號1樓</value>
          </Data>
          <Data name="營業時間">
            <value>11:30–14:30
17:00–21:00</value>
          </Data>
          <Data name="電話">
            <value>02 2723 5578</value>
          </Data>
        </ExtendedData>
      </Placemark>
      <Placemark>
        <name>一甲子餐飲</name>
        <address>一甲子餐飲 刈包 台北 台式 阿滴 108臺北市萬華區康定路79號</address>
        <description><![CDATA[總得碗數: 1<br>得獎菜色: 刈包<br>地區: 台北<br>菜系: 台式<br>推薦評審: 阿滴<br>地址: 108臺北市萬華區康定路79號<br>營業時間: 09:00–19:00<br>電話: 02 2311 5241]]></description>
        <styleUrl>#icon-1899-0288D1-labelson</styleUrl>
        <ExtendedData>
          <Data name="總得碗數">
            <value>1.0</value>
          </Data>
          <Data name="得獎菜色">
            <value>刈包</value>
          </Data>
          <Data name="地區">
            <value>台北</value>
          </Data>
          <Data name="菜系">
            <value>台式</value>
          </Data>
          <Data name="推薦評審">
            <value>阿滴</value>
          </Data>
          <Data name="地址">
            <value>108臺北市萬華區康定路79號</value>
          </Data>
          <Data name="營業時間">
            <value>09:00–19:00</value>
          </Data>
          <Data name="電話">
            <value>02 2311 5241</value>
          </Data>
        </ExtendedData>
      </Placemark>
      <Placemark>
        <name>三姐鵝肉</name>
        <address>三姐鵝肉 米血 湯麵 台北 台式 李易 108臺北市萬華區大理街170巷1弄7號</address>
        <description><![CDATA[總得碗數: 1<br>得獎菜色: 米血 湯麵<br>地區: 台北<br>菜系: 台式<br>推薦評審: 李易<br>地址: 108臺北市萬華區大理街170巷1弄7號<br>營業時間: 09:30–12:30<br>電話: 02 2306 8686]]></description>
        <styleUrl>#icon-1899-0288D1-labelson</styleUrl>
        <ExtendedData>
          <Data name="總得碗數">
            <value>1.0</value>
          </Data>
          <Data name="得獎菜色">
            <value>米血 湯麵</value>
          </Data>
          <Data name="地區">
            <value>台北</value>
          </Data>
          <Data name="菜系">
            <value>台式</value>
          </Data>
          <Data name="推薦評審">
            <value>李易</value>
          </Data>
          <Data name="地址">
            <value>108臺北市萬華區大理街170巷1弄7號</value>
          </Data>
          <Data name="營業時間">
            <value>09:30–12:30</value>
          </Data>
          <Data name="電話">
            <value>02 2306 8686</value>
          </Data>
        </ExtendedData>
      </Placemark>
      <Placemark>
        <name>丫川水煎包</name>
        <address>丫川水煎包 水煎包 台北 台式 可播兄弟 112臺北市北投區裕民一路34號</address>
        <description><![CDATA[總得碗數: 1<br>得獎菜色: 水煎包<br>地區: 台北<br>菜系: 台式<br>推薦評審: 可播兄弟<br>地址: 112臺北市北投區裕民一路34號<br>營業時間: 12:00–21:00<br>電話: ]]></description>
        <styleUrl>#icon-1899-0288D1-labelson</styleUrl>
        <ExtendedData>
          <Data name="總得碗數">
            <value>1.0</value>
          </Data>
          <Data name="得獎菜色">
            <value>水煎包</value>
          </Data>
          <Data name="地區">
            <value>台北</value>
          </Data>
          <Data name="菜系">
            <value>台式</value>
          </Data>
          <Data name="推薦評審">
            <value>可播兄弟</value>
          </Data>
          <Data name="地址">
            <value>112臺北市北投區裕民一路34號</value>
          </Data>
          <Data name="營業時間">
            <value>12:00–21:00</value>
          </Data>
          <Data name="電話">
            <value/>
          </Data>
        </ExtendedData>
      </Placemark>
      <Placemark>
        <name>士東市場137號米粉湯</name>
        <address>士東市場137號米粉湯 米粉湯 嘴邊肉 肝連 台北 台式 陳泰銘 111臺北市士林區士東路100號</address>
        <description><![CDATA[總得碗數: 1<br>得獎菜色: 米粉湯 嘴邊肉 肝連<br>地區: 台北<br>菜系: 台式<br>推薦評審: 陳泰銘<br>地址: 111臺北市士林區士東路100號<br>營業時間: 07:00–14:00<br>電話: 02 2834 1327]]></description>
        <styleUrl>#icon-1899-0288D1-labelson</styleUrl>
        <ExtendedData>
          <Data name="總得碗數">
            <value>1.0</value>
          </Data>
          <Data name="得獎菜色">
            <value>米粉湯 嘴邊肉 肝連</value>
          </Data>
          <Data name="地區">
            <value>台北</value>
          </Data>
          <Data name="菜系">
            <value>台式</value>
          </Data>
          <Data name="推薦評審">
            <value>陳泰銘</value>
          </Data>
          <Data name="地址">
            <value>111臺北市士林區士東路100號</value>
          </Data>
          <Data name="營業時間">
            <value>07:00–14:00</value>
          </Data>
          <Data name="電話">
            <value>02 2834 1327</value>
          </Data>
        </ExtendedData>
      </Placemark>
      <Placemark>
        <name>大佳牛雜湯</name>
        <address>大佳牛雜湯 牛雜麵 台北 台式 劉恒昌 114臺北市內湖區康寧路一段108號</address>
        <description><![CDATA[總得碗數: 1<br>得獎菜色: 牛雜麵<br>地區: 台北<br>菜系: 台式<br>推薦評審: 劉恒昌<br>地址: 114臺北市內湖區康寧路一段108號<br>營業時間: 10:00–20:30<br>電話: 02 2792 3193]]></description>
        <styleUrl>#icon-1899-0288D1-labelson</styleUrl>
        <ExtendedData>
          <Data name="總得碗數">
            <value>1.0</value>
          </Data>
          <Data name="得獎菜色">
            <value>牛雜麵</value>
          </Data>
          <Data name="地區">
            <value>台北</value>
          </Data>
          <Data name="菜系">
            <value>台式</value>
          </Data>
          <Data name="推薦評審">
            <value>劉恒昌</value>
          </Data>
          <Data name="地址">
            <value>114臺北市內湖區康寧路一段108號</value>
          </Data>
          <Data name="營業時間">
            <value>10:00–20:30</value>
          </Data>
          <Data name="電話">
            <value>02 2792 3193</value>
          </Data>
        </ExtendedData>
      </Placemark>
      <Placemark>
        <name>大樹下古早麵 </name>
        <address>大樹下古早麵  粿仔條羹 台北 台式 朱𩃀理 111臺北市士林區通河街325巷44號</address>
        <description><![CDATA[總得碗數: 1<br>得獎菜色: 粿仔條羹<br>地區: 台北<br>菜系: 台式<br>推薦評審: 朱𩃀理<br>地址: 111臺北市士林區通河街325巷44號<br>營業時間: 05:00–15:30<br>電話: 02 2882 2301]]></description>
        <styleUrl>#icon-1899-0288D1-labelson</styleUrl>
        <ExtendedData>
          <Data name="總得碗數">
            <value>1.0</value>
          </Data>
          <Data name="得獎菜色">
            <value>粿仔條羹</value>
          </Data>
          <Data name="地區">
            <value>台北</value>
          </Data>
          <Data name="菜系">
            <value>台式</value>
          </Data>
          <Data name="推薦評審">
            <value>朱𩃀理</value>
          </Data>
          <Data name="地址">
            <value>111臺北市士林區通河街325巷44號</value>
          </Data>
          <Data name="營業時間">
            <value>05:00–15:30</value>
          </Data>
          <Data name="電話">
            <value>02 2882 2301</value>
          </Data>
        </ExtendedData>
      </Placemark>
      <Placemark>
        <name>大膽牛腩麵</name>
        <address>大膽牛腩麵 牛腩雲吞麵 台北 台式 湯智鈞 10478臺北市中山區遼寧街222號</address>
        <description><![CDATA[總得碗數: 1<br>得獎菜色: 牛腩雲吞麵<br>地區: 台北<br>菜系: 台式<br>推薦評審: 湯智鈞<br>地址: 10478臺北市中山區遼寧街222號<br>營業時間: 11:30–15:30<br>17:00–20:30<br>電話: 02 2518 2699]]></description>
        <styleUrl>#icon-1899-0288D1-labelson</styleUrl>
        <ExtendedData>
          <Data name="總得碗數">
            <value>1.0</value>
          </Data>
          <Data name="得獎菜色">
            <value>牛腩雲吞麵</value>
          </Data>
          <Data name="地區">
            <value>台北</value>
          </Data>
          <Data name="菜系">
            <value>台式</value>
          </Data>
          <Data name="推薦評審">
            <value>湯智鈞</value>
          </Data>
          <Data name="地址">
            <value>10478臺北市中山區遼寧街222號</value>
          </Data>
          <Data name="營業時間">
            <value>11:30–15:30
17:00–20:30</value>
          </Data>
          <Data name="電話">
            <value>02 2518 2699</value>
          </Data>
        </ExtendedData>
      </Placemark>
      <Placemark>
        <name>小王煮瓜</name>
        <address>小王煮瓜 魯肉飯 台北 台式 阿滴 108臺北市萬華區華西街17之4號攤位153號</address>
        <description><![CDATA[總得碗數: 1<br>得獎菜色: 魯肉飯<br>地區: 台北<br>菜系: 台式<br>推薦評審: 阿滴<br>地址: 108臺北市萬華區華西街17之4號攤位153號<br>營業時間: 09:30–20:00<br>電話: 02 2370 7118]]></description>
        <styleUrl>#icon-1899-0288D1-labelson</styleUrl>
        <ExtendedData>
          <Data name="總得碗數">
            <value>1.0</value>
          </Data>
          <Data name="得獎菜色">
            <value>魯肉飯</value>
          </Data>
          <Data name="地區">
            <value>台北</value>
          </Data>
          <Data name="菜系">
            <value>台式</value>
          </Data>
          <Data name="推薦評審">
            <value>阿滴</value>
          </Data>
          <Data name="地址">
            <value>108臺北市萬華區華西街17之4號攤位153號</value>
          </Data>
          <Data name="營業時間">
            <value>09:30–20:00</value>
          </Data>
          <Data name="電話">
            <value>02 2370 7118</value>
          </Data>
        </ExtendedData>
      </Placemark>
      <Placemark>
        <name><![CDATA[小杜麵館 Chapman's Noodles]]></name>
        <address><![CDATA[小杜麵館 Chapman's Noodles 沖浪韭黃鮮蝦雲吞生麵 台北 台式 宇宙人 106臺北市大安區復興南路一段107巷5弄15號]]></address>
        <description><![CDATA[總得碗數: 1<br>得獎菜色: 沖浪韭黃鮮蝦雲吞生麵<br>地區: 台北<br>菜系: 台式<br>推薦評審: 宇宙人<br>地址: 106臺北市大安區復興南路一段107巷5弄15號<br>營業時間: 12:00–15:00<br>18:00–21:00<br>電話: ]]></description>
        <styleUrl>#icon-1899-0288D1-labelson</styleUrl>
        <ExtendedData>
          <Data name="總得碗數">
            <value>1.0</value>
          </Data>
          <Data name="得獎菜色">
            <value>沖浪韭黃鮮蝦雲吞生麵</value>
          </Data>
          <Data name="地區">
            <value>台北</value>
          </Data>
          <Data name="菜系">
            <value>台式</value>
          </Data>
          <Data name="推薦評審">
            <value>宇宙人</value>
          </Data>
          <Data name="地址">
            <value>106臺北市大安區復興南路一段107巷5弄15號</value>
          </Data>
          <Data name="營業時間">
            <value>12:00–15:00
18:00–21:00</value>
          </Data>
          <Data name="電話">
            <value/>
          </Data>
        </ExtendedData>
      </Placemark>
      <Placemark>
        <name>小良絆-涼麵專門店 Bancoldnoodle</name>
        <address>小良絆-涼麵專門店 Bancoldnoodle 日式辣油涼麵（葷） 台北 台式 Hally Chen 103臺北市大同區赤峰街81號之一</address>
        <description><![CDATA[總得碗數: 1<br>得獎菜色: 日式辣油涼麵（葷）<br>地區: 台北<br>菜系: 台式<br>推薦評審: Hally Chen<br>地址: 103臺北市大同區赤峰街81號之一<br>營業時間: 11:30–14:00<br>17:30–20:00<br>電話: 0935 194 300]]></description>
        <styleUrl>#icon-1899-0288D1-labelson</styleUrl>
        <ExtendedData>
          <Data name="總得碗數">
            <value>1.0</value>
          </Data>
          <Data name="得獎菜色">
            <value>日式辣油涼麵（葷）</value>
          </Data>
          <Data name="地區">
            <value>台北</value>
          </Data>
          <Data name="菜系">
            <value>台式</value>
          </Data>
          <Data name="推薦評審">
            <value>Hally Chen</value>
          </Data>
          <Data name="地址">
            <value>103臺北市大同區赤峰街81號之一</value>
          </Data>
          <Data name="營業時間">
            <value>11:30–14:00
17:30–20:00</value>
          </Data>
          <Data name="電話">
            <value>0935 194 300</value>
          </Data>
        </ExtendedData>
      </Placemark>
      <Placemark>
        <name>小林麵館</name>
        <address>小林麵館 麻辣鴨血豆腐牛肉麵 台北 台式 宇宙人 100臺北市中正區金門街10號</address>
        <description><![CDATA[總得碗數: 1<br>得獎菜色: 麻辣鴨血豆腐牛肉麵<br>地區: 台北<br>菜系: 台式<br>推薦評審: 宇宙人<br>地址: 100臺北市中正區金門街10號<br>營業時間: 11:15–14:00<br>17:15–20:00<br>電話: 02 2363 8815]]></description>
        <styleUrl>#icon-1899-0288D1-labelson</styleUrl>
        <ExtendedData>
          <Data name="總得碗數">
            <value>1.0</value>
          </Data>
          <Data name="得獎菜色">
            <value>麻辣鴨血豆腐牛肉麵</value>
          </Data>
          <Data name="地區">
            <value>台北</value>
          </Data>
          <Data name="菜系">
            <value>台式</value>
          </Data>
          <Data name="推薦評審">
            <value>宇宙人</value>
          </Data>
          <Data name="地址">
            <value>100臺北市中正區金門街10號</value>
          </Data>
          <Data name="營業時間">
            <value>11:15–14:00
17:15–20:00</value>
          </Data>
          <Data name="電話">
            <value>02 2363 8815</value>
          </Data>
        </ExtendedData>
      </Placemark>
      <Placemark>
        <name>小紅莓石頭火鍋</name>
        <address>小紅莓石頭火鍋 石頭火鍋 台北 台式 鍾欣凌 10584臺北市松山區寶清街24號1樓</address>
        <description><![CDATA[總得碗數: 1<br>得獎菜色: 石頭火鍋<br>地區: 台北<br>菜系: 台式<br>推薦評審: 鍾欣凌<br>地址: 10584臺北市松山區寶清街24號1樓<br>營業時間: 11:30–22:30<br>電話: 02 2767 6131]]></description>
        <styleUrl>#icon-1899-0288D1-labelson</styleUrl>
        <ExtendedData>
          <Data name="總得碗數">
            <value>1.0</value>
          </Data>
          <Data name="得獎菜色">
            <value>石頭火鍋</value>
          </Data>
          <Data name="地區">
            <value>台北</value>
          </Data>
          <Data name="菜系">
            <value>台式</value>
          </Data>
          <Data name="推薦評審">
            <value>鍾欣凌</value>
          </Data>
          <Data name="地址">
            <value>10584臺北市松山區寶清街24號1樓</value>
          </Data>
          <Data name="營業時間">
            <value>11:30–22:30</value>
          </Data>
          <Data name="電話">
            <value>02 2767 6131</value>
          </Data>
        </ExtendedData>
      </Placemark>
      <Placemark>
        <name>小都都水煎包</name>
        <address>小都都水煎包 水煎包 台北 台式 迪拉 100臺北市中正區中華路二段315巷41號</address>
        <description><![CDATA[總得碗數: 1<br>得獎菜色: 水煎包<br>地區: 台北<br>菜系: 台式<br>推薦評審: 迪拉<br>地址: 100臺北市中正區中華路二段315巷41號<br>營業時間: <br>電話: ]]></description>
        <styleUrl>#icon-1899-0288D1-labelson</styleUrl>
        <ExtendedData>
          <Data name="總得碗數">
            <value>1.0</value>
          </Data>
          <Data name="得獎菜色">
            <value>水煎包</value>
          </Data>
          <Data name="地區">
            <value>台北</value>
          </Data>
          <Data name="菜系">
            <value>台式</value>
          </Data>
          <Data name="推薦評審">
            <value>迪拉</value>
          </Data>
          <Data name="地址">
            <value>100臺北市中正區中華路二段315巷41號</value>
          </Data>
          <Data name="營業時間">
            <value/>
          </Data>
          <Data name="電話">
            <value/>
          </Data>
        </ExtendedData>
      </Placemark>
      <Placemark>
        <name>小辣椒魷魚羹</name>
        <address>小辣椒魷魚羹 魷魚羹 台北 台式 鍾欣凌 106臺北市大安區和平東路二段267之1號</address>
        <description><![CDATA[總得碗數: 1<br>得獎菜色: 魷魚羹<br>地區: 台北<br>菜系: 台式<br>推薦評審: 鍾欣凌<br>地址: 106臺北市大安區和平東路二段267之1號<br>營業時間: 10:30–20:00<br>電話: 02 2784 8586]]></description>
        <styleUrl>#icon-1899-0288D1-labelson</styleUrl>
        <ExtendedData>
          <Data name="總得碗數">
            <value>1.0</value>
          </Data>
          <Data name="得獎菜色">
            <value>魷魚羹</value>
          </Data>
          <Data name="地區">
            <value>台北</value>
          </Data>
          <Data name="菜系">
            <value>台式</value>
          </Data>
          <Data name="推薦評審">
            <value>鍾欣凌</value>
          </Data>
          <Data name="地址">
            <value>106臺北市大安區和平東路二段267之1號</value>
          </Data>
          <Data name="營業時間">
            <value>10:30–20:00</value>
          </Data>
          <Data name="電話">
            <value>02 2784 8586</value>
          </Data>
        </ExtendedData>
      </Placemark>
      <Placemark>
        <name>小龍飲食</name>
        <address>小龍飲食 大豆乾 台北 台式 湯智鈞 105050臺北市松山區光復南路13巷31號一樓</address>
        <description><![CDATA[總得碗數: 1<br>得獎菜色: 大豆乾<br>地區: 台北<br>菜系: 台式<br>推薦評審: 湯智鈞<br>地址: 105050臺北市松山區光復南路13巷31號一樓<br>營業時間: 11:00–21:00<br>電話: 02 2768 5661]]></description>
        <styleUrl>#icon-1899-0288D1-labelson</styleUrl>
        <ExtendedData>
          <Data name="總得碗數">
            <value>1.0</value>
          </Data>
          <Data name="得獎菜色">
            <value>大豆乾</value>
          </Data>
          <Data name="地區">
            <value>台北</value>
          </Data>
          <Data name="菜系">
            <value>台式</value>
          </Data>
          <Data name="推薦評審">
            <value>湯智鈞</value>
          </Data>
          <Data name="地址">
            <value>105050臺北市松山區光復南路13巷31號一樓</value>
          </Data>
          <Data name="營業時間">
            <value>11:00–21:00</value>
          </Data>
          <Data name="電話">
            <value>02 2768 5661</value>
          </Data>
        </ExtendedData>
      </Placemark>
      <Placemark>
        <name>五草車中華食館 南昌店</name>
        <address>五草車中華食館 南昌店 肉絲蛋炒飯 台北 台式 阿滴 100臺北市中正區南昌路二段188號</address>
        <description><![CDATA[總得碗數: 1<br>得獎菜色: 肉絲蛋炒飯<br>地區: 台北<br>菜系: 台式<br>推薦評審: 阿滴<br>地址: 100臺北市中正區南昌路二段188號<br>營業時間: 11:30–20:40<br>電話: 02 2368 1950]]></description>
        <styleUrl>#icon-1899-0288D1-labelson</styleUrl>
        <ExtendedData>
          <Data name="總得碗數">
            <value>1.0</value>
          </Data>
          <Data name="得獎菜色">
            <value>肉絲蛋炒飯</value>
          </Data>
          <Data name="地區">
            <value>台北</value>
          </Data>
          <Data name="菜系">
            <value>台式</value>
          </Data>
          <Data name="推薦評審">
            <value>阿滴</value>
          </Data>
          <Data name="地址">
            <value>100臺北市中正區南昌路二段188號</value>
          </Data>
          <Data name="營業時間">
            <value>11:30–20:40</value>
          </Data>
          <Data name="電話">
            <value>02 2368 1950</value>
          </Data>
        </ExtendedData>
      </Placemark>
      <Placemark>
        <name>仁愛魚丸冬粉</name>
        <address>仁愛魚丸冬粉 魚丸冬粉（辣菜） 台北 台式 馮宇 106臺北市大安區復興南路一段340巷32號</address>
        <description><![CDATA[總得碗數: 1<br>得獎菜色: 魚丸冬粉（辣菜）<br>地區: 台北<br>菜系: 台式<br>推薦評審: 馮宇<br>地址: 106臺北市大安區復興南路一段340巷32號<br>營業時間: 05:30–14:00<br>電話: 02 2702 3322]]></description>
        <styleUrl>#icon-1899-0288D1-labelson</styleUrl>
        <ExtendedData>
          <Data name="總得碗數">
            <value>1.0</value>
          </Data>
          <Data name="得獎菜色">
            <value>魚丸冬粉（辣菜）</value>
          </Data>
          <Data name="地區">
            <value>台北</value>
          </Data>
          <Data name="菜系">
            <value>台式</value>
          </Data>
          <Data name="推薦評審">
            <value>馮宇</value>
          </Data>
          <Data name="地址">
            <value>106臺北市大安區復興南路一段340巷32號</value>
          </Data>
          <Data name="營業時間">
            <value>05:30–14:00</value>
          </Data>
          <Data name="電話">
            <value>02 2702 3322</value>
          </Data>
        </ExtendedData>
      </Placemark>
      <Placemark>
        <name>公園餡餅粥</name>
        <address>公園餡餅粥 褡褳火燒 台北 中式 湯智鈞 110臺北市信義區虎林街164巷19號</address>
        <description><![CDATA[總得碗數: 1<br>得獎菜色: 褡褳火燒<br>地區: 台北<br>菜系: 中式<br>推薦評審: 湯智鈞<br>地址: 110臺北市信義區虎林街164巷19號<br>營業時間: 11:00–14:00<br>17:00–20:00<br>電話: 02 2722 9241]]></description>
        <styleUrl>#icon-1899-0288D1-labelson</styleUrl>
        <ExtendedData>
          <Data name="總得碗數">
            <value>1.0</value>
          </Data>
          <Data name="得獎菜色">
            <value>褡褳火燒</value>
          </Data>
          <Data name="地區">
            <value>台北</value>
          </Data>
          <Data name="菜系">
            <value>中式</value>
          </Data>
          <Data name="推薦評審">
            <value>湯智鈞</value>
          </Data>
          <Data name="地址">
            <value>110臺北市信義區虎林街164巷19號</value>
          </Data>
          <Data name="營業時間">
            <value>11:00–14:00
17:00–20:00</value>
          </Data>
          <Data name="電話">
            <value>02 2722 9241</value>
          </Data>
        </ExtendedData>
      </Placemark>
      <Placemark>
        <name>天母豆漿</name>
        <address>天母豆漿 高麗菜蛋餅 台北 台式 葉怡蘭 111臺北市士林區德行東路264-1號</address>
        <description><![CDATA[總得碗數: 1<br>得獎菜色: 高麗菜蛋餅<br>地區: 台北<br>菜系: 台式<br>推薦評審: 葉怡蘭<br>地址: 111臺北市士林區德行東路264-1號<br>營業時間: 05:00–02:00<br>電話: 02 2838 4411]]></description>
        <styleUrl>#icon-1899-0288D1-labelson</styleUrl>
        <ExtendedData>
          <Data name="總得碗數">
            <value>1.0</value>
          </Data>
          <Data name="得獎菜色">
            <value>高麗菜蛋餅</value>
          </Data>
          <Data name="地區">
            <value>台北</value>
          </Data>
          <Data name="菜系">
            <value>台式</value>
          </Data>
          <Data name="推薦評審">
            <value>葉怡蘭</value>
          </Data>
          <Data name="地址">
            <value>111臺北市士林區德行東路264-1號</value>
          </Data>
          <Data name="營業時間">
            <value>05:00–02:00</value>
          </Data>
          <Data name="電話">
            <value>02 2838 4411</value>
          </Data>
        </ExtendedData>
      </Placemark>
      <Placemark>
        <name>天東86牛肉麵 天母店</name>
        <address>天東86牛肉麵 天母店 天東霸王滷＋牛肉切盤 台北 台式 迪拉 11153臺北市士林區天母東路86號</address>
        <description><![CDATA[總得碗數: 1<br>得獎菜色: 天東霸王滷＋牛肉切盤<br>地區: 台北<br>菜系: 台式<br>推薦評審: 迪拉<br>地址: 11153臺北市士林區天母東路86號<br>營業時間: 11:30–14:30<br>17:00–20:30<br>電話: 02 2873 4649]]></description>
        <styleUrl>#icon-1899-0288D1-labelson</styleUrl>
        <ExtendedData>
          <Data name="總得碗數">
            <value>1.0</value>
          </Data>
          <Data name="得獎菜色">
            <value>天東霸王滷＋牛肉切盤</value>
          </Data>
          <Data name="地區">
            <value>台北</value>
          </Data>
          <Data name="菜系">
            <value>台式</value>
          </Data>
          <Data name="推薦評審">
            <value>迪拉</value>
          </Data>
          <Data name="地址">
            <value>11153臺北市士林區天母東路86號</value>
          </Data>
          <Data name="營業時間">
            <value>11:30–14:30
17:00–20:30</value>
          </Data>
          <Data name="電話">
            <value>02 2873 4649</value>
          </Data>
        </ExtendedData>
      </Placemark>
      <Placemark>
        <name>木柵老爹鵝肉專賣店</name>
        <address>木柵老爹鵝肉專賣店 綜合鵝雜 台北 台式 沈方正 116臺北市文山區木新路三段9號</address>
        <description><![CDATA[總得碗數: 1<br>得獎菜色: 綜合鵝雜<br>地區: 台北<br>菜系: 台式<br>推薦評審: 沈方正<br>地址: 116臺北市文山區木新路三段9號<br>營業時間: 11:30–20:00<br>電話: 02 2937 2448]]></description>
        <styleUrl>#icon-1899-0288D1-labelson</styleUrl>
        <ExtendedData>
          <Data name="總得碗數">
            <value>1.0</value>
          </Data>
          <Data name="得獎菜色">
            <value>綜合鵝雜</value>
          </Data>
          <Data name="地區">
            <value>台北</value>
          </Data>
          <Data name="菜系">
            <value>台式</value>
          </Data>
          <Data name="推薦評審">
            <value>沈方正</value>
          </Data>
          <Data name="地址">
            <value>116臺北市文山區木新路三段9號</value>
          </Data>
          <Data name="營業時間">
            <value>11:30–20:00</value>
          </Data>
          <Data name="電話">
            <value>02 2937 2448</value>
          </Data>
        </ExtendedData>
      </Placemark>
      <Placemark>
        <name>北一菜盒店</name>
        <address>北一菜盒店 韭菜盒 台北 台式 蔣勳 110臺北市信義區信義路六段102號</address>
        <description><![CDATA[總得碗數: 1<br>得獎菜色: 韭菜盒<br>地區: 台北<br>菜系: 台式<br>推薦評審: 蔣勳<br>地址: 110臺北市信義區信義路六段102號<br>營業時間: 09:30–20:00<br>電話: 02 2726 7627]]></description>
        <styleUrl>#icon-1899-0288D1-labelson</styleUrl>
        <ExtendedData>
          <Data name="總得碗數">
            <value>1.0</value>
          </Data>
          <Data name="得獎菜色">
            <value>韭菜盒</value>
          </Data>
          <Data name="地區">
            <value>台北</value>
          </Data>
          <Data name="菜系">
            <value>台式</value>
          </Data>
          <Data name="推薦評審">
            <value>蔣勳</value>
          </Data>
          <Data name="地址">
            <value>110臺北市信義區信義路六段102號</value>
          </Data>
          <Data name="營業時間">
            <value>09:30–20:00</value>
          </Data>
          <Data name="電話">
            <value>02 2726 7627</value>
          </Data>
        </ExtendedData>
      </Placemark>
      <Placemark>
        <name>古亭三六九包子</name>
        <address>古亭三六九包子 鮮肉包 台北 台式 宇宙人 100臺北市中正區同安街49號1樓</address>
        <description><![CDATA[總得碗數: 1<br>得獎菜色: 鮮肉包<br>地區: 台北<br>菜系: 台式<br>推薦評審: 宇宙人<br>地址: 100臺北市中正區同安街49號1樓<br>營業時間: 06:00–12:30<br>電話: 02 2363 5950]]></description>
        <styleUrl>#icon-1899-0288D1-labelson</styleUrl>
        <ExtendedData>
          <Data name="總得碗數">
            <value>1.0</value>
          </Data>
          <Data name="得獎菜色">
            <value>鮮肉包</value>
          </Data>
          <Data name="地區">
            <value>台北</value>
          </Data>
          <Data name="菜系">
            <value>台式</value>
          </Data>
          <Data name="推薦評審">
            <value>宇宙人</value>
          </Data>
          <Data name="地址">
            <value>100臺北市中正區同安街49號1樓</value>
          </Data>
          <Data name="營業時間">
            <value>06:00–12:30</value>
          </Data>
          <Data name="電話">
            <value>02 2363 5950</value>
          </Data>
        </ExtendedData>
      </Placemark>
      <Placemark>
        <name>史大華精緻麵食安和店</name>
        <address>史大華精緻麵食安和店 泡菜肉末湯麵 台北 台式 馮宇 106臺北市大安區安和路二段145號</address>
        <description><![CDATA[總得碗數: 1<br>得獎菜色: 泡菜肉末湯麵<br>地區: 台北<br>菜系: 台式<br>推薦評審: 馮宇<br>地址: 106臺北市大安區安和路二段145號<br>營業時間: 11:30–14:30<br>17:00–21:00<br>電話: 02 2738 8788]]></description>
        <styleUrl>#icon-1899-0288D1-labelson</styleUrl>
        <ExtendedData>
          <Data name="總得碗數">
            <value>1.0</value>
          </Data>
          <Data name="得獎菜色">
            <value>泡菜肉末湯麵</value>
          </Data>
          <Data name="地區">
            <value>台北</value>
          </Data>
          <Data name="菜系">
            <value>台式</value>
          </Data>
          <Data name="推薦評審">
            <value>馮宇</value>
          </Data>
          <Data name="地址">
            <value>106臺北市大安區安和路二段145號</value>
          </Data>
          <Data name="營業時間">
            <value>11:30–14:30
17:00–21:00</value>
          </Data>
          <Data name="電話">
            <value>02 2738 8788</value>
          </Data>
        </ExtendedData>
      </Placemark>
      <Placemark>
        <name>四鄉五島馬祖麵店</name>
        <address>四鄉五島馬祖麵店 大碗黑麻麵 台北 台式 陳陸寬 10491臺北市中山區遼寧街7號</address>
        <description><![CDATA[總得碗數: 1<br>得獎菜色: 大碗黑麻麵<br>地區: 台北<br>菜系: 台式<br>推薦評審: 陳陸寬<br>地址: 10491臺北市中山區遼寧街7號<br>營業時間: 09:00–02:00<br>電話: 02 2771 5406]]></description>
        <styleUrl>#icon-1899-0288D1-labelson</styleUrl>
        <ExtendedData>
          <Data name="總得碗數">
            <value>1.0</value>
          </Data>
          <Data name="得獎菜色">
            <value>大碗黑麻麵</value>
          </Data>
          <Data name="地區">
            <value>台北</value>
          </Data>
          <Data name="菜系">
            <value>台式</value>
          </Data>
          <Data name="推薦評審">
            <value>陳陸寬</value>
          </Data>
          <Data name="地址">
            <value>10491臺北市中山區遼寧街7號</value>
          </Data>
          <Data name="營業時間">
            <value>09:00–02:00</value>
          </Data>
          <Data name="電話">
            <value>02 2771 5406</value>
          </Data>
        </ExtendedData>
      </Placemark>
      <Placemark>
        <name>巧之味水餃</name>
        <address>巧之味水餃 干貝綠藻皮水餃 台北 台式 李易 100臺北市中正區濟南路二段6號</address>
        <description><![CDATA[總得碗數: 1<br>得獎菜色: 干貝綠藻皮水餃<br>地區: 台北<br>菜系: 台式<br>推薦評審: 李易<br>地址: 100臺北市中正區濟南路二段6號<br>營業時間: 11:00–19:00<br>電話: 02 2321 4693]]></description>
        <styleUrl>#icon-1899-0288D1-labelson</styleUrl>
        <ExtendedData>
          <Data name="總得碗數">
            <value>1.0</value>
          </Data>
          <Data name="得獎菜色">
            <value>干貝綠藻皮水餃</value>
          </Data>
          <Data name="地區">
            <value>台北</value>
          </Data>
          <Data name="菜系">
            <value>台式</value>
          </Data>
          <Data name="推薦評審">
            <value>李易</value>
          </Data>
          <Data name="地址">
            <value>100臺北市中正區濟南路二段6號</value>
          </Data>
          <Data name="營業時間">
            <value>11:00–19:00</value>
          </Data>
          <Data name="電話">
            <value>02 2321 4693</value>
          </Data>
        </ExtendedData>
      </Placemark>
      <Placemark>
        <name>正記麻油料理</name>
        <address>正記麻油料理 麻油腰只 台北 台式 沈方正 104臺北市中山區遼寧街朱崙街（遼寧街夜市內）</address>
        <description><![CDATA[總得碗數: 1<br>得獎菜色: 麻油腰只<br>地區: 台北<br>菜系: 台式<br>推薦評審: 沈方正<br>地址: 104臺北市中山區遼寧街朱崙街（遼寧街夜市內）<br>營業時間: 16:30–23:00<br>電話: 0939 671 850]]></description>
        <styleUrl>#icon-1899-0288D1-labelson</styleUrl>
        <ExtendedData>
          <Data name="總得碗數">
            <value>1.0</value>
          </Data>
          <Data name="得獎菜色">
            <value>麻油腰只</value>
          </Data>
          <Data name="地區">
            <value>台北</value>
          </Data>
          <Data name="菜系">
            <value>台式</value>
          </Data>
          <Data name="推薦評審">
            <value>沈方正</value>
          </Data>
          <Data name="地址">
            <value>104臺北市中山區遼寧街朱崙街（遼寧街夜市內）</value>
          </Data>
          <Data name="營業時間">
            <value>16:30–23:00</value>
          </Data>
          <Data name="電話">
            <value>0939 671 850</value>
          </Data>
        </ExtendedData>
      </Placemark>
      <Placemark>
        <name>永康牛肉麵</name>
        <address>永康牛肉麵 四川泡菜 台北 台式 馮宇 106臺北市大安區金山南路二段31巷17號</address>
        <description><![CDATA[總得碗數: 1<br>得獎菜色: 四川泡菜<br>地區: 台北<br>菜系: 台式<br>推薦評審: 馮宇<br>地址: 106臺北市大安區金山南路二段31巷17號<br>營業時間: 11:00–20:30<br>電話: 02 2351 1051]]></description>
        <styleUrl>#icon-1899-0288D1-labelson</styleUrl>
        <ExtendedData>
          <Data name="總得碗數">
            <value>1.0</value>
          </Data>
          <Data name="得獎菜色">
            <value>四川泡菜</value>
          </Data>
          <Data name="地區">
            <value>台北</value>
          </Data>
          <Data name="菜系">
            <value>台式</value>
          </Data>
          <Data name="推薦評審">
            <value>馮宇</value>
          </Data>
          <Data name="地址">
            <value>106臺北市大安區金山南路二段31巷17號</value>
          </Data>
          <Data name="營業時間">
            <value>11:00–20:30</value>
          </Data>
          <Data name="電話">
            <value>02 2351 1051</value>
          </Data>
        </ExtendedData>
      </Placemark>
      <Placemark>
        <name>石牌無名手工蛋餅</name>
        <address>石牌無名手工蛋餅 手工蛋餅 台北 台式 江振誠 112臺北市北投區實踐街48巷7號</address>
        <description><![CDATA[總得碗數: 1<br>得獎菜色: 手工蛋餅<br>地區: 台北<br>菜系: 台式<br>推薦評審: 江振誠<br>地址: 112臺北市北投區實踐街48巷7號<br>營業時間: 06:00–11:00<br>電話: 02 2821 2516]]></description>
        <styleUrl>#icon-1899-0288D1-labelson</styleUrl>
        <ExtendedData>
          <Data name="總得碗數">
            <value>1.0</value>
          </Data>
          <Data name="得獎菜色">
            <value>手工蛋餅</value>
          </Data>
          <Data name="地區">
            <value>台北</value>
          </Data>
          <Data name="菜系">
            <value>台式</value>
          </Data>
          <Data name="推薦評審">
            <value>江振誠</value>
          </Data>
          <Data name="地址">
            <value>112臺北市北投區實踐街48巷7號</value>
          </Data>
          <Data name="營業時間">
            <value>06:00–11:00</value>
          </Data>
          <Data name="電話">
            <value>02 2821 2516</value>
          </Data>
        </ExtendedData>
      </Placemark>
      <Placemark>
        <name>禾甲蒸臭豆腐</name>
        <address>禾甲蒸臭豆腐 現蒸臭豆腐 台北 台式 Lulu 黃路梓茵 100臺北市中正區中華路二段313巷18號</address>
        <description><![CDATA[總得碗數: 1<br>得獎菜色: 現蒸臭豆腐<br>地區: 台北<br>菜系: 台式<br>推薦評審: Lulu 黃路梓茵<br>地址: 100臺北市中正區中華路二段313巷18號<br>營業時間: 16:00–23:30<br>電話: 02 2301 9448]]></description>
        <styleUrl>#icon-1899-0288D1-labelson</styleUrl>
        <ExtendedData>
          <Data name="總得碗數">
            <value>1.0</value>
          </Data>
          <Data name="得獎菜色">
            <value>現蒸臭豆腐</value>
          </Data>
          <Data name="地區">
            <value>台北</value>
          </Data>
          <Data name="菜系">
            <value>台式</value>
          </Data>
          <Data name="推薦評審">
            <value>Lulu 黃路梓茵</value>
          </Data>
          <Data name="地址">
            <value>100臺北市中正區中華路二段313巷18號</value>
          </Data>
          <Data name="營業時間">
            <value>16:00–23:30</value>
          </Data>
          <Data name="電話">
            <value>02 2301 9448</value>
          </Data>
        </ExtendedData>
      </Placemark>
      <Placemark>
        <name>合府小籠湯包</name>
        <address>合府小籠湯包 蒸高麗菜 台北 台式 Lulu 黃路梓茵 106臺北市大安區光復南路180巷13號1樓</address>
        <description><![CDATA[總得碗數: 1<br>得獎菜色: 蒸高麗菜<br>地區: 台北<br>菜系: 台式<br>推薦評審: Lulu 黃路梓茵<br>地址: 106臺北市大安區光復南路180巷13號1樓<br>營業時間: 11:00–21:00<br>電話: 02 8771 6855]]></description>
        <styleUrl>#icon-1899-0288D1-labelson</styleUrl>
        <ExtendedData>
          <Data name="總得碗數">
            <value>1.0</value>
          </Data>
          <Data name="得獎菜色">
            <value>蒸高麗菜</value>
          </Data>
          <Data name="地區">
            <value>台北</value>
          </Data>
          <Data name="菜系">
            <value>台式</value>
          </Data>
          <Data name="推薦評審">
            <value>Lulu 黃路梓茵</value>
          </Data>
          <Data name="地址">
            <value>106臺北市大安區光復南路180巷13號1樓</value>
          </Data>
          <Data name="營業時間">
            <value>11:00–21:00</value>
          </Data>
          <Data name="電話">
            <value>02 8771 6855</value>
          </Data>
        </ExtendedData>
      </Placemark>
      <Placemark>
        <name>吉家槓子頭</name>
        <address>吉家槓子頭 槓子頭 台北 台式 馮宇 100臺北市中正區南昌路二段112號</address>
        <description><![CDATA[總得碗數: 1<br>得獎菜色: 槓子頭<br>地區: 台北<br>菜系: 台式<br>推薦評審: 馮宇<br>地址: 100臺北市中正區南昌路二段112號<br>營業時間: 09:00–20:00<br>電話: 02 2362 3817]]></description>
        <styleUrl>#icon-1899-0288D1-labelson</styleUrl>
        <ExtendedData>
          <Data name="總得碗數">
            <value>1.0</value>
          </Data>
          <Data name="得獎菜色">
            <value>槓子頭</value>
          </Data>
          <Data name="地區">
            <value>台北</value>
          </Data>
          <Data name="菜系">
            <value>台式</value>
          </Data>
          <Data name="推薦評審">
            <value>馮宇</value>
          </Data>
          <Data name="地址">
            <value>100臺北市中正區南昌路二段112號</value>
          </Data>
          <Data name="營業時間">
            <value>09:00–20:00</value>
          </Data>
          <Data name="電話">
            <value>02 2362 3817</value>
          </Data>
        </ExtendedData>
      </Placemark>
      <Placemark>
        <name>名家魯肉飯</name>
        <address>名家魯肉飯 滷肉飯 台北 台式 Nobu Lee 104臺北市中山區民生東路一段50號</address>
        <description><![CDATA[總得碗數: 1<br>得獎菜色: 滷肉飯<br>地區: 台北<br>菜系: 台式<br>推薦評審: Nobu Lee<br>地址: 104臺北市中山區民生東路一段50號<br>營業時間: 10:30–20:30<br>電話: 02 2511 5125]]></description>
        <styleUrl>#icon-1899-0288D1-labelson</styleUrl>
        <ExtendedData>
          <Data name="總得碗數">
            <value>1.0</value>
          </Data>
          <Data name="得獎菜色">
            <value>滷肉飯</value>
          </Data>
          <Data name="地區">
            <value>台北</value>
          </Data>
          <Data name="菜系">
            <value>台式</value>
          </Data>
          <Data name="推薦評審">
            <value>Nobu Lee</value>
          </Data>
          <Data name="地址">
            <value>104臺北市中山區民生東路一段50號</value>
          </Data>
          <Data name="營業時間">
            <value>10:30–20:30</value>
          </Data>
          <Data name="電話">
            <value>02 2511 5125</value>
          </Data>
        </ExtendedData>
      </Placemark>
      <Placemark>
        <name>好時光披薩</name>
        <address>好時光披薩 漁夫海鮮披薩 台北 歐美 鍾欣凌 105臺北市松山區新中街35-1號</address>
        <description><![CDATA[總得碗數: 1<br>得獎菜色: 漁夫海鮮披薩<br>地區: 台北<br>菜系: 歐美<br>推薦評審: 鍾欣凌<br>地址: 105臺北市松山區新中街35-1號<br>營業時間: 11:00–20:30<br>電話: 02 2756 0108]]></description>
        <styleUrl>#icon-1899-0288D1-labelson</styleUrl>
        <ExtendedData>
          <Data name="總得碗數">
            <value>1.0</value>
          </Data>
          <Data name="得獎菜色">
            <value>漁夫海鮮披薩</value>
          </Data>
          <Data name="地區">
            <value>台北</value>
          </Data>
          <Data name="菜系">
            <value>歐美</value>
          </Data>
          <Data name="推薦評審">
            <value>鍾欣凌</value>
          </Data>
          <Data name="地址">
            <value>105臺北市松山區新中街35-1號</value>
          </Data>
          <Data name="營業時間">
            <value>11:00–20:30</value>
          </Data>
          <Data name="電話">
            <value>02 2756 0108</value>
          </Data>
        </ExtendedData>
      </Placemark>
      <Placemark>
        <name>年三十鐵板串燒居酒屋 光復店 </name>
        <address>年三十鐵板串燒居酒屋 光復店  香菇鑲肉 台北 日式 宇宙人 10694臺北市大安區光復南路308巷30號</address>
        <description><![CDATA[總得碗數: 1<br>得獎菜色: 香菇鑲肉<br>地區: 台北<br>菜系: 日式<br>推薦評審: 宇宙人<br>地址: 10694臺北市大安區光復南路308巷30號<br>營業時間: 17:00–23:30<br>電話: 02 2771 1730]]></description>
        <styleUrl>#icon-1899-0288D1-labelson</styleUrl>
        <ExtendedData>
          <Data name="總得碗數">
            <value>1.0</value>
          </Data>
          <Data name="得獎菜色">
            <value>香菇鑲肉</value>
          </Data>
          <Data name="地區">
            <value>台北</value>
          </Data>
          <Data name="菜系">
            <value>日式</value>
          </Data>
          <Data name="推薦評審">
            <value>宇宙人</value>
          </Data>
          <Data name="地址">
            <value>10694臺北市大安區光復南路308巷30號</value>
          </Data>
          <Data name="營業時間">
            <value>17:00–23:30</value>
          </Data>
          <Data name="電話">
            <value>02 2771 1730</value>
          </Data>
        </ExtendedData>
      </Placemark>
      <Placemark>
        <name>江家原汁排骨湯</name>
        <address>江家原汁排骨湯 原汁排骨湯 台北 台式 林裕森 103臺北市大同區保安街49巷</address>
        <description><![CDATA[總得碗數: 1<br>得獎菜色: 原汁排骨湯<br>地區: 台北<br>菜系: 台式<br>推薦評審: 林裕森<br>地址: 103臺北市大同區保安街49巷<br>營業時間: 09:30–17:00<br>電話: 0936 154 405]]></description>
        <styleUrl>#icon-1899-0288D1-labelson</styleUrl>
        <ExtendedData>
          <Data name="總得碗數">
            <value>1.0</value>
          </Data>
          <Data name="得獎菜色">
            <value>原汁排骨湯</value>
          </Data>
          <Data name="地區">
            <value>台北</value>
          </Data>
          <Data name="菜系">
            <value>台式</value>
          </Data>
          <Data name="推薦評審">
            <value>林裕森</value>
          </Data>
          <Data name="地址">
            <value>103臺北市大同區保安街49巷</value>
          </Data>
          <Data name="營業時間">
            <value>09:30–17:00</value>
          </Data>
          <Data name="電話">
            <value>0936 154 405</value>
          </Data>
        </ExtendedData>
      </Placemark>
      <Placemark>
        <name>百年老店柴寮鯊魚煙</name>
        <address>百年老店柴寮鯊魚煙 綜合鯊魚煙 台北 台式 劉恒昌 103臺北市大同區重慶北路三段335巷25號</address>
        <description><![CDATA[總得碗數: 1<br>得獎菜色: 綜合鯊魚煙<br>地區: 台北<br>菜系: 台式<br>推薦評審: 劉恒昌<br>地址: 103臺北市大同區重慶北路三段335巷25號<br>營業時間: 10:00–19:00<br>電話: 0930 998 080]]></description>
        <styleUrl>#icon-1899-0288D1-labelson</styleUrl>
        <ExtendedData>
          <Data name="總得碗數">
            <value>1.0</value>
          </Data>
          <Data name="得獎菜色">
            <value>綜合鯊魚煙</value>
          </Data>
          <Data name="地區">
            <value>台北</value>
          </Data>
          <Data name="菜系">
            <value>台式</value>
          </Data>
          <Data name="推薦評審">
            <value>劉恒昌</value>
          </Data>
          <Data name="地址">
            <value>103臺北市大同區重慶北路三段335巷25號</value>
          </Data>
          <Data name="營業時間">
            <value>10:00–19:00</value>
          </Data>
          <Data name="電話">
            <value>0930 998 080</value>
          </Data>
        </ExtendedData>
      </Placemark>
      <Placemark>
        <name>老木小店</name>
        <address>老木小店 澎湖花枝丸 台北 台式 劉冠廷 105臺北市松山區新中街2巷23-3號</address>
        <description><![CDATA[總得碗數: 1<br>得獎菜色: 澎湖花枝丸<br>地區: 台北<br>菜系: 台式<br>推薦評審: 劉冠廷<br>地址: 105臺北市松山區新中街2巷23-3號<br>營業時間: 11:00–14:00<br>17:00–20:00<br>電話: 0925 339 235]]></description>
        <styleUrl>#icon-1899-0288D1-labelson</styleUrl>
        <ExtendedData>
          <Data name="總得碗數">
            <value>1.0</value>
          </Data>
          <Data name="得獎菜色">
            <value>澎湖花枝丸</value>
          </Data>
          <Data name="地區">
            <value>台北</value>
          </Data>
          <Data name="菜系">
            <value>台式</value>
          </Data>
          <Data name="推薦評審">
            <value>劉冠廷</value>
          </Data>
          <Data name="地址">
            <value>105臺北市松山區新中街2巷23-3號</value>
          </Data>
          <Data name="營業時間">
            <value>11:00–14:00
17:00–20:00</value>
          </Data>
          <Data name="電話">
            <value>0925 339 235</value>
          </Data>
        </ExtendedData>
      </Placemark>
      <Placemark>
        <name>老濟安Healing Herbar</name>
        <address>老濟安Healing Herbar 手沖式青草茶 台北 台式 Hally Chen 108臺北市萬華區西昌街84號</address>
        <description><![CDATA[總得碗數: 1<br>得獎菜色: 手沖式青草茶<br>地區: 台北<br>菜系: 台式<br>推薦評審: Hally Chen<br>地址: 108臺北市萬華區西昌街84號<br>營業時間: 09:00–18:00<br>電話: 02 2314 1878]]></description>
        <styleUrl>#icon-1899-0288D1-labelson</styleUrl>
        <ExtendedData>
          <Data name="總得碗數">
            <value>1.0</value>
          </Data>
          <Data name="得獎菜色">
            <value>手沖式青草茶</value>
          </Data>
          <Data name="地區">
            <value>台北</value>
          </Data>
          <Data name="菜系">
            <value>台式</value>
          </Data>
          <Data name="推薦評審">
            <value>Hally Chen</value>
          </Data>
          <Data name="地址">
            <value>108臺北市萬華區西昌街84號</value>
          </Data>
          <Data name="營業時間">
            <value>09:00–18:00</value>
          </Data>
          <Data name="電話">
            <value>02 2314 1878</value>
          </Data>
        </ExtendedData>
      </Placemark>
      <Placemark>
        <name>老麵店</name>
        <address>老麵店 乾麵 台北 台式 湯智鈞 103臺北市大同區迪化街二段215-8號</address>
        <description><![CDATA[總得碗數: 1<br>得獎菜色: 乾麵<br>地區: 台北<br>菜系: 台式<br>推薦評審: 湯智鈞<br>地址: 103臺北市大同區迪化街二段215-8號<br>營業時間: 10:15–19:15<br>電話: 02 2598 1388]]></description>
        <styleUrl>#icon-1899-0288D1-labelson</styleUrl>
        <ExtendedData>
          <Data name="總得碗數">
            <value>1.0</value>
          </Data>
          <Data name="得獎菜色">
            <value>乾麵</value>
          </Data>
          <Data name="地區">
            <value>台北</value>
          </Data>
          <Data name="菜系">
            <value>台式</value>
          </Data>
          <Data name="推薦評審">
            <value>湯智鈞</value>
          </Data>
          <Data name="地址">
            <value>103臺北市大同區迪化街二段215-8號</value>
          </Data>
          <Data name="營業時間">
            <value>10:15–19:15</value>
          </Data>
          <Data name="電話">
            <value>02 2598 1388</value>
          </Data>
        </ExtendedData>
      </Placemark>
      <Placemark>
        <name>吳家牛肉麵店</name>
        <address>吳家牛肉麵店 乾拌鮮蝦餛飩 台北 台式 迪拉 112028臺北市北投區中央北路一段224號</address>
        <description><![CDATA[總得碗數: 1<br>得獎菜色: 乾拌鮮蝦餛飩<br>地區: 台北<br>菜系: 台式<br>推薦評審: 迪拉<br>地址: 112028臺北市北投區中央北路一段224號<br>營業時間: 11:00–21:00<br>電話: 02 2892 3686]]></description>
        <styleUrl>#icon-1899-0288D1-labelson</styleUrl>
        <ExtendedData>
          <Data name="總得碗數">
            <value>1.0</value>
          </Data>
          <Data name="得獎菜色">
            <value>乾拌鮮蝦餛飩</value>
          </Data>
          <Data name="地區">
            <value>台北</value>
          </Data>
          <Data name="菜系">
            <value>台式</value>
          </Data>
          <Data name="推薦評審">
            <value>迪拉</value>
          </Data>
          <Data name="地址">
            <value>112028臺北市北投區中央北路一段224號</value>
          </Data>
          <Data name="營業時間">
            <value>11:00–21:00</value>
          </Data>
          <Data name="電話">
            <value>02 2892 3686</value>
          </Data>
        </ExtendedData>
      </Placemark>
      <Placemark>
        <name>吳記南京板鴨</name>
        <address>吳記南京板鴨 鹽水鴨 台北 中式 馮宇 100臺北市中正區羅斯福路二段44號</address>
        <description><![CDATA[總得碗數: 1<br>得獎菜色: 鹽水鴨<br>地區: 台北<br>菜系: 中式<br>推薦評審: 馮宇<br>地址: 100臺北市中正區羅斯福路二段44號<br>營業時間: 10:00–20:00<br>電話: 02 2356 0668]]></description>
        <styleUrl>#icon-1899-0288D1-labelson</styleUrl>
        <ExtendedData>
          <Data name="總得碗數">
            <value>1.0</value>
          </Data>
          <Data name="得獎菜色">
            <value>鹽水鴨</value>
          </Data>
          <Data name="地區">
            <value>台北</value>
          </Data>
          <Data name="菜系">
            <value>中式</value>
          </Data>
          <Data name="推薦評審">
            <value>馮宇</value>
          </Data>
          <Data name="地址">
            <value>100臺北市中正區羅斯福路二段44號</value>
          </Data>
          <Data name="營業時間">
            <value>10:00–20:00</value>
          </Data>
          <Data name="電話">
            <value>02 2356 0668</value>
          </Data>
        </ExtendedData>
      </Placemark>
      <Placemark>
        <name>呂巷仔口麵食館</name>
        <address>呂巷仔口麵食館 肺管頭 台北 台式 徐仲 106臺北市大安區和平東路二段76巷2之1號</address>
        <description><![CDATA[總得碗數: 1<br>得獎菜色: 肺管頭<br>地區: 台北<br>菜系: 台式<br>推薦評審: 徐仲<br>地址: 106臺北市大安區和平東路二段76巷2之1號<br>營業時間: 06:30–14:00<br>電話: 02 2735 1266]]></description>
        <styleUrl>#icon-1899-0288D1-labelson</styleUrl>
        <ExtendedData>
          <Data name="總得碗數">
            <value>1.0</value>
          </Data>
          <Data name="得獎菜色">
            <value>肺管頭</value>
          </Data>
          <Data name="地區">
            <value>台北</value>
          </Data>
          <Data name="菜系">
            <value>台式</value>
          </Data>
          <Data name="推薦評審">
            <value>徐仲</value>
          </Data>
          <Data name="地址">
            <value>106臺北市大安區和平東路二段76巷2之1號</value>
          </Data>
          <Data name="營業時間">
            <value>06:30–14:00</value>
          </Data>
          <Data name="電話">
            <value>02 2735 1266</value>
          </Data>
        </ExtendedData>
      </Placemark>
      <Placemark>
        <name>周家豆腐捲</name>
        <address>周家豆腐捲 韭菜盒 台北 台式 藍心湄 110臺北市信義區光復南路419巷106號</address>
        <description><![CDATA[總得碗數: 1<br>得獎菜色: 韭菜盒<br>地區: 台北<br>菜系: 台式<br>推薦評審: 藍心湄<br>地址: 110臺北市信義區光復南路419巷106號<br>營業時間: 06:00–15:00<br>電話: 02 2722 2729]]></description>
        <styleUrl>#icon-1899-0288D1-labelson</styleUrl>
        <ExtendedData>
          <Data name="總得碗數">
            <value>1.0</value>
          </Data>
          <Data name="得獎菜色">
            <value>韭菜盒</value>
          </Data>
          <Data name="地區">
            <value>台北</value>
          </Data>
          <Data name="菜系">
            <value>台式</value>
          </Data>
          <Data name="推薦評審">
            <value>藍心湄</value>
          </Data>
          <Data name="地址">
            <value>110臺北市信義區光復南路419巷106號</value>
          </Data>
          <Data name="營業時間">
            <value>06:00–15:00</value>
          </Data>
          <Data name="電話">
            <value>02 2722 2729</value>
          </Data>
        </ExtendedData>
      </Placemark>
      <Placemark>
        <name>周記肉粥店</name>
        <address>周記肉粥店 肉粥 台北 台式 陳泰銘 108臺北市萬華區廣州街104號</address>
        <description><![CDATA[總得碗數: 1<br>得獎菜色: 肉粥<br>地區: 台北<br>菜系: 台式<br>推薦評審: 陳泰銘<br>地址: 108臺北市萬華區廣州街104號<br>營業時間: 06:30–16:00<br>電話: 02 2302 5588]]></description>
        <styleUrl>#icon-1899-0288D1-labelson</styleUrl>
        <ExtendedData>
          <Data name="總得碗數">
            <value>1.0</value>
          </Data>
          <Data name="得獎菜色">
            <value>肉粥</value>
          </Data>
          <Data name="地區">
            <value>台北</value>
          </Data>
          <Data name="菜系">
            <value>台式</value>
          </Data>
          <Data name="推薦評審">
            <value>陳泰銘</value>
          </Data>
          <Data name="地址">
            <value>108臺北市萬華區廣州街104號</value>
          </Data>
          <Data name="營業時間">
            <value>06:30–16:00</value>
          </Data>
          <Data name="電話">
            <value>02 2302 5588</value>
          </Data>
        </ExtendedData>
      </Placemark>
      <Placemark>
        <name>夜串坊 Kushiage Yoru</name>
        <address>夜串坊 Kushiage Yoru 鐵板雞肉丸子 台北 日式 宇宙人 106臺北市大安區大安路一段51巷34號</address>
        <description><![CDATA[總得碗數: 1<br>得獎菜色: 鐵板雞肉丸子<br>地區: 台北<br>菜系: 日式<br>推薦評審: 宇宙人<br>地址: 106臺北市大安區大安路一段51巷34號<br>營業時間: 17:30–00:00<br>電話: 02 2711 9006]]></description>
        <styleUrl>#icon-1899-0288D1-labelson</styleUrl>
        <ExtendedData>
          <Data name="總得碗數">
            <value>1.0</value>
          </Data>
          <Data name="得獎菜色">
            <value>鐵板雞肉丸子</value>
          </Data>
          <Data name="地區">
            <value>台北</value>
          </Data>
          <Data name="菜系">
            <value>日式</value>
          </Data>
          <Data name="推薦評審">
            <value>宇宙人</value>
          </Data>
          <Data name="地址">
            <value>106臺北市大安區大安路一段51巷34號</value>
          </Data>
          <Data name="營業時間">
            <value>17:30–00:00</value>
          </Data>
          <Data name="電話">
            <value>02 2711 9006</value>
          </Data>
        </ExtendedData>
      </Placemark>
      <Placemark>
        <name>岡山肉燥飯</name>
        <address>岡山肉燥飯 控肉飯 虱目魚腸湯 台北 台式 謝維智 老丹早點說 100臺北市中正區中華路二段307巷368號</address>
        <description><![CDATA[總得碗數: 1<br>得獎菜色: 控肉飯 虱目魚腸湯<br>地區: 台北<br>菜系: 台式<br>推薦評審: 謝維智 老丹早點說<br>地址: 100臺北市中正區中華路二段307巷368號<br>營業時間: 09:00–16:30<br>電話: ]]></description>
        <styleUrl>#icon-1899-0288D1-labelson</styleUrl>
        <ExtendedData>
          <Data name="總得碗數">
            <value>1.0</value>
          </Data>
          <Data name="得獎菜色">
            <value>控肉飯 虱目魚腸湯</value>
          </Data>
          <Data name="地區">
            <value>台北</value>
          </Data>
          <Data name="菜系">
            <value>台式</value>
          </Data>
          <Data name="推薦評審">
            <value>謝維智 老丹早點說</value>
          </Data>
          <Data name="地址">
            <value>100臺北市中正區中華路二段307巷368號</value>
          </Data>
          <Data name="營業時間">
            <value>09:00–16:30</value>
          </Data>
          <Data name="電話">
            <value/>
          </Data>
        </ExtendedData>
      </Placemark>
      <Placemark>
        <name>所長茶葉蛋</name>
        <address>所長茶葉蛋 豆干堡 台北 素食 顏博文 11561臺北市南港區忠孝東路七段369號A棟1F</address>
        <description><![CDATA[總得碗數: 1<br>得獎菜色: 豆干堡<br>地區: 台北<br>菜系: 素食<br>推薦評審: 顏博文<br>地址: 11561臺北市南港區忠孝東路七段369號A棟1F<br>營業時間: 11:00–22:00<br>電話: 02 2653 5199]]></description>
        <styleUrl>#icon-1899-0288D1-labelson</styleUrl>
        <ExtendedData>
          <Data name="總得碗數">
            <value>1.0</value>
          </Data>
          <Data name="得獎菜色">
            <value>豆干堡</value>
          </Data>
          <Data name="地區">
            <value>台北</value>
          </Data>
          <Data name="菜系">
            <value>素食</value>
          </Data>
          <Data name="推薦評審">
            <value>顏博文</value>
          </Data>
          <Data name="地址">
            <value>11561臺北市南港區忠孝東路七段369號A棟1F</value>
          </Data>
          <Data name="營業時間">
            <value>11:00–22:00</value>
          </Data>
          <Data name="電話">
            <value>02 2653 5199</value>
          </Data>
        </ExtendedData>
      </Placemark>
      <Placemark>
        <name>昆陽牛肉麵</name>
        <address>昆陽牛肉麵 紅燒牛肉麵 台北 台式 鍾欣凌 115臺北市南港區昆陽街140巷5號</address>
        <description><![CDATA[總得碗數: 1<br>得獎菜色: 紅燒牛肉麵<br>地區: 台北<br>菜系: 台式<br>推薦評審: 鍾欣凌<br>地址: 115臺北市南港區昆陽街140巷5號<br>營業時間: 11:00–14:30<br>16:30–20:00<br>電話: 02 2788 8215]]></description>
        <styleUrl>#icon-1899-0288D1-labelson</styleUrl>
        <ExtendedData>
          <Data name="總得碗數">
            <value>1.0</value>
          </Data>
          <Data name="得獎菜色">
            <value>紅燒牛肉麵</value>
          </Data>
          <Data name="地區">
            <value>台北</value>
          </Data>
          <Data name="菜系">
            <value>台式</value>
          </Data>
          <Data name="推薦評審">
            <value>鍾欣凌</value>
          </Data>
          <Data name="地址">
            <value>115臺北市南港區昆陽街140巷5號</value>
          </Data>
          <Data name="營業時間">
            <value>11:00–14:30
16:30–20:00</value>
          </Data>
          <Data name="電話">
            <value>02 2788 8215</value>
          </Data>
        </ExtendedData>
      </Placemark>
      <Placemark>
        <name>易易海南雞飯（士林夜市店）</name>
        <address>易易海南雞飯（士林夜市店） 香滑雞胸飯 台北 台式 Hally Chen 111臺北市士林區大南路89之9號</address>
        <description><![CDATA[總得碗數: 1<br>得獎菜色: 香滑雞胸飯<br>地區: 台北<br>菜系: 台式<br>推薦評審: Hally Chen<br>地址: 111臺北市士林區大南路89之9號<br>營業時間: 17:00–23:00<br>電話: 0958 348 298]]></description>
        <styleUrl>#icon-1899-0288D1-labelson</styleUrl>
        <ExtendedData>
          <Data name="總得碗數">
            <value>1.0</value>
          </Data>
          <Data name="得獎菜色">
            <value>香滑雞胸飯</value>
          </Data>
          <Data name="地區">
            <value>台北</value>
          </Data>
          <Data name="菜系">
            <value>台式</value>
          </Data>
          <Data name="推薦評審">
            <value>Hally Chen</value>
          </Data>
          <Data name="地址">
            <value>111臺北市士林區大南路89之9號</value>
          </Data>
          <Data name="營業時間">
            <value>17:00–23:00</value>
          </Data>
          <Data name="電話">
            <value>0958 348 298</value>
          </Data>
        </ExtendedData>
      </Placemark>
      <Placemark>
        <name>東加炸雞</name>
        <address>東加炸雞 炸雞 台北 台式 韓勾ㄟ金針菇  110臺北市信義區虎林街108巷1號</address>
        <description><![CDATA[總得碗數: 1<br>得獎菜色: 炸雞<br>地區: 台北<br>菜系: 台式<br>推薦評審: 韓勾ㄟ金針菇 <br>地址: 110臺北市信義區虎林街108巷1號<br>營業時間: 15:00–18:30<br>電話: 0920 015 023]]></description>
        <styleUrl>#icon-1899-0288D1-labelson</styleUrl>
        <ExtendedData>
          <Data name="總得碗數">
            <value>1.0</value>
          </Data>
          <Data name="得獎菜色">
            <value>炸雞</value>
          </Data>
          <Data name="地區">
            <value>台北</value>
          </Data>
          <Data name="菜系">
            <value>台式</value>
          </Data>
          <Data name="推薦評審">
            <value>韓勾ㄟ金針菇 </value>
          </Data>
          <Data name="地址">
            <value>110臺北市信義區虎林街108巷1號</value>
          </Data>
          <Data name="營業時間">
            <value>15:00–18:30</value>
          </Data>
          <Data name="電話">
            <value>0920 015 023</value>
          </Data>
        </ExtendedData>
      </Placemark>
      <Placemark>
        <name>東發號 油飯・麵線</name>
        <address>東發號 油飯・麵線 油飯 麵線 肉羹 台北 台式 謝維智 老丹早點說 105臺北市松山區饒河街143號</address>
        <description><![CDATA[總得碗數: 1<br>得獎菜色: 油飯 麵線 肉羹<br>地區: 台北<br>菜系: 台式<br>推薦評審: 謝維智 老丹早點說<br>地址: 105臺北市松山區饒河街143號<br>營業時間: 08:30–00:00<br>電話: 02 2769 5739]]></description>
        <styleUrl>#icon-1899-0288D1-labelson</styleUrl>
        <ExtendedData>
          <Data name="總得碗數">
            <value>1.0</value>
          </Data>
          <Data name="得獎菜色">
            <value>油飯 麵線 肉羹</value>
          </Data>
          <Data name="地區">
            <value>台北</value>
          </Data>
          <Data name="菜系">
            <value>台式</value>
          </Data>
          <Data name="推薦評審">
            <value>謝維智 老丹早點說</value>
          </Data>
          <Data name="地址">
            <value>105臺北市松山區饒河街143號</value>
          </Data>
          <Data name="營業時間">
            <value>08:30–00:00</value>
          </Data>
          <Data name="電話">
            <value>02 2769 5739</value>
          </Data>
        </ExtendedData>
      </Placemark>
      <Placemark>
        <name>林東芳牛肉麵</name>
        <address>林東芳牛肉麵 半筋半肉湯 台北 台式 陳陸寬 104臺北市中山區八德路二段322號</address>
        <description><![CDATA[總得碗數: 1<br>得獎菜色: 半筋半肉湯<br>地區: 台北<br>菜系: 台式<br>推薦評審: 陳陸寬<br>地址: 104臺北市中山區八德路二段322號<br>營業時間: 11:00–03:00<br>電話: 02 2752 2556]]></description>
        <styleUrl>#icon-1899-0288D1-labelson</styleUrl>
        <ExtendedData>
          <Data name="總得碗數">
            <value>1.0</value>
          </Data>
          <Data name="得獎菜色">
            <value>半筋半肉湯</value>
          </Data>
          <Data name="地區">
            <value>台北</value>
          </Data>
          <Data name="菜系">
            <value>台式</value>
          </Data>
          <Data name="推薦評審">
            <value>陳陸寬</value>
          </Data>
          <Data name="地址">
            <value>104臺北市中山區八德路二段322號</value>
          </Data>
          <Data name="營業時間">
            <value>11:00–03:00</value>
          </Data>
          <Data name="電話">
            <value>02 2752 2556</value>
          </Data>
        </ExtendedData>
      </Placemark>
      <Placemark>
        <name>武昌排骨大王</name>
        <address>武昌排骨大王 排骨 台北 台式 鍾欣凌 106臺北市大安區仁愛路四段345巷15弄12號1樓</address>
        <description><![CDATA[總得碗數: 1<br>得獎菜色: 排骨<br>地區: 台北<br>菜系: 台式<br>推薦評審: 鍾欣凌<br>地址: 106臺北市大安區仁愛路四段345巷15弄12號1樓<br>營業時間: 10:30–13:45<br>17:00–19:30<br>電話: 02 2731 8497]]></description>
        <styleUrl>#icon-1899-0288D1-labelson</styleUrl>
        <ExtendedData>
          <Data name="總得碗數">
            <value>1.0</value>
          </Data>
          <Data name="得獎菜色">
            <value>排骨</value>
          </Data>
          <Data name="地區">
            <value>台北</value>
          </Data>
          <Data name="菜系">
            <value>台式</value>
          </Data>
          <Data name="推薦評審">
            <value>鍾欣凌</value>
          </Data>
          <Data name="地址">
            <value>106臺北市大安區仁愛路四段345巷15弄12號1樓</value>
          </Data>
          <Data name="營業時間">
            <value>10:30–13:45
17:00–19:30</value>
          </Data>
          <Data name="電話">
            <value>02 2731 8497</value>
          </Data>
        </ExtendedData>
      </Placemark>
      <Placemark>
        <name>金山鵝肉店</name>
        <address>金山鵝肉店 煙燻鵝肉 米粉湯 滷虱目魚 台北 台式 陳泰銘 100臺北市中正區金山南路一段88號</address>
        <description><![CDATA[總得碗數: 1<br>得獎菜色: 煙燻鵝肉 米粉湯 滷虱目魚<br>地區: 台北<br>菜系: 台式<br>推薦評審: 陳泰銘<br>地址: 100臺北市中正區金山南路一段88號<br>營業時間: 10:00–20:00<br>電話: 02 2358 7627]]></description>
        <styleUrl>#icon-1899-0288D1-labelson</styleUrl>
        <ExtendedData>
          <Data name="總得碗數">
            <value>1.0</value>
          </Data>
          <Data name="得獎菜色">
            <value>煙燻鵝肉 米粉湯 滷虱目魚</value>
          </Data>
          <Data name="地區">
            <value>台北</value>
          </Data>
          <Data name="菜系">
            <value>台式</value>
          </Data>
          <Data name="推薦評審">
            <value>陳泰銘</value>
          </Data>
          <Data name="地址">
            <value>100臺北市中正區金山南路一段88號</value>
          </Data>
          <Data name="營業時間">
            <value>10:00–20:00</value>
          </Data>
          <Data name="電話">
            <value>02 2358 7627</value>
          </Data>
        </ExtendedData>
      </Placemark>
      <Placemark>
        <name>金仙魯肉飯 松山本店</name>
        <address>金仙魯肉飯 松山本店 魯肉飯 台北 台式 Nobu Lee 110臺北市信義區松山路473號</address>
        <description><![CDATA[總得碗數: 1<br>得獎菜色: 魯肉飯<br>地區: 台北<br>菜系: 台式<br>推薦評審: Nobu Lee<br>地址: 110臺北市信義區松山路473號<br>營業時間: 10:30–20:30<br>電話: 02 2727 2267]]></description>
        <styleUrl>#icon-1899-0288D1-labelson</styleUrl>
        <ExtendedData>
          <Data name="總得碗數">
            <value>1.0</value>
          </Data>
          <Data name="得獎菜色">
            <value>魯肉飯</value>
          </Data>
          <Data name="地區">
            <value>台北</value>
          </Data>
          <Data name="菜系">
            <value>台式</value>
          </Data>
          <Data name="推薦評審">
            <value>Nobu Lee</value>
          </Data>
          <Data name="地址">
            <value>110臺北市信義區松山路473號</value>
          </Data>
          <Data name="營業時間">
            <value>10:30–20:30</value>
          </Data>
          <Data name="電話">
            <value>02 2727 2267</value>
          </Data>
        </ExtendedData>
      </Placemark>
      <Placemark>
        <name>金園排骨萬年店</name>
        <address>金園排骨萬年店 排骨飯 台北 台式 湯智鈞 108臺北市萬華區西寧南路70號B1</address>
        <description><![CDATA[總得碗數: 1<br>得獎菜色: 排骨飯<br>地區: 台北<br>菜系: 台式<br>推薦評審: 湯智鈞<br>地址: 108臺北市萬華區西寧南路70號B1<br>營業時間: 11:30–21:00<br>電話: 02 2381 9797]]></description>
        <styleUrl>#icon-1899-0288D1-labelson</styleUrl>
        <ExtendedData>
          <Data name="總得碗數">
            <value>1.0</value>
          </Data>
          <Data name="得獎菜色">
            <value>排骨飯</value>
          </Data>
          <Data name="地區">
            <value>台北</value>
          </Data>
          <Data name="菜系">
            <value>台式</value>
          </Data>
          <Data name="推薦評審">
            <value>湯智鈞</value>
          </Data>
          <Data name="地址">
            <value>108臺北市萬華區西寧南路70號B1</value>
          </Data>
          <Data name="營業時間">
            <value>11:30–21:00</value>
          </Data>
          <Data name="電話">
            <value>02 2381 9797</value>
          </Data>
        </ExtendedData>
      </Placemark>
      <Placemark>
        <name>阿仁炒飯</name>
        <address>阿仁炒飯 蝦仁炒飯 台北 台式 湯智鈞 103臺北市大同區哈密街45巷</address>
        <description><![CDATA[總得碗數: 1<br>得獎菜色: 蝦仁炒飯<br>地區: 台北<br>菜系: 台式<br>推薦評審: 湯智鈞<br>地址: 103臺北市大同區哈密街45巷<br>營業時間: 11:00–14:30<br>16:40–20:30<br>電話: 02 2598 6747]]></description>
        <styleUrl>#icon-1899-0288D1-labelson</styleUrl>
        <ExtendedData>
          <Data name="總得碗數">
            <value>1.0</value>
          </Data>
          <Data name="得獎菜色">
            <value>蝦仁炒飯</value>
          </Data>
          <Data name="地區">
            <value>台北</value>
          </Data>
          <Data name="菜系">
            <value>台式</value>
          </Data>
          <Data name="推薦評審">
            <value>湯智鈞</value>
          </Data>
          <Data name="地址">
            <value>103臺北市大同區哈密街45巷</value>
          </Data>
          <Data name="營業時間">
            <value>11:00–14:30
16:40–20:30</value>
          </Data>
          <Data name="電話">
            <value>02 2598 6747</value>
          </Data>
        </ExtendedData>
      </Placemark>
      <Placemark>
        <name>阿枝米粉湯 </name>
        <address>阿枝米粉湯  米粉湯 雞捲 紅燒肉 台北 台式 謝維智 老丹早點說 116臺北市文山區景美街113號</address>
        <description><![CDATA[總得碗數: 1<br>得獎菜色: 米粉湯 雞捲 紅燒肉<br>地區: 台北<br>菜系: 台式<br>推薦評審: 謝維智 老丹早點說<br>地址: 116臺北市文山區景美街113號<br>營業時間: 06:40–13:00<br>電話: 0937 007 205]]></description>
        <styleUrl>#icon-1899-0288D1-labelson</styleUrl>
        <ExtendedData>
          <Data name="總得碗數">
            <value>1.0</value>
          </Data>
          <Data name="得獎菜色">
            <value>米粉湯 雞捲 紅燒肉</value>
          </Data>
          <Data name="地區">
            <value>台北</value>
          </Data>
          <Data name="菜系">
            <value>台式</value>
          </Data>
          <Data name="推薦評審">
            <value>謝維智 老丹早點說</value>
          </Data>
          <Data name="地址">
            <value>116臺北市文山區景美街113號</value>
          </Data>
          <Data name="營業時間">
            <value>06:40–13:00</value>
          </Data>
          <Data name="電話">
            <value>0937 007 205</value>
          </Data>
        </ExtendedData>
      </Placemark>
      <Placemark>
        <name>阿珍滷雞腳</name>
        <address>阿珍滷雞腳 滷雞腳 台北 台式 湯智鈞 108臺北市萬華區廣州街192號中間段前</address>
        <description><![CDATA[總得碗數: 1<br>得獎菜色: 滷雞腳<br>地區: 台北<br>菜系: 台式<br>推薦評審: 湯智鈞<br>地址: 108臺北市萬華區廣州街192號中間段前<br>營業時間: 16:00–18:30<br>電話: 0905 235 235]]></description>
        <styleUrl>#icon-1899-0288D1-labelson</styleUrl>
        <ExtendedData>
          <Data name="總得碗數">
            <value>1.0</value>
          </Data>
          <Data name="得獎菜色">
            <value>滷雞腳</value>
          </Data>
          <Data name="地區">
            <value>台北</value>
          </Data>
          <Data name="菜系">
            <value>台式</value>
          </Data>
          <Data name="推薦評審">
            <value>湯智鈞</value>
          </Data>
          <Data name="地址">
            <value>108臺北市萬華區廣州街192號中間段前</value>
          </Data>
          <Data name="營業時間">
            <value>16:00–18:30</value>
          </Data>
          <Data name="電話">
            <value>0905 235 235</value>
          </Data>
        </ExtendedData>
      </Placemark>
      <Placemark>
        <name>阿德鵝肉店</name>
        <address>阿德鵝肉店 燻鵝肉切盤 台北 台式 迪拉 112臺北市北投區大興街68號</address>
        <description><![CDATA[總得碗數: 1<br>得獎菜色: 燻鵝肉切盤<br>地區: 台北<br>菜系: 台式<br>推薦評審: 迪拉<br>地址: 112臺北市北投區大興街68號<br>營業時間: 13:00–20:00<br>電話: 02 2892 2359]]></description>
        <styleUrl>#icon-1899-0288D1-labelson</styleUrl>
        <ExtendedData>
          <Data name="總得碗數">
            <value>1.0</value>
          </Data>
          <Data name="得獎菜色">
            <value>燻鵝肉切盤</value>
          </Data>
          <Data name="地區">
            <value>台北</value>
          </Data>
          <Data name="菜系">
            <value>台式</value>
          </Data>
          <Data name="推薦評審">
            <value>迪拉</value>
          </Data>
          <Data name="地址">
            <value>112臺北市北投區大興街68號</value>
          </Data>
          <Data name="營業時間">
            <value>13:00–20:00</value>
          </Data>
          <Data name="電話">
            <value>02 2892 2359</value>
          </Data>
        </ExtendedData>
      </Placemark>
      <Placemark>
        <name>屋伴餃子 WOOPAN​</name>
        <address>屋伴餃子 WOOPAN​ 招牌鍋貼 台北 台式 Hally Chen 111臺北市士林區大北路8號</address>
        <description><![CDATA[總得碗數: 1<br>得獎菜色: 招牌鍋貼<br>地區: 台北<br>菜系: 台式<br>推薦評審: Hally Chen<br>地址: 111臺北市士林區大北路8號<br>營業時間: 11:00–20:00<br>電話: 02 2882 5852]]></description>
        <styleUrl>#icon-1899-0288D1-labelson</styleUrl>
        <ExtendedData>
          <Data name="總得碗數">
            <value>1.0</value>
          </Data>
          <Data name="得獎菜色">
            <value>招牌鍋貼</value>
          </Data>
          <Data name="地區">
            <value>台北</value>
          </Data>
          <Data name="菜系">
            <value>台式</value>
          </Data>
          <Data name="推薦評審">
            <value>Hally Chen</value>
          </Data>
          <Data name="地址">
            <value>111臺北市士林區大北路8號</value>
          </Data>
          <Data name="營業時間">
            <value>11:00–20:00</value>
          </Data>
          <Data name="電話">
            <value>02 2882 5852</value>
          </Data>
        </ExtendedData>
      </Placemark>
      <Placemark>
        <name>春水堂人文茶館（中正店）</name>
        <address>春水堂人文茶館（中正店） 椒麻豆漿擔擔麵 台北 台式 馬世芳 100臺北市中正區中山南路21之1號</address>
        <description><![CDATA[總得碗數: 1<br>得獎菜色: 椒麻豆漿擔擔麵<br>地區: 台北<br>菜系: 台式<br>推薦評審: 馬世芳<br>地址: 100臺北市中正區中山南路21之1號<br>營業時間: <br>電話: ]]></description>
        <styleUrl>#icon-1899-0288D1-labelson</styleUrl>
        <ExtendedData>
          <Data name="總得碗數">
            <value>1.0</value>
          </Data>
          <Data name="得獎菜色">
            <value>椒麻豆漿擔擔麵</value>
          </Data>
          <Data name="地區">
            <value>台北</value>
          </Data>
          <Data name="菜系">
            <value>台式</value>
          </Data>
          <Data name="推薦評審">
            <value>馬世芳</value>
          </Data>
          <Data name="地址">
            <value>100臺北市中正區中山南路21之1號</value>
          </Data>
          <Data name="營業時間">
            <value/>
          </Data>
          <Data name="電話">
            <value/>
          </Data>
        </ExtendedData>
      </Placemark>
      <Placemark>
        <name>紅昌吉豬血湯</name>
        <address>紅昌吉豬血湯 豬血加大腸湯 台北 台式 沈方正 103臺北市大同區昌吉街46號</address>
        <description><![CDATA[總得碗數: 1<br>得獎菜色: 豬血加大腸湯<br>地區: 台北<br>菜系: 台式<br>推薦評審: 沈方正<br>地址: 103臺北市大同區昌吉街46號<br>營業時間: 11:00–21:00<br>電話: 02 2596 1640]]></description>
        <styleUrl>#icon-1899-0288D1-labelson</styleUrl>
        <ExtendedData>
          <Data name="總得碗數">
            <value>1.0</value>
          </Data>
          <Data name="得獎菜色">
            <value>豬血加大腸湯</value>
          </Data>
          <Data name="地區">
            <value>台北</value>
          </Data>
          <Data name="菜系">
            <value>台式</value>
          </Data>
          <Data name="推薦評審">
            <value>沈方正</value>
          </Data>
          <Data name="地址">
            <value>103臺北市大同區昌吉街46號</value>
          </Data>
          <Data name="營業時間">
            <value>11:00–21:00</value>
          </Data>
          <Data name="電話">
            <value>02 2596 1640</value>
          </Data>
        </ExtendedData>
      </Placemark>
      <Placemark>
        <name>美景紅油抄手</name>
        <address>美景紅油抄手 紅油抄手、擔擔麵 台北 台式 馬世芳 106臺北市大安區忠孝東路四段97號B1</address>
        <description><![CDATA[總得碗數: 1<br>得獎菜色: 紅油抄手、擔擔麵<br>地區: 台北<br>菜系: 台式<br>推薦評審: 馬世芳<br>地址: 106臺北市大安區忠孝東路四段97號B1<br>營業時間: 10:30–21:30<br>電話: 08 933 3837]]></description>
        <styleUrl>#icon-1899-0288D1-labelson</styleUrl>
        <ExtendedData>
          <Data name="總得碗數">
            <value>1.0</value>
          </Data>
          <Data name="得獎菜色">
            <value>紅油抄手、擔擔麵</value>
          </Data>
          <Data name="地區">
            <value>台北</value>
          </Data>
          <Data name="菜系">
            <value>台式</value>
          </Data>
          <Data name="推薦評審">
            <value>馬世芳</value>
          </Data>
          <Data name="地址">
            <value>106臺北市大安區忠孝東路四段97號B1</value>
          </Data>
          <Data name="營業時間">
            <value>10:30–21:30</value>
          </Data>
          <Data name="電話">
            <value>08 933 3837</value>
          </Data>
        </ExtendedData>
      </Placemark>
      <Placemark>
        <name>香滿園 </name>
        <address>香滿園  魯肉飯 台北 台式 Nobu Lee 103臺北市大同區萬全街8巷</address>
        <description><![CDATA[總得碗數: 1<br>得獎菜色: 魯肉飯<br>地區: 台北<br>菜系: 台式<br>推薦評審: Nobu Lee<br>地址: 103臺北市大同區萬全街8巷<br>營業時間: 06:30–14:00<br>電話: 02 2557 2229]]></description>
        <styleUrl>#icon-1899-0288D1-labelson</styleUrl>
        <ExtendedData>
          <Data name="總得碗數">
            <value>1.0</value>
          </Data>
          <Data name="得獎菜色">
            <value>魯肉飯</value>
          </Data>
          <Data name="地區">
            <value>台北</value>
          </Data>
          <Data name="菜系">
            <value>台式</value>
          </Data>
          <Data name="推薦評審">
            <value>Nobu Lee</value>
          </Data>
          <Data name="地址">
            <value>103臺北市大同區萬全街8巷</value>
          </Data>
          <Data name="營業時間">
            <value>06:30–14:00</value>
          </Data>
          <Data name="電話">
            <value>02 2557 2229</value>
          </Data>
        </ExtendedData>
      </Placemark>
      <Placemark>
        <name>家鄉碳烤香雞排 士林店</name>
        <address>家鄉碳烤香雞排 士林店 家鄉碳烤雞排 台北 台式 Lulu 黃路梓茵 111臺北市士林區基河路1號</address>
        <description><![CDATA[總得碗數: 1<br>得獎菜色: 家鄉碳烤雞排<br>地區: 台北<br>菜系: 台式<br>推薦評審: Lulu 黃路梓茵<br>地址: 111臺北市士林區基河路1號<br>營業時間: 16:00–00:00<br>電話: 0921 125 187]]></description>
        <styleUrl>#icon-1899-0288D1-labelson</styleUrl>
        <ExtendedData>
          <Data name="總得碗數">
            <value>1.0</value>
          </Data>
          <Data name="得獎菜色">
            <value>家鄉碳烤雞排</value>
          </Data>
          <Data name="地區">
            <value>台北</value>
          </Data>
          <Data name="菜系">
            <value>台式</value>
          </Data>
          <Data name="推薦評審">
            <value>Lulu 黃路梓茵</value>
          </Data>
          <Data name="地址">
            <value>111臺北市士林區基河路1號</value>
          </Data>
          <Data name="營業時間">
            <value>16:00–00:00</value>
          </Data>
          <Data name="電話">
            <value>0921 125 187</value>
          </Data>
        </ExtendedData>
      </Placemark>
      <Placemark>
        <name>桃源街老王記牛肉麵店</name>
        <address>桃源街老王記牛肉麵店 紅燒牛肉麵 清燉牛肉麵 台北 台式 陳泰銘 100臺北市中正區桃源街15號</address>
        <description><![CDATA[總得碗數: 1<br>得獎菜色: 紅燒牛肉麵 清燉牛肉麵<br>地區: 台北<br>菜系: 台式<br>推薦評審: 陳泰銘<br>地址: 100臺北市中正區桃源街15號<br>營業時間: 11:00–14:00<br>17:00–19:00<br>電話: 02 2361 6496]]></description>
        <styleUrl>#icon-1899-0288D1-labelson</styleUrl>
        <ExtendedData>
          <Data name="總得碗數">
            <value>1.0</value>
          </Data>
          <Data name="得獎菜色">
            <value>紅燒牛肉麵 清燉牛肉麵</value>
          </Data>
          <Data name="地區">
            <value>台北</value>
          </Data>
          <Data name="菜系">
            <value>台式</value>
          </Data>
          <Data name="推薦評審">
            <value>陳泰銘</value>
          </Data>
          <Data name="地址">
            <value>100臺北市中正區桃源街15號</value>
          </Data>
          <Data name="營業時間">
            <value>11:00–14:00
17:00–19:00</value>
          </Data>
          <Data name="電話">
            <value>02 2361 6496</value>
          </Data>
        </ExtendedData>
      </Placemark>
      <Placemark>
        <name>索菲亞新疆美食</name>
        <address>索菲亞新疆美食 新疆特色滾辣皮子韭菜拌麵 台北 中式 湯智鈞 105臺北市松山區八德路三段76號13號2樓</address>
        <description><![CDATA[總得碗數: 1<br>得獎菜色: 新疆特色滾辣皮子韭菜拌麵<br>地區: 台北<br>菜系: 中式<br>推薦評審: 湯智鈞<br>地址: 105臺北市松山區八德路三段76號13號2樓<br>營業時間: 11:30–14:00<br>17:00–19:00<br>電話: 0911 782 861]]></description>
        <styleUrl>#icon-1899-0288D1-labelson</styleUrl>
        <ExtendedData>
          <Data name="總得碗數">
            <value>1.0</value>
          </Data>
          <Data name="得獎菜色">
            <value>新疆特色滾辣皮子韭菜拌麵</value>
          </Data>
          <Data name="地區">
            <value>台北</value>
          </Data>
          <Data name="菜系">
            <value>中式</value>
          </Data>
          <Data name="推薦評審">
            <value>湯智鈞</value>
          </Data>
          <Data name="地址">
            <value>105臺北市松山區八德路三段76號13號2樓</value>
          </Data>
          <Data name="營業時間">
            <value>11:30–14:00
17:00–19:00</value>
          </Data>
          <Data name="電話">
            <value>0911 782 861</value>
          </Data>
        </ExtendedData>
      </Placemark>
      <Placemark>
        <name>高家莊米苔目</name>
        <address>高家莊米苔目 米苔目 台北 台式 阿滴 104臺北市中山區林森北路279號</address>
        <description><![CDATA[總得碗數: 1<br>得獎菜色: 米苔目<br>地區: 台北<br>菜系: 台式<br>推薦評審: 阿滴<br>地址: 104臺北市中山區林森北路279號<br>營業時間: 17:00–03:00<br>電話: 02 2567 8012]]></description>
        <styleUrl>#icon-1899-0288D1-labelson</styleUrl>
        <ExtendedData>
          <Data name="總得碗數">
            <value>1.0</value>
          </Data>
          <Data name="得獎菜色">
            <value>米苔目</value>
          </Data>
          <Data name="地區">
            <value>台北</value>
          </Data>
          <Data name="菜系">
            <value>台式</value>
          </Data>
          <Data name="推薦評審">
            <value>阿滴</value>
          </Data>
          <Data name="地址">
            <value>104臺北市中山區林森北路279號</value>
          </Data>
          <Data name="營業時間">
            <value>17:00–03:00</value>
          </Data>
          <Data name="電話">
            <value>02 2567 8012</value>
          </Data>
        </ExtendedData>
      </Placemark>
      <Placemark>
        <name>得記麻辣脆皮臭豆腐</name>
        <address>得記麻辣脆皮臭豆腐 脆皮臭豆腐 台北 台式 阿滴 100臺北市中正區羅斯福路四段52巷16弄4號</address>
        <description><![CDATA[總得碗數: 1<br>得獎菜色: 脆皮臭豆腐<br>地區: 台北<br>菜系: 台式<br>推薦評審: 阿滴<br>地址: 100臺北市中正區羅斯福路四段52巷16弄4號<br>營業時間: 12:30–23:30<br>電話: 02 2364 9616]]></description>
        <styleUrl>#icon-1899-0288D1-labelson</styleUrl>
        <ExtendedData>
          <Data name="總得碗數">
            <value>1.0</value>
          </Data>
          <Data name="得獎菜色">
            <value>脆皮臭豆腐</value>
          </Data>
          <Data name="地區">
            <value>台北</value>
          </Data>
          <Data name="菜系">
            <value>台式</value>
          </Data>
          <Data name="推薦評審">
            <value>阿滴</value>
          </Data>
          <Data name="地址">
            <value>100臺北市中正區羅斯福路四段52巷16弄4號</value>
          </Data>
          <Data name="營業時間">
            <value>12:30–23:30</value>
          </Data>
          <Data name="電話">
            <value>02 2364 9616</value>
          </Data>
        </ExtendedData>
      </Placemark>
      <Placemark>
        <name>排骨湯，高麗菜飯</name>
        <address>排骨湯，高麗菜飯 原汁排骨湯+高麗菜飯 台北 台式 Lulu 黃路梓茵 10491臺北市中山區合江街2號</address>
        <description><![CDATA[總得碗數: 1<br>得獎菜色: 原汁排骨湯+高麗菜飯<br>地區: 台北<br>菜系: 台式<br>推薦評審: Lulu 黃路梓茵<br>地址: 10491臺北市中山區合江街2號<br>營業時間: 11:00–20:00<br>電話: 0987 293 527]]></description>
        <styleUrl>#icon-1899-0288D1-labelson</styleUrl>
        <ExtendedData>
          <Data name="總得碗數">
            <value>1.0</value>
          </Data>
          <Data name="得獎菜色">
            <value>原汁排骨湯+高麗菜飯</value>
          </Data>
          <Data name="地區">
            <value>台北</value>
          </Data>
          <Data name="菜系">
            <value>台式</value>
          </Data>
          <Data name="推薦評審">
            <value>Lulu 黃路梓茵</value>
          </Data>
          <Data name="地址">
            <value>10491臺北市中山區合江街2號</value>
          </Data>
          <Data name="營業時間">
            <value>11:00–20:00</value>
          </Data>
          <Data name="電話">
            <value>0987 293 527</value>
          </Data>
        </ExtendedData>
      </Placemark>
      <Placemark>
        <name>曼谷泰式快炒</name>
        <address>曼谷泰式快炒 打拋豬飯（加泰國辣椒） 台北 泰式 Lulu 黃路梓茵 115臺北市南港區市民大道八段575號</address>
        <description><![CDATA[總得碗數: 1<br>得獎菜色: 打拋豬飯（加泰國辣椒）<br>地區: 台北<br>菜系: 泰式<br>推薦評審: Lulu 黃路梓茵<br>地址: 115臺北市南港區市民大道八段575號<br>營業時間: 11:00–22:00<br>電話: 0966 603 423]]></description>
        <styleUrl>#icon-1899-0288D1-labelson</styleUrl>
        <ExtendedData>
          <Data name="總得碗數">
            <value>1.0</value>
          </Data>
          <Data name="得獎菜色">
            <value>打拋豬飯（加泰國辣椒）</value>
          </Data>
          <Data name="地區">
            <value>台北</value>
          </Data>
          <Data name="菜系">
            <value>泰式</value>
          </Data>
          <Data name="推薦評審">
            <value>Lulu 黃路梓茵</value>
          </Data>
          <Data name="地址">
            <value>115臺北市南港區市民大道八段575號</value>
          </Data>
          <Data name="營業時間">
            <value>11:00–22:00</value>
          </Data>
          <Data name="電話">
            <value>0966 603 423</value>
          </Data>
        </ExtendedData>
      </Placemark>
      <Placemark>
        <name>添財日本料理</name>
        <address>添財日本料理 關東煮 台北 台式 蔣勳 100臺北市中正區武昌街一段16巷6號</address>
        <description><![CDATA[總得碗數: 1<br>得獎菜色: 關東煮<br>地區: 台北<br>菜系: 台式<br>推薦評審: 蔣勳<br>地址: 100臺北市中正區武昌街一段16巷6號<br>營業時間: 11:00–14:30<br>17:00–21:00<br>電話: 02 2361 5119]]></description>
        <styleUrl>#icon-1899-0288D1-labelson</styleUrl>
        <ExtendedData>
          <Data name="總得碗數">
            <value>1.0</value>
          </Data>
          <Data name="得獎菜色">
            <value>關東煮</value>
          </Data>
          <Data name="地區">
            <value>台北</value>
          </Data>
          <Data name="菜系">
            <value>台式</value>
          </Data>
          <Data name="推薦評審">
            <value>蔣勳</value>
          </Data>
          <Data name="地址">
            <value>100臺北市中正區武昌街一段16巷6號</value>
          </Data>
          <Data name="營業時間">
            <value>11:00–14:30
17:00–21:00</value>
          </Data>
          <Data name="電話">
            <value>02 2361 5119</value>
          </Data>
        </ExtendedData>
      </Placemark>
      <Placemark>
        <name>盛味豐炭烤燒餅</name>
        <address>盛味豐炭烤燒餅 小蔥酥餅 台北 台式 藍心湄 106臺北市大安區和平東路二段321號</address>
        <description><![CDATA[總得碗數: 1<br>得獎菜色: 小蔥酥餅<br>地區: 台北<br>菜系: 台式<br>推薦評審: 藍心湄<br>地址: 106臺北市大安區和平東路二段321號<br>營業時間: 06:30–18:00<br>電話: 02 2702 2232]]></description>
        <styleUrl>#icon-1899-0288D1-labelson</styleUrl>
        <ExtendedData>
          <Data name="總得碗數">
            <value>1.0</value>
          </Data>
          <Data name="得獎菜色">
            <value>小蔥酥餅</value>
          </Data>
          <Data name="地區">
            <value>台北</value>
          </Data>
          <Data name="菜系">
            <value>台式</value>
          </Data>
          <Data name="推薦評審">
            <value>藍心湄</value>
          </Data>
          <Data name="地址">
            <value>106臺北市大安區和平東路二段321號</value>
          </Data>
          <Data name="營業時間">
            <value>06:30–18:00</value>
          </Data>
          <Data name="電話">
            <value>02 2702 2232</value>
          </Data>
        </ExtendedData>
      </Placemark>
      <Placemark>
        <name>莊添喜小吃店</name>
        <address>莊添喜小吃店 蚵仔煎 魷魚羹 台北 台式 陳泰銘 111臺北市士林區德行西路77號</address>
        <description><![CDATA[總得碗數: 1<br>得獎菜色: 蚵仔煎 魷魚羹<br>地區: 台北<br>菜系: 台式<br>推薦評審: 陳泰銘<br>地址: 111臺北市士林區德行西路77號<br>營業時間: 10:00–21:00<br>電話: 02 2882 9988]]></description>
        <styleUrl>#icon-1899-0288D1-labelson</styleUrl>
        <ExtendedData>
          <Data name="總得碗數">
            <value>1.0</value>
          </Data>
          <Data name="得獎菜色">
            <value>蚵仔煎 魷魚羹</value>
          </Data>
          <Data name="地區">
            <value>台北</value>
          </Data>
          <Data name="菜系">
            <value>台式</value>
          </Data>
          <Data name="推薦評審">
            <value>陳泰銘</value>
          </Data>
          <Data name="地址">
            <value>111臺北市士林區德行西路77號</value>
          </Data>
          <Data name="營業時間">
            <value>10:00–21:00</value>
          </Data>
          <Data name="電話">
            <value>02 2882 9988</value>
          </Data>
        </ExtendedData>
      </Placemark>
      <Placemark>
        <name>軟食力</name>
        <address>軟食力 雙蛋經典蛋餅 台北 台式 阿滴 10491臺北市中山區民權東路二段135巷30弄21號</address>
        <description><![CDATA[總得碗數: 1<br>得獎菜色: 雙蛋經典蛋餅<br>地區: 台北<br>菜系: 台式<br>推薦評審: 阿滴<br>地址: 10491臺北市中山區民權東路二段135巷30弄21號<br>營業時間: 07:00–14:00<br>電話: ]]></description>
        <styleUrl>#icon-1899-0288D1-labelson</styleUrl>
        <ExtendedData>
          <Data name="總得碗數">
            <value>1.0</value>
          </Data>
          <Data name="得獎菜色">
            <value>雙蛋經典蛋餅</value>
          </Data>
          <Data name="地區">
            <value>台北</value>
          </Data>
          <Data name="菜系">
            <value>台式</value>
          </Data>
          <Data name="推薦評審">
            <value>阿滴</value>
          </Data>
          <Data name="地址">
            <value>10491臺北市中山區民權東路二段135巷30弄21號</value>
          </Data>
          <Data name="營業時間">
            <value>07:00–14:00</value>
          </Data>
          <Data name="電話">
            <value/>
          </Data>
        </ExtendedData>
      </Placemark>
      <Placemark>
        <name>郭家炒牛肉</name>
        <address>郭家炒牛肉 銀芽炒牛肉 台北 台式 阿滴 108臺北市萬華區華西街攤位146號</address>
        <description><![CDATA[總得碗數: 1<br>得獎菜色: 銀芽炒牛肉<br>地區: 台北<br>菜系: 台式<br>推薦評審: 阿滴<br>地址: 108臺北市萬華區華西街攤位146號<br>營業時間: 11:30–22:00<br>電話: 0916 882 578]]></description>
        <styleUrl>#icon-1899-0288D1-labelson</styleUrl>
        <ExtendedData>
          <Data name="總得碗數">
            <value>1.0</value>
          </Data>
          <Data name="得獎菜色">
            <value>銀芽炒牛肉</value>
          </Data>
          <Data name="地區">
            <value>台北</value>
          </Data>
          <Data name="菜系">
            <value>台式</value>
          </Data>
          <Data name="推薦評審">
            <value>阿滴</value>
          </Data>
          <Data name="地址">
            <value>108臺北市萬華區華西街攤位146號</value>
          </Data>
          <Data name="營業時間">
            <value>11:30–22:00</value>
          </Data>
          <Data name="電話">
            <value>0916 882 578</value>
          </Data>
        </ExtendedData>
      </Placemark>
      <Placemark>
        <name>陳記京滬酒釀餅</name>
        <address>陳記京滬酒釀餅 原味酒釀餅 台北 中式 馮宇 100臺北市中正區重慶南路一段48號</address>
        <description><![CDATA[總得碗數: 1<br>得獎菜色: 原味酒釀餅<br>地區: 台北<br>菜系: 中式<br>推薦評審: 馮宇<br>地址: 100臺北市中正區重慶南路一段48號<br>營業時間: 10:30–15:00<br>電話: 0919 585 899]]></description>
        <styleUrl>#icon-1899-0288D1-labelson</styleUrl>
        <ExtendedData>
          <Data name="總得碗數">
            <value>1.0</value>
          </Data>
          <Data name="得獎菜色">
            <value>原味酒釀餅</value>
          </Data>
          <Data name="地區">
            <value>台北</value>
          </Data>
          <Data name="菜系">
            <value>中式</value>
          </Data>
          <Data name="推薦評審">
            <value>馮宇</value>
          </Data>
          <Data name="地址">
            <value>100臺北市中正區重慶南路一段48號</value>
          </Data>
          <Data name="營業時間">
            <value>10:30–15:00</value>
          </Data>
          <Data name="電話">
            <value>0919 585 899</value>
          </Data>
        </ExtendedData>
      </Placemark>
      <Placemark>
        <name>陳記腸蚵專業麵線</name>
        <address>陳記腸蚵專業麵線 蚵仔麵線 台北 台式 阿滴 108臺北市萬華區和平西路三段166號</address>
        <description><![CDATA[總得碗數: 1<br>得獎菜色: 蚵仔麵線<br>地區: 台北<br>菜系: 台式<br>推薦評審: 阿滴<br>地址: 108臺北市萬華區和平西路三段166號<br>營業時間: 06:30–19:00<br>電話: 02 2304 1979]]></description>
        <styleUrl>#icon-1899-0288D1-labelson</styleUrl>
        <ExtendedData>
          <Data name="總得碗數">
            <value>1.0</value>
          </Data>
          <Data name="得獎菜色">
            <value>蚵仔麵線</value>
          </Data>
          <Data name="地區">
            <value>台北</value>
          </Data>
          <Data name="菜系">
            <value>台式</value>
          </Data>
          <Data name="推薦評審">
            <value>阿滴</value>
          </Data>
          <Data name="地址">
            <value>108臺北市萬華區和平西路三段166號</value>
          </Data>
          <Data name="營業時間">
            <value>06:30–19:00</value>
          </Data>
          <Data name="電話">
            <value>02 2304 1979</value>
          </Data>
        </ExtendedData>
      </Placemark>
      <Placemark>
        <name>頂級甜不辣</name>
        <address>頂級甜不辣 甜不辣 台北 台式 李易 108臺北市萬華區廣州街梧州街口</address>
        <description><![CDATA[總得碗數: 1<br>得獎菜色: 甜不辣<br>地區: 台北<br>菜系: 台式<br>推薦評審: 李易<br>地址: 108臺北市萬華區廣州街梧州街口<br>營業時間: 11:00–23:00<br>電話: 02 2302 6022]]></description>
        <styleUrl>#icon-1899-0288D1-labelson</styleUrl>
        <ExtendedData>
          <Data name="總得碗數">
            <value>1.0</value>
          </Data>
          <Data name="得獎菜色">
            <value>甜不辣</value>
          </Data>
          <Data name="地區">
            <value>台北</value>
          </Data>
          <Data name="菜系">
            <value>台式</value>
          </Data>
          <Data name="推薦評審">
            <value>李易</value>
          </Data>
          <Data name="地址">
            <value>108臺北市萬華區廣州街梧州街口</value>
          </Data>
          <Data name="營業時間">
            <value>11:00–23:00</value>
          </Data>
          <Data name="電話">
            <value>02 2302 6022</value>
          </Data>
        </ExtendedData>
      </Placemark>
      <Placemark>
        <name>博多幸龍總本店</name>
        <address>博多幸龍總本店 大碗鹽豚骨拉麵 台北 日式 陳陸寬 105臺北市松山區八德路二段366巷16號</address>
        <description><![CDATA[總得碗數: 1<br>得獎菜色: 大碗鹽豚骨拉麵<br>地區: 台北<br>菜系: 日式<br>推薦評審: 陳陸寬<br>地址: 105臺北市松山區八德路二段366巷16號<br>營業時間: 11:00–22:00<br>電話: 02 2752 1050]]></description>
        <styleUrl>#icon-1899-0288D1-labelson</styleUrl>
        <ExtendedData>
          <Data name="總得碗數">
            <value>1.0</value>
          </Data>
          <Data name="得獎菜色">
            <value>大碗鹽豚骨拉麵</value>
          </Data>
          <Data name="地區">
            <value>台北</value>
          </Data>
          <Data name="菜系">
            <value>日式</value>
          </Data>
          <Data name="推薦評審">
            <value>陳陸寬</value>
          </Data>
          <Data name="地址">
            <value>105臺北市松山區八德路二段366巷16號</value>
          </Data>
          <Data name="營業時間">
            <value>11:00–22:00</value>
          </Data>
          <Data name="電話">
            <value>02 2752 1050</value>
          </Data>
        </ExtendedData>
      </Placemark>
      <Placemark>
        <name>曾記便當</name>
        <address>曾記便當 炸雞腿排 台北 台式 鍾欣凌 105臺北市松山區民生東路五段138巷6號</address>
        <description><![CDATA[總得碗數: 1<br>得獎菜色: 炸雞腿排<br>地區: 台北<br>菜系: 台式<br>推薦評審: 鍾欣凌<br>地址: 105臺北市松山區民生東路五段138巷6號<br>營業時間: 11:00–13:30<br>16:10–19:00<br>電話: 02 2765 7528]]></description>
        <styleUrl>#icon-1899-0288D1-labelson</styleUrl>
        <ExtendedData>
          <Data name="總得碗數">
            <value>1.0</value>
          </Data>
          <Data name="得獎菜色">
            <value>炸雞腿排</value>
          </Data>
          <Data name="地區">
            <value>台北</value>
          </Data>
          <Data name="菜系">
            <value>台式</value>
          </Data>
          <Data name="推薦評審">
            <value>鍾欣凌</value>
          </Data>
          <Data name="地址">
            <value>105臺北市松山區民生東路五段138巷6號</value>
          </Data>
          <Data name="營業時間">
            <value>11:00–13:30
16:10–19:00</value>
          </Data>
          <Data name="電話">
            <value>02 2765 7528</value>
          </Data>
        </ExtendedData>
      </Placemark>
      <Placemark>
        <name>無店名魷魚羹</name>
        <address>無店名魷魚羹 魷魚羹 台北 台式 李易 111臺北市士林區大南路7號</address>
        <description><![CDATA[總得碗數: 1<br>得獎菜色: 魷魚羹<br>地區: 台北<br>菜系: 台式<br>推薦評審: 李易<br>地址: 111臺北市士林區大南路7號<br>營業時間: 16:00–22:00<br>電話: ]]></description>
        <styleUrl>#icon-1899-0288D1-labelson</styleUrl>
        <ExtendedData>
          <Data name="總得碗數">
            <value>1.0</value>
          </Data>
          <Data name="得獎菜色">
            <value>魷魚羹</value>
          </Data>
          <Data name="地區">
            <value>台北</value>
          </Data>
          <Data name="菜系">
            <value>台式</value>
          </Data>
          <Data name="推薦評審">
            <value>李易</value>
          </Data>
          <Data name="地址">
            <value>111臺北市士林區大南路7號</value>
          </Data>
          <Data name="營業時間">
            <value>16:00–22:00</value>
          </Data>
          <Data name="電話">
            <value/>
          </Data>
        </ExtendedData>
      </Placemark>
      <Placemark>
        <name>番紅花城土耳其餐廳</name>
        <address>番紅花城土耳其餐廳 番紅花城招牌披得（牛）（牛肉、蘑菇、起士、雞蛋） 台北 歐美 馬世芳 104臺北市中山區南京東路二段60號</address>
        <description><![CDATA[總得碗數: 1<br>得獎菜色: 番紅花城招牌披得（牛）（牛肉、蘑菇、起士、雞蛋）<br>地區: 台北<br>菜系: 歐美<br>推薦評審: 馬世芳<br>地址: 104臺北市中山區南京東路二段60號<br>營業時間: 11:00–14:00<br>電話: 08 362 5370]]></description>
        <styleUrl>#icon-1899-0288D1-labelson</styleUrl>
        <ExtendedData>
          <Data name="總得碗數">
            <value>1.0</value>
          </Data>
          <Data name="得獎菜色">
            <value>番紅花城招牌披得（牛）（牛肉、蘑菇、起士、雞蛋）</value>
          </Data>
          <Data name="地區">
            <value>台北</value>
          </Data>
          <Data name="菜系">
            <value>歐美</value>
          </Data>
          <Data name="推薦評審">
            <value>馬世芳</value>
          </Data>
          <Data name="地址">
            <value>104臺北市中山區南京東路二段60號</value>
          </Data>
          <Data name="營業時間">
            <value>11:00–14:00</value>
          </Data>
          <Data name="電話">
            <value>08 362 5370</value>
          </Data>
        </ExtendedData>
      </Placemark>
      <Placemark>
        <name>越富越南法國麵包</name>
        <address>越富越南法國麵包 起司雞排夾心麵包 台北 越式 Hally Chen 111臺北市士林區德行東路45號</address>
        <description><![CDATA[總得碗數: 1<br>得獎菜色: 起司雞排夾心麵包<br>地區: 台北<br>菜系: 越式<br>推薦評審: Hally Chen<br>地址: 111臺北市士林區德行東路45號<br>營業時間: 10:00–18:00<br>電話: 0982 090 788]]></description>
        <styleUrl>#icon-1899-0288D1-labelson</styleUrl>
        <ExtendedData>
          <Data name="總得碗數">
            <value>1.0</value>
          </Data>
          <Data name="得獎菜色">
            <value>起司雞排夾心麵包</value>
          </Data>
          <Data name="地區">
            <value>台北</value>
          </Data>
          <Data name="菜系">
            <value>越式</value>
          </Data>
          <Data name="推薦評審">
            <value>Hally Chen</value>
          </Data>
          <Data name="地址">
            <value>111臺北市士林區德行東路45號</value>
          </Data>
          <Data name="營業時間">
            <value>10:00–18:00</value>
          </Data>
          <Data name="電話">
            <value>0982 090 788</value>
          </Data>
        </ExtendedData>
      </Placemark>
      <Placemark>
        <name>黃家香腸</name>
        <address>黃家香腸 碳烤香腸配蒜頭 台北 台式 宇宙人 100臺北市中正區泉州街32之3號</address>
        <description><![CDATA[總得碗數: 1<br>得獎菜色: 碳烤香腸配蒜頭<br>地區: 台北<br>菜系: 台式<br>推薦評審: 宇宙人<br>地址: 100臺北市中正區泉州街32之3號<br>營業時間: 13:00–19:00<br>電話: 02 2309 7428]]></description>
        <styleUrl>#icon-1899-0288D1-labelson</styleUrl>
        <ExtendedData>
          <Data name="總得碗數">
            <value>1.0</value>
          </Data>
          <Data name="得獎菜色">
            <value>碳烤香腸配蒜頭</value>
          </Data>
          <Data name="地區">
            <value>台北</value>
          </Data>
          <Data name="菜系">
            <value>台式</value>
          </Data>
          <Data name="推薦評審">
            <value>宇宙人</value>
          </Data>
          <Data name="地址">
            <value>100臺北市中正區泉州街32之3號</value>
          </Data>
          <Data name="營業時間">
            <value>13:00–19:00</value>
          </Data>
          <Data name="電話">
            <value>02 2309 7428</value>
          </Data>
        </ExtendedData>
      </Placemark>
      <Placemark>
        <name>黃家班水煎包</name>
        <address>黃家班水煎包 水煎包 台北 台式 藍心湄 114臺北市內湖區內湖路一段421號</address>
        <description><![CDATA[總得碗數: 1<br>得獎菜色: 水煎包<br>地區: 台北<br>菜系: 台式<br>推薦評審: 藍心湄<br>地址: 114臺北市內湖區內湖路一段421號<br>營業時間: 08:15–17:00<br>電話: 02 2797 9206]]></description>
        <styleUrl>#icon-1899-0288D1-labelson</styleUrl>
        <ExtendedData>
          <Data name="總得碗數">
            <value>1.0</value>
          </Data>
          <Data name="得獎菜色">
            <value>水煎包</value>
          </Data>
          <Data name="地區">
            <value>台北</value>
          </Data>
          <Data name="菜系">
            <value>台式</value>
          </Data>
          <Data name="推薦評審">
            <value>藍心湄</value>
          </Data>
          <Data name="地址">
            <value>114臺北市內湖區內湖路一段421號</value>
          </Data>
          <Data name="營業時間">
            <value>08:15–17:00</value>
          </Data>
          <Data name="電話">
            <value>02 2797 9206</value>
          </Data>
        </ExtendedData>
      </Placemark>
      <Placemark>
        <name>感謝您鹽酥雞</name>
        <address>感謝您鹽酥雞 鹽酥雞 台北 台式 藍心湄 106臺北市大安區信義路四段60-78號</address>
        <description><![CDATA[總得碗數: 1<br>得獎菜色: 鹽酥雞<br>地區: 台北<br>菜系: 台式<br>推薦評審: 藍心湄<br>地址: 106臺北市大安區信義路四段60-78號<br>營業時間: 17:00–00:00<br>電話: 02 2707 5492]]></description>
        <styleUrl>#icon-1899-0288D1-labelson</styleUrl>
        <ExtendedData>
          <Data name="總得碗數">
            <value>1.0</value>
          </Data>
          <Data name="得獎菜色">
            <value>鹽酥雞</value>
          </Data>
          <Data name="地區">
            <value>台北</value>
          </Data>
          <Data name="菜系">
            <value>台式</value>
          </Data>
          <Data name="推薦評審">
            <value>藍心湄</value>
          </Data>
          <Data name="地址">
            <value>106臺北市大安區信義路四段60-78號</value>
          </Data>
          <Data name="營業時間">
            <value>17:00–00:00</value>
          </Data>
          <Data name="電話">
            <value>02 2707 5492</value>
          </Data>
        </ExtendedData>
      </Placemark>
      <Placemark>
        <name>楊家醬手作醬料麵食館</name>
        <address>楊家醬手作醬料麵食館 素包湯 台北 台式 林裕森 105臺北市松山區延壽街143-1號</address>
        <description><![CDATA[總得碗數: 1<br>得獎菜色: 素包湯<br>地區: 台北<br>菜系: 台式<br>推薦評審: 林裕森<br>地址: 105臺北市松山區延壽街143-1號<br>營業時間: 11:00–14:00<br>17:00–20:30<br>電話: 02 2747 1001]]></description>
        <styleUrl>#icon-1899-0288D1-labelson</styleUrl>
        <ExtendedData>
          <Data name="總得碗數">
            <value>1.0</value>
          </Data>
          <Data name="得獎菜色">
            <value>素包湯</value>
          </Data>
          <Data name="地區">
            <value>台北</value>
          </Data>
          <Data name="菜系">
            <value>台式</value>
          </Data>
          <Data name="推薦評審">
            <value>林裕森</value>
          </Data>
          <Data name="地址">
            <value>105臺北市松山區延壽街143-1號</value>
          </Data>
          <Data name="營業時間">
            <value>11:00–14:00
17:00–20:30</value>
          </Data>
          <Data name="電話">
            <value>02 2747 1001</value>
          </Data>
        </ExtendedData>
      </Placemark>
      <Placemark>
        <name>極之好味 港式燒臘飯館｜台北大安店</name>
        <address>極之好味 港式燒臘飯館｜台北大安店 肥龍叉燒 台北 港式 馬世芳 106臺北市大安區大安路一段16巷8號1樓</address>
        <description><![CDATA[總得碗數: 1<br>得獎菜色: 肥龍叉燒<br>地區: 台北<br>菜系: 港式<br>推薦評審: 馬世芳<br>地址: 106臺北市大安區大安路一段16巷8號1樓<br>營業時間: 07:00–13:00<br>電話: 0972 732 085]]></description>
        <styleUrl>#icon-1899-0288D1-labelson</styleUrl>
        <ExtendedData>
          <Data name="總得碗數">
            <value>1.0</value>
          </Data>
          <Data name="得獎菜色">
            <value>肥龍叉燒</value>
          </Data>
          <Data name="地區">
            <value>台北</value>
          </Data>
          <Data name="菜系">
            <value>港式</value>
          </Data>
          <Data name="推薦評審">
            <value>馬世芳</value>
          </Data>
          <Data name="地址">
            <value>106臺北市大安區大安路一段16巷8號1樓</value>
          </Data>
          <Data name="營業時間">
            <value>07:00–13:00</value>
          </Data>
          <Data name="電話">
            <value>0972 732 085</value>
          </Data>
        </ExtendedData>
      </Placemark>
      <Placemark>
        <name>源芳刈包</name>
        <address>源芳刈包 刈包 台北 台式 可播兄弟 108臺北市萬華區華西街17-2號</address>
        <description><![CDATA[總得碗數: 1<br>得獎菜色: 刈包<br>地區: 台北<br>菜系: 台式<br>推薦評審: 可播兄弟<br>地址: 108臺北市萬華區華西街17-2號<br>營業時間: 11:30–20:00<br>電話: 02 2381 0249]]></description>
        <styleUrl>#icon-1899-0288D1-labelson</styleUrl>
        <ExtendedData>
          <Data name="總得碗數">
            <value>1.0</value>
          </Data>
          <Data name="得獎菜色">
            <value>刈包</value>
          </Data>
          <Data name="地區">
            <value>台北</value>
          </Data>
          <Data name="菜系">
            <value>台式</value>
          </Data>
          <Data name="推薦評審">
            <value>可播兄弟</value>
          </Data>
          <Data name="地址">
            <value>108臺北市萬華區華西街17-2號</value>
          </Data>
          <Data name="營業時間">
            <value>11:30–20:00</value>
          </Data>
          <Data name="電話">
            <value>02 2381 0249</value>
          </Data>
        </ExtendedData>
      </Placemark>
      <Placemark>
        <name>溫州街蘿蔔絲餅達人 </name>
        <address>溫州街蘿蔔絲餅達人  蘿蔔絲餅 台北 台式 藍心湄 106臺北市大安區和平東路一段186-1號</address>
        <description><![CDATA[總得碗數: 1<br>得獎菜色: 蘿蔔絲餅<br>地區: 台北<br>菜系: 台式<br>推薦評審: 藍心湄<br>地址: 106臺北市大安區和平東路一段186-1號<br>營業時間: 07:00–20:00<br>電話: 02 2369 5649]]></description>
        <styleUrl>#icon-1899-0288D1-labelson</styleUrl>
        <ExtendedData>
          <Data name="總得碗數">
            <value>1.0</value>
          </Data>
          <Data name="得獎菜色">
            <value>蘿蔔絲餅</value>
          </Data>
          <Data name="地區">
            <value>台北</value>
          </Data>
          <Data name="菜系">
            <value>台式</value>
          </Data>
          <Data name="推薦評審">
            <value>藍心湄</value>
          </Data>
          <Data name="地址">
            <value>106臺北市大安區和平東路一段186-1號</value>
          </Data>
          <Data name="營業時間">
            <value>07:00–20:00</value>
          </Data>
          <Data name="電話">
            <value>02 2369 5649</value>
          </Data>
        </ExtendedData>
      </Placemark>
      <Placemark>
        <name>矮仔財滷肉飯</name>
        <address>矮仔財滷肉飯 滷肉飯 台北 台式 江振誠 112臺北市北投區磺港路33號D419</address>
        <description><![CDATA[總得碗數: 1<br>得獎菜色: 滷肉飯<br>地區: 台北<br>菜系: 台式<br>推薦評審: 江振誠<br>地址: 112臺北市北投區磺港路33號D419<br>營業時間: 07:00–13:00<br>電話: ]]></description>
        <styleUrl>#icon-1899-0288D1-labelson</styleUrl>
        <ExtendedData>
          <Data name="總得碗數">
            <value>1.0</value>
          </Data>
          <Data name="得獎菜色">
            <value>滷肉飯</value>
          </Data>
          <Data name="地區">
            <value>台北</value>
          </Data>
          <Data name="菜系">
            <value>台式</value>
          </Data>
          <Data name="推薦評審">
            <value>江振誠</value>
          </Data>
          <Data name="地址">
            <value>112臺北市北投區磺港路33號D419</value>
          </Data>
          <Data name="營業時間">
            <value>07:00–13:00</value>
          </Data>
          <Data name="電話">
            <value/>
          </Data>
        </ExtendedData>
      </Placemark>
      <Placemark>
        <name>萬大蟹殼黃碳烤燒餅店</name>
        <address>萬大蟹殼黃碳烤燒餅店 蟹殼黃 台北 中式 宇宙人 108臺北市萬華區萬大路124號</address>
        <description><![CDATA[總得碗數: 1<br>得獎菜色: 蟹殼黃<br>地區: 台北<br>菜系: 中式<br>推薦評審: 宇宙人<br>地址: 108臺北市萬華區萬大路124號<br>營業時間: 09:30–20:00<br>電話: 02 2336 6063]]></description>
        <styleUrl>#icon-1899-0288D1-labelson</styleUrl>
        <ExtendedData>
          <Data name="總得碗數">
            <value>1.0</value>
          </Data>
          <Data name="得獎菜色">
            <value>蟹殼黃</value>
          </Data>
          <Data name="地區">
            <value>台北</value>
          </Data>
          <Data name="菜系">
            <value>中式</value>
          </Data>
          <Data name="推薦評審">
            <value>宇宙人</value>
          </Data>
          <Data name="地址">
            <value>108臺北市萬華區萬大路124號</value>
          </Data>
          <Data name="營業時間">
            <value>09:30–20:00</value>
          </Data>
          <Data name="電話">
            <value>02 2336 6063</value>
          </Data>
        </ExtendedData>
      </Placemark>
      <Placemark>
        <name>鼎旺麻辣鍋（一店）</name>
        <address>鼎旺麻辣鍋（一店） 麻辣鴨血豆腐麵 台北 台式 馮宇 106臺北市大安區大安路一段251號1樓</address>
        <description><![CDATA[總得碗數: 1<br>得獎菜色: 麻辣鴨血豆腐麵<br>地區: 台北<br>菜系: 台式<br>推薦評審: 馮宇<br>地址: 106臺北市大安區大安路一段251號1樓<br>營業時間: 11:30–14:00<br>17:00–22:00<br>電話: 02 2704 4172]]></description>
        <styleUrl>#icon-1899-0288D1-labelson</styleUrl>
        <ExtendedData>
          <Data name="總得碗數">
            <value>1.0</value>
          </Data>
          <Data name="得獎菜色">
            <value>麻辣鴨血豆腐麵</value>
          </Data>
          <Data name="地區">
            <value>台北</value>
          </Data>
          <Data name="菜系">
            <value>台式</value>
          </Data>
          <Data name="推薦評審">
            <value>馮宇</value>
          </Data>
          <Data name="地址">
            <value>106臺北市大安區大安路一段251號1樓</value>
          </Data>
          <Data name="營業時間">
            <value>11:30–14:00
17:00–22:00</value>
          </Data>
          <Data name="電話">
            <value>02 2704 4172</value>
          </Data>
        </ExtendedData>
      </Placemark>
      <Placemark>
        <name>寧夏夜市-知高飯</name>
        <address>寧夏夜市-知高飯 香菇魯肉飯 台北 台式 Nobu Lee 103臺北市大同區寧夏路034攤位號</address>
        <description><![CDATA[總得碗數: 1<br>得獎菜色: 香菇魯肉飯<br>地區: 台北<br>菜系: 台式<br>推薦評審: Nobu Lee<br>地址: 103臺北市大同區寧夏路034攤位號<br>營業時間: 17:00–00:30<br>電話: ]]></description>
        <styleUrl>#icon-1899-0288D1-labelson</styleUrl>
        <ExtendedData>
          <Data name="總得碗數">
            <value>1.0</value>
          </Data>
          <Data name="得獎菜色">
            <value>香菇魯肉飯</value>
          </Data>
          <Data name="地區">
            <value>台北</value>
          </Data>
          <Data name="菜系">
            <value>台式</value>
          </Data>
          <Data name="推薦評審">
            <value>Nobu Lee</value>
          </Data>
          <Data name="地址">
            <value>103臺北市大同區寧夏路034攤位號</value>
          </Data>
          <Data name="營業時間">
            <value>17:00–00:30</value>
          </Data>
          <Data name="電話">
            <value/>
          </Data>
        </ExtendedData>
      </Placemark>
      <Placemark>
        <name>彰化肉圓</name>
        <address>彰化肉圓 肉圓 台北 台式 藍心湄 106臺北市大安區安東街35巷4之1號</address>
        <description><![CDATA[總得碗數: 1<br>得獎菜色: 肉圓<br>地區: 台北<br>菜系: 台式<br>推薦評審: 藍心湄<br>地址: 106臺北市大安區安東街35巷4之1號<br>營業時間: 16:00–18:30<br>電話: 02 2752 1428]]></description>
        <styleUrl>#icon-1899-0288D1-labelson</styleUrl>
        <ExtendedData>
          <Data name="總得碗數">
            <value>1.0</value>
          </Data>
          <Data name="得獎菜色">
            <value>肉圓</value>
          </Data>
          <Data name="地區">
            <value>台北</value>
          </Data>
          <Data name="菜系">
            <value>台式</value>
          </Data>
          <Data name="推薦評審">
            <value>藍心湄</value>
          </Data>
          <Data name="地址">
            <value>106臺北市大安區安東街35巷4之1號</value>
          </Data>
          <Data name="營業時間">
            <value>16:00–18:30</value>
          </Data>
          <Data name="電話">
            <value>02 2752 1428</value>
          </Data>
        </ExtendedData>
      </Placemark>
      <Placemark>
        <name>瑪莉珍比薩 台大店</name>
        <address>瑪莉珍比薩 台大店 最愛的瑪莉珍 台北 歐美 Hally Chen 106臺北市大安區溫州街89號</address>
        <description><![CDATA[總得碗數: 1<br>得獎菜色: 最愛的瑪莉珍<br>地區: 台北<br>菜系: 歐美<br>推薦評審: Hally Chen<br>地址: 106臺北市大安區溫州街89號<br>營業時間: 11:30–15:00<br>16:30–20:45<br>電話: 02 2365 5222]]></description>
        <styleUrl>#icon-1899-0288D1-labelson</styleUrl>
        <ExtendedData>
          <Data name="總得碗數">
            <value>1.0</value>
          </Data>
          <Data name="得獎菜色">
            <value>最愛的瑪莉珍</value>
          </Data>
          <Data name="地區">
            <value>台北</value>
          </Data>
          <Data name="菜系">
            <value>歐美</value>
          </Data>
          <Data name="推薦評審">
            <value>Hally Chen</value>
          </Data>
          <Data name="地址">
            <value>106臺北市大安區溫州街89號</value>
          </Data>
          <Data name="營業時間">
            <value>11:30–15:00
16:30–20:45</value>
          </Data>
          <Data name="電話">
            <value>02 2365 5222</value>
          </Data>
        </ExtendedData>
      </Placemark>
      <Placemark>
        <name>福州麵店</name>
        <address>福州麵店 嘴邊肉 台北 中式 劉恒昌 103臺北市大同區重慶北路三段236巷44弄2號</address>
        <description><![CDATA[總得碗數: 1<br>得獎菜色: 嘴邊肉<br>地區: 台北<br>菜系: 中式<br>推薦評審: 劉恒昌<br>地址: 103臺北市大同區重慶北路三段236巷44弄2號<br>營業時間: 05:30–11:20<br>電話: ]]></description>
        <styleUrl>#icon-1899-0288D1-labelson</styleUrl>
        <ExtendedData>
          <Data name="總得碗數">
            <value>1.0</value>
          </Data>
          <Data name="得獎菜色">
            <value>嘴邊肉</value>
          </Data>
          <Data name="地區">
            <value>台北</value>
          </Data>
          <Data name="菜系">
            <value>中式</value>
          </Data>
          <Data name="推薦評審">
            <value>劉恒昌</value>
          </Data>
          <Data name="地址">
            <value>103臺北市大同區重慶北路三段236巷44弄2號</value>
          </Data>
          <Data name="營業時間">
            <value>05:30–11:20</value>
          </Data>
          <Data name="電話">
            <value/>
          </Data>
        </ExtendedData>
      </Placemark>
      <Placemark>
        <name>福來伯傳統美食</name>
        <address>福來伯傳統美食 福州魚丸湯 台北 台式 藍心湄 114臺北市內湖區成功路四段30巷8-5號</address>
        <description><![CDATA[總得碗數: 1<br>得獎菜色: 福州魚丸湯<br>地區: 台北<br>菜系: 台式<br>推薦評審: 藍心湄<br>地址: 114臺北市內湖區成功路四段30巷8-5號<br>營業時間: 11:00–20:30<br>電話: 02 2795 2902]]></description>
        <styleUrl>#icon-1899-0288D1-labelson</styleUrl>
        <ExtendedData>
          <Data name="總得碗數">
            <value>1.0</value>
          </Data>
          <Data name="得獎菜色">
            <value>福州魚丸湯</value>
          </Data>
          <Data name="地區">
            <value>台北</value>
          </Data>
          <Data name="菜系">
            <value>台式</value>
          </Data>
          <Data name="推薦評審">
            <value>藍心湄</value>
          </Data>
          <Data name="地址">
            <value>114臺北市內湖區成功路四段30巷8-5號</value>
          </Data>
          <Data name="營業時間">
            <value>11:00–20:30</value>
          </Data>
          <Data name="電話">
            <value>02 2795 2902</value>
          </Data>
        </ExtendedData>
      </Placemark>
      <Placemark>
        <name>臺鐵便當本舖-七堵製供</name>
        <address>臺鐵便當本舖-七堵製供 100元排骨 台北 台式 馬世芳 100臺北市中正區北平西路1號樓G02-3號</address>
        <description><![CDATA[總得碗數: 1<br>得獎菜色: 100元排骨<br>地區: 台北<br>菜系: 台式<br>推薦評審: 馬世芳<br>地址: 100臺北市中正區北平西路1號樓G02-3號<br>營業時間: 10:10–18:00<br>電話: 02 2383 0367]]></description>
        <styleUrl>#icon-1899-0288D1-labelson</styleUrl>
        <ExtendedData>
          <Data name="總得碗數">
            <value>1.0</value>
          </Data>
          <Data name="得獎菜色">
            <value>100元排骨</value>
          </Data>
          <Data name="地區">
            <value>台北</value>
          </Data>
          <Data name="菜系">
            <value>台式</value>
          </Data>
          <Data name="推薦評審">
            <value>馬世芳</value>
          </Data>
          <Data name="地址">
            <value>100臺北市中正區北平西路1號樓G02-3號</value>
          </Data>
          <Data name="營業時間">
            <value>10:10–18:00</value>
          </Data>
          <Data name="電話">
            <value>02 2383 0367</value>
          </Data>
        </ExtendedData>
      </Placemark>
      <Placemark>
        <name>艋舺大豐魚丸店</name>
        <address>艋舺大豐魚丸店 炸物 台北 台式 韓勾ㄟ金針菇  108臺北市萬華區三水街62號</address>
        <description><![CDATA[總得碗數: 1<br>得獎菜色: 炸物<br>地區: 台北<br>菜系: 台式<br>推薦評審: 韓勾ㄟ金針菇 <br>地址: 108臺北市萬華區三水街62號<br>營業時間: 08:30–13:30<br>電話: 02 2306 0532]]></description>
        <styleUrl>#icon-1899-0288D1-labelson</styleUrl>
        <ExtendedData>
          <Data name="總得碗數">
            <value>1.0</value>
          </Data>
          <Data name="得獎菜色">
            <value>炸物</value>
          </Data>
          <Data name="地區">
            <value>台北</value>
          </Data>
          <Data name="菜系">
            <value>台式</value>
          </Data>
          <Data name="推薦評審">
            <value>韓勾ㄟ金針菇 </value>
          </Data>
          <Data name="地址">
            <value>108臺北市萬華區三水街62號</value>
          </Data>
          <Data name="營業時間">
            <value>08:30–13:30</value>
          </Data>
          <Data name="電話">
            <value>02 2306 0532</value>
          </Data>
        </ExtendedData>
      </Placemark>
      <Placemark>
        <name>劉山東小吃店</name>
        <address>劉山東小吃店 清燉牛肉麵 台北 中式 劉恒昌 100臺北市中正區開封街一段14巷2號</address>
        <description><![CDATA[總得碗數: 1<br>得獎菜色: 清燉牛肉麵<br>地區: 台北<br>菜系: 中式<br>推薦評審: 劉恒昌<br>地址: 100臺北市中正區開封街一段14巷2號<br>營業時間: 08:00–18:00<br>電話: 02 2311 3581]]></description>
        <styleUrl>#icon-1899-0288D1-labelson</styleUrl>
        <ExtendedData>
          <Data name="總得碗數">
            <value>1.0</value>
          </Data>
          <Data name="得獎菜色">
            <value>清燉牛肉麵</value>
          </Data>
          <Data name="地區">
            <value>台北</value>
          </Data>
          <Data name="菜系">
            <value>中式</value>
          </Data>
          <Data name="推薦評審">
            <value>劉恒昌</value>
          </Data>
          <Data name="地址">
            <value>100臺北市中正區開封街一段14巷2號</value>
          </Data>
          <Data name="營業時間">
            <value>08:00–18:00</value>
          </Data>
          <Data name="電話">
            <value>02 2311 3581</value>
          </Data>
        </ExtendedData>
      </Placemark>
      <Placemark>
        <name>劍潭肉圓王</name>
        <address>劍潭肉圓王 肉圓 台北 台式 藍心湄 111臺北市士林區承德路四段12巷38號</address>
        <description><![CDATA[總得碗數: 1<br>得獎菜色: 肉圓<br>地區: 台北<br>菜系: 台式<br>推薦評審: 藍心湄<br>地址: 111臺北市士林區承德路四段12巷38號<br>營業時間: 11:00–21:00<br>電話: 02 2885 6677]]></description>
        <styleUrl>#icon-1899-0288D1-labelson</styleUrl>
        <ExtendedData>
          <Data name="總得碗數">
            <value>1.0</value>
          </Data>
          <Data name="得獎菜色">
            <value>肉圓</value>
          </Data>
          <Data name="地區">
            <value>台北</value>
          </Data>
          <Data name="菜系">
            <value>台式</value>
          </Data>
          <Data name="推薦評審">
            <value>藍心湄</value>
          </Data>
          <Data name="地址">
            <value>111臺北市士林區承德路四段12巷38號</value>
          </Data>
          <Data name="營業時間">
            <value>11:00–21:00</value>
          </Data>
          <Data name="電話">
            <value>02 2885 6677</value>
          </Data>
        </ExtendedData>
      </Placemark>
      <Placemark>
        <name>劍潭勇伯米粉湯</name>
        <address>劍潭勇伯米粉湯 大腸頭 台北 台式 徐仲 111臺北市士林區承德路四段6巷45號</address>
        <description><![CDATA[總得碗數: 1<br>得獎菜色: 大腸頭<br>地區: 台北<br>菜系: 台式<br>推薦評審: 徐仲<br>地址: 111臺北市士林區承德路四段6巷45號<br>營業時間: 08:00–15:00<br>電話: 02 2885 3112]]></description>
        <styleUrl>#icon-1899-0288D1-labelson</styleUrl>
        <ExtendedData>
          <Data name="總得碗數">
            <value>1.0</value>
          </Data>
          <Data name="得獎菜色">
            <value>大腸頭</value>
          </Data>
          <Data name="地區">
            <value>台北</value>
          </Data>
          <Data name="菜系">
            <value>台式</value>
          </Data>
          <Data name="推薦評審">
            <value>徐仲</value>
          </Data>
          <Data name="地址">
            <value>111臺北市士林區承德路四段6巷45號</value>
          </Data>
          <Data name="營業時間">
            <value>08:00–15:00</value>
          </Data>
          <Data name="電話">
            <value>02 2885 3112</value>
          </Data>
        </ExtendedData>
      </Placemark>
      <Placemark>
        <name>廟口鵝肉</name>
        <address>廟口鵝肉 脆皮燒肉 台北 台式 陳陸寬 106臺北市大安區安東街36號</address>
        <description><![CDATA[總得碗數: 1<br>得獎菜色: 脆皮燒肉<br>地區: 台北<br>菜系: 台式<br>推薦評審: 陳陸寬<br>地址: 106臺北市大安區安東街36號<br>營業時間: 15:00–18:00<br>電話: 0912 838 667]]></description>
        <styleUrl>#icon-1899-0288D1-labelson</styleUrl>
        <ExtendedData>
          <Data name="總得碗數">
            <value>1.0</value>
          </Data>
          <Data name="得獎菜色">
            <value>脆皮燒肉</value>
          </Data>
          <Data name="地區">
            <value>台北</value>
          </Data>
          <Data name="菜系">
            <value>台式</value>
          </Data>
          <Data name="推薦評審">
            <value>陳陸寬</value>
          </Data>
          <Data name="地址">
            <value>106臺北市大安區安東街36號</value>
          </Data>
          <Data name="營業時間">
            <value>15:00–18:00</value>
          </Data>
          <Data name="電話">
            <value>0912 838 667</value>
          </Data>
        </ExtendedData>
      </Placemark>
      <Placemark>
        <name>豬大郎豬血糕</name>
        <address>豬大郎豬血糕 豬血糕 台北 台式 藍心湄 114臺北市內湖區內湖路一段737巷30號屈臣氏前</address>
        <description><![CDATA[總得碗數: 1<br>得獎菜色: 豬血糕<br>地區: 台北<br>菜系: 台式<br>推薦評審: 藍心湄<br>地址: 114臺北市內湖區內湖路一段737巷30號屈臣氏前<br>營業時間: 11:00–23:30<br>電話: 0928 444 715]]></description>
        <styleUrl>#icon-1899-0288D1-labelson</styleUrl>
        <ExtendedData>
          <Data name="總得碗數">
            <value>1.0</value>
          </Data>
          <Data name="得獎菜色">
            <value>豬血糕</value>
          </Data>
          <Data name="地區">
            <value>台北</value>
          </Data>
          <Data name="菜系">
            <value>台式</value>
          </Data>
          <Data name="推薦評審">
            <value>藍心湄</value>
          </Data>
          <Data name="地址">
            <value>114臺北市內湖區內湖路一段737巷30號屈臣氏前</value>
          </Data>
          <Data name="營業時間">
            <value>11:00–23:30</value>
          </Data>
          <Data name="電話">
            <value>0928 444 715</value>
          </Data>
        </ExtendedData>
      </Placemark>
      <Placemark>
        <name>賣麵炎仔</name>
        <address>賣麵炎仔 燒肉 台北 台式 劉恒昌 103臺北市大同區安西街106號</address>
        <description><![CDATA[總得碗數: 1<br>得獎菜色: 燒肉<br>地區: 台北<br>菜系: 台式<br>推薦評審: 劉恒昌<br>地址: 103臺北市大同區安西街106號<br>營業時間: 07:00–14:30<br>電話: 02 2557 7087]]></description>
        <styleUrl>#icon-1899-0288D1-labelson</styleUrl>
        <ExtendedData>
          <Data name="總得碗數">
            <value>1.0</value>
          </Data>
          <Data name="得獎菜色">
            <value>燒肉</value>
          </Data>
          <Data name="地區">
            <value>台北</value>
          </Data>
          <Data name="菜系">
            <value>台式</value>
          </Data>
          <Data name="推薦評審">
            <value>劉恒昌</value>
          </Data>
          <Data name="地址">
            <value>103臺北市大同區安西街106號</value>
          </Data>
          <Data name="營業時間">
            <value>07:00–14:30</value>
          </Data>
          <Data name="電話">
            <value>02 2557 7087</value>
          </Data>
        </ExtendedData>
      </Placemark>
      <Placemark>
        <name>醉翁漁港海鮮</name>
        <address>醉翁漁港海鮮 菜脯蛋 台北 台式 陳陸寬 105臺北市松山區長安東路二段272號</address>
        <description><![CDATA[總得碗數: 1<br>得獎菜色: 菜脯蛋<br>地區: 台北<br>菜系: 台式<br>推薦評審: 陳陸寬<br>地址: 105臺北市松山區長安東路二段272號<br>營業時間: 17:00–01:00<br>電話: 02 2781 0883]]></description>
        <styleUrl>#icon-1899-0288D1-labelson</styleUrl>
        <ExtendedData>
          <Data name="總得碗數">
            <value>1.0</value>
          </Data>
          <Data name="得獎菜色">
            <value>菜脯蛋</value>
          </Data>
          <Data name="地區">
            <value>台北</value>
          </Data>
          <Data name="菜系">
            <value>台式</value>
          </Data>
          <Data name="推薦評審">
            <value>陳陸寬</value>
          </Data>
          <Data name="地址">
            <value>105臺北市松山區長安東路二段272號</value>
          </Data>
          <Data name="營業時間">
            <value>17:00–01:00</value>
          </Data>
          <Data name="電話">
            <value>02 2781 0883</value>
          </Data>
        </ExtendedData>
      </Placemark>
      <Placemark>
        <name>魷魚標</name>
        <address>魷魚標 魷魚標 台北 台式 江振誠 103臺北市大同區保安街49巷17號</address>
        <description><![CDATA[總得碗數: 1<br>得獎菜色: 魷魚標<br>地區: 台北<br>菜系: 台式<br>推薦評審: 江振誠<br>地址: 103臺北市大同區保安街49巷17號<br>營業時間: 09:30–16:30<br>電話: 0922 111 682]]></description>
        <styleUrl>#icon-1899-0288D1-labelson</styleUrl>
        <ExtendedData>
          <Data name="總得碗數">
            <value>1.0</value>
          </Data>
          <Data name="得獎菜色">
            <value>魷魚標</value>
          </Data>
          <Data name="地區">
            <value>台北</value>
          </Data>
          <Data name="菜系">
            <value>台式</value>
          </Data>
          <Data name="推薦評審">
            <value>江振誠</value>
          </Data>
          <Data name="地址">
            <value>103臺北市大同區保安街49巷17號</value>
          </Data>
          <Data name="營業時間">
            <value>09:30–16:30</value>
          </Data>
          <Data name="電話">
            <value>0922 111 682</value>
          </Data>
        </ExtendedData>
      </Placemark>
      <Placemark>
        <name>曉迪筒仔米糕 </name>
        <address>曉迪筒仔米糕  滷肉飯 台北 台式 Nobu Lee 100臺北市中正區中華路二段307巷22號</address>
        <description><![CDATA[總得碗數: 1<br>得獎菜色: 滷肉飯<br>地區: 台北<br>菜系: 台式<br>推薦評審: Nobu Lee<br>地址: 100臺北市中正區中華路二段307巷22號<br>營業時間: 11:00–22:00<br>電話: 0935 297 218]]></description>
        <styleUrl>#icon-1899-0288D1-labelson</styleUrl>
        <ExtendedData>
          <Data name="總得碗數">
            <value>1.0</value>
          </Data>
          <Data name="得獎菜色">
            <value>滷肉飯</value>
          </Data>
          <Data name="地區">
            <value>台北</value>
          </Data>
          <Data name="菜系">
            <value>台式</value>
          </Data>
          <Data name="推薦評審">
            <value>Nobu Lee</value>
          </Data>
          <Data name="地址">
            <value>100臺北市中正區中華路二段307巷22號</value>
          </Data>
          <Data name="營業時間">
            <value>11:00–22:00</value>
          </Data>
          <Data name="電話">
            <value>0935 297 218</value>
          </Data>
        </ExtendedData>
      </Placemark>
      <Placemark>
        <name>興記沙茶魷魚羹</name>
        <address>興記沙茶魷魚羹 沙茶魷魚羹 台北 台式 朱𩃀理 106臺北市大安區忠孝東路四段216巷19弄3號</address>
        <description><![CDATA[總得碗數: 1<br>得獎菜色: 沙茶魷魚羹<br>地區: 台北<br>菜系: 台式<br>推薦評審: 朱𩃀理<br>地址: 106臺北市大安區忠孝東路四段216巷19弄3號<br>營業時間: 11:00–18:00<br>電話: 02 2721 5936]]></description>
        <styleUrl>#icon-1899-0288D1-labelson</styleUrl>
        <ExtendedData>
          <Data name="總得碗數">
            <value>1.0</value>
          </Data>
          <Data name="得獎菜色">
            <value>沙茶魷魚羹</value>
          </Data>
          <Data name="地區">
            <value>台北</value>
          </Data>
          <Data name="菜系">
            <value>台式</value>
          </Data>
          <Data name="推薦評審">
            <value>朱𩃀理</value>
          </Data>
          <Data name="地址">
            <value>106臺北市大安區忠孝東路四段216巷19弄3號</value>
          </Data>
          <Data name="營業時間">
            <value>11:00–18:00</value>
          </Data>
          <Data name="電話">
            <value>02 2721 5936</value>
          </Data>
        </ExtendedData>
      </Placemark>
      <Placemark>
        <name>龍記炒燴</name>
        <address>龍記炒燴 滑蛋牛肉燴飯 台北 台式 肥波開吃啦 100臺北市中正區羅斯福路四段92號</address>
        <description><![CDATA[總得碗數: 1<br>得獎菜色: 滑蛋牛肉燴飯<br>地區: 台北<br>菜系: 台式<br>推薦評審: 肥波開吃啦<br>地址: 100臺北市中正區羅斯福路四段92號<br>營業時間: 12:00–15:00<br>17:00–20:00<br>電話: 07 521 5151]]></description>
        <styleUrl>#icon-1899-0288D1-labelson</styleUrl>
        <ExtendedData>
          <Data name="總得碗數">
            <value>1.0</value>
          </Data>
          <Data name="得獎菜色">
            <value>滑蛋牛肉燴飯</value>
          </Data>
          <Data name="地區">
            <value>台北</value>
          </Data>
          <Data name="菜系">
            <value>台式</value>
          </Data>
          <Data name="推薦評審">
            <value>肥波開吃啦</value>
          </Data>
          <Data name="地址">
            <value>100臺北市中正區羅斯福路四段92號</value>
          </Data>
          <Data name="營業時間">
            <value>12:00–15:00
17:00–20:00</value>
          </Data>
          <Data name="電話">
            <value>07 521 5151</value>
          </Data>
        </ExtendedData>
      </Placemark>
      <Placemark>
        <name>韓貞味</name>
        <address>韓貞味 豆腐鍋 台北 韓式 Hally Chen 111臺北市士林區士東路100號111 樓131號攤位（2 號門上樓左邊2號</address>
        <description><![CDATA[總得碗數: 1<br>得獎菜色: 豆腐鍋<br>地區: 台北<br>菜系: 韓式<br>推薦評審: Hally Chen<br>地址: 111臺北市士林區士東路100號111 樓131號攤位（2 號門上樓左邊2號<br>營業時間: 11:50–14:00<br>17:00–18:50<br>電話: 0933 549 183]]></description>
        <styleUrl>#icon-1899-0288D1-labelson</styleUrl>
        <ExtendedData>
          <Data name="總得碗數">
            <value>1.0</value>
          </Data>
          <Data name="得獎菜色">
            <value>豆腐鍋</value>
          </Data>
          <Data name="地區">
            <value>台北</value>
          </Data>
          <Data name="菜系">
            <value>韓式</value>
          </Data>
          <Data name="推薦評審">
            <value>Hally Chen</value>
          </Data>
          <Data name="地址">
            <value>111臺北市士林區士東路100號111 樓131號攤位（2 號門上樓左邊2號</value>
          </Data>
          <Data name="營業時間">
            <value>11:50–14:00
17:00–18:50</value>
          </Data>
          <Data name="電話">
            <value>0933 549 183</value>
          </Data>
        </ExtendedData>
      </Placemark>
      <Placemark>
        <name>鮮魚店</name>
        <address>鮮魚店 透抽米粉湯 台北 台式 鍾欣凌 105臺北市松山區北寧路24號</address>
        <description><![CDATA[總得碗數: 1<br>得獎菜色: 透抽米粉湯<br>地區: 台北<br>菜系: 台式<br>推薦評審: 鍾欣凌<br>地址: 105臺北市松山區北寧路24號<br>營業時間: 11:30–14:00<br>17:30–21:00<br>電話: 02 2579 1650]]></description>
        <styleUrl>#icon-1899-0288D1-labelson</styleUrl>
        <ExtendedData>
          <Data name="總得碗數">
            <value>1.0</value>
          </Data>
          <Data name="得獎菜色">
            <value>透抽米粉湯</value>
          </Data>
          <Data name="地區">
            <value>台北</value>
          </Data>
          <Data name="菜系">
            <value>台式</value>
          </Data>
          <Data name="推薦評審">
            <value>鍾欣凌</value>
          </Data>
          <Data name="地址">
            <value>105臺北市松山區北寧路24號</value>
          </Data>
          <Data name="營業時間">
            <value>11:30–14:00
17:30–21:00</value>
          </Data>
          <Data name="電話">
            <value>02 2579 1650</value>
          </Data>
        </ExtendedData>
      </Placemark>
      <Placemark>
        <name>疆美味</name>
        <address>疆美味 番茄雞蛋麵 炒酸辣土豆絲 台北 中式 陳泰銘 111臺北市士林區菁山路8號</address>
        <description><![CDATA[總得碗數: 1<br>得獎菜色: 番茄雞蛋麵 炒酸辣土豆絲<br>地區: 台北<br>菜系: 中式<br>推薦評審: 陳泰銘<br>地址: 111臺北市士林區菁山路8號<br>營業時間: 11:00–19:00<br>電話: ]]></description>
        <styleUrl>#icon-1899-0288D1-labelson</styleUrl>
        <ExtendedData>
          <Data name="總得碗數">
            <value>1.0</value>
          </Data>
          <Data name="得獎菜色">
            <value>番茄雞蛋麵 炒酸辣土豆絲</value>
          </Data>
          <Data name="地區">
            <value>台北</value>
          </Data>
          <Data name="菜系">
            <value>中式</value>
          </Data>
          <Data name="推薦評審">
            <value>陳泰銘</value>
          </Data>
          <Data name="地址">
            <value>111臺北市士林區菁山路8號</value>
          </Data>
          <Data name="營業時間">
            <value>11:00–19:00</value>
          </Data>
          <Data name="電話">
            <value/>
          </Data>
        </ExtendedData>
      </Placemark>
      <Placemark>
        <name>羅媽媽米粉湯</name>
        <address>羅媽媽米粉湯 大腸 台北 台式 馮宇 100臺北市中正區信義路二段81號</address>
        <description><![CDATA[總得碗數: 1<br>得獎菜色: 大腸<br>地區: 台北<br>菜系: 台式<br>推薦評審: 馮宇<br>地址: 100臺北市中正區信義路二段81號<br>營業時間: 07:00–15:00<br>電話: 02 2351 3352]]></description>
        <styleUrl>#icon-1899-0288D1-labelson</styleUrl>
        <ExtendedData>
          <Data name="總得碗數">
            <value>1.0</value>
          </Data>
          <Data name="得獎菜色">
            <value>大腸</value>
          </Data>
          <Data name="地區">
            <value>台北</value>
          </Data>
          <Data name="菜系">
            <value>台式</value>
          </Data>
          <Data name="推薦評審">
            <value>馮宇</value>
          </Data>
          <Data name="地址">
            <value>100臺北市中正區信義路二段81號</value>
          </Data>
          <Data name="營業時間">
            <value>07:00–15:00</value>
          </Data>
          <Data name="電話">
            <value>02 2351 3352</value>
          </Data>
        </ExtendedData>
      </Placemark>
      <Placemark>
        <name>羅媽媽養生苜蓿捲</name>
        <address>羅媽媽養生苜蓿捲 養生苜蓿捲 台北 台式 藍心湄 105臺北市松山區中崙里復興南路一段43號微風廣場旁7-11前</address>
        <description><![CDATA[總得碗數: 1<br>得獎菜色: 養生苜蓿捲<br>地區: 台北<br>菜系: 台式<br>推薦評審: 藍心湄<br>地址: 105臺北市松山區中崙里復興南路一段43號微風廣場旁7-11前<br>營業時間: 12:15–21:00<br>電話: 0912 272 306]]></description>
        <styleUrl>#icon-1899-0288D1-labelson</styleUrl>
        <ExtendedData>
          <Data name="總得碗數">
            <value>1.0</value>
          </Data>
          <Data name="得獎菜色">
            <value>養生苜蓿捲</value>
          </Data>
          <Data name="地區">
            <value>台北</value>
          </Data>
          <Data name="菜系">
            <value>台式</value>
          </Data>
          <Data name="推薦評審">
            <value>藍心湄</value>
          </Data>
          <Data name="地址">
            <value>105臺北市松山區中崙里復興南路一段43號微風廣場旁7-11前</value>
          </Data>
          <Data name="營業時間">
            <value>12:15–21:00</value>
          </Data>
          <Data name="電話">
            <value>0912 272 306</value>
          </Data>
        </ExtendedData>
      </Placemark>
      <Placemark>
        <name>Artisan Food Market - 奧提森食坊</name>
        <address>Artisan Food Market - 奧提森食坊 燻牛肉三明治 新北 歐美 馮宇 234新北市永和區大新街46號</address>
        <description><![CDATA[總得碗數: 1<br>得獎菜色: 燻牛肉三明治<br>地區: 新北<br>菜系: 歐美<br>推薦評審: 馮宇<br>地址: 234新北市永和區大新街46號<br>營業時間: 11:00–20:00<br>電話: 02 8921 0673]]></description>
        <styleUrl>#icon-1899-0288D1-labelson</styleUrl>
        <ExtendedData>
          <Data name="總得碗數">
            <value>1.0</value>
          </Data>
          <Data name="得獎菜色">
            <value>燻牛肉三明治</value>
          </Data>
          <Data name="地區">
            <value>新北</value>
          </Data>
          <Data name="菜系">
            <value>歐美</value>
          </Data>
          <Data name="推薦評審">
            <value>馮宇</value>
          </Data>
          <Data name="地址">
            <value>234新北市永和區大新街46號</value>
          </Data>
          <Data name="營業時間">
            <value>11:00–20:00</value>
          </Data>
          <Data name="電話">
            <value>02 8921 0673</value>
          </Data>
        </ExtendedData>
      </Placemark>
      <Placemark>
        <name>二鬮雞排專賣店</name>
        <address>二鬮雞排專賣店 雞排 新北 台式 朱𩃀理 238新北市樹林區中山路三段161-3號</address>
        <description><![CDATA[總得碗數: 1<br>得獎菜色: 雞排<br>地區: 新北<br>菜系: 台式<br>推薦評審: 朱𩃀理<br>地址: 238新北市樹林區中山路三段161-3號<br>營業時間: 16:00–00:00<br>電話: ]]></description>
        <styleUrl>#icon-1899-0288D1-labelson</styleUrl>
        <ExtendedData>
          <Data name="總得碗數">
            <value>1.0</value>
          </Data>
          <Data name="得獎菜色">
            <value>雞排</value>
          </Data>
          <Data name="地區">
            <value>新北</value>
          </Data>
          <Data name="菜系">
            <value>台式</value>
          </Data>
          <Data name="推薦評審">
            <value>朱𩃀理</value>
          </Data>
          <Data name="地址">
            <value>238新北市樹林區中山路三段161-3號</value>
          </Data>
          <Data name="營業時間">
            <value>16:00–00:00</value>
          </Data>
          <Data name="電話">
            <value/>
          </Data>
        </ExtendedData>
      </Placemark>
      <Placemark>
        <name>三峽鍋貼王子</name>
        <address>三峽鍋貼王子 高麗菜鍋貼+蛋餅 新北 台式 朱𩃀理 237新北市三峽區大同路93號</address>
        <description><![CDATA[總得碗數: 1<br>得獎菜色: 高麗菜鍋貼+蛋餅<br>地區: 新北<br>菜系: 台式<br>推薦評審: 朱𩃀理<br>地址: 237新北市三峽區大同路93號<br>營業時間: 05:30–12:00<br>電話: 0928 609 927]]></description>
        <styleUrl>#icon-1899-0288D1-labelson</styleUrl>
        <ExtendedData>
          <Data name="總得碗數">
            <value>1.0</value>
          </Data>
          <Data name="得獎菜色">
            <value>高麗菜鍋貼+蛋餅</value>
          </Data>
          <Data name="地區">
            <value>新北</value>
          </Data>
          <Data name="菜系">
            <value>台式</value>
          </Data>
          <Data name="推薦評審">
            <value>朱𩃀理</value>
          </Data>
          <Data name="地址">
            <value>237新北市三峽區大同路93號</value>
          </Data>
          <Data name="營業時間">
            <value>05:30–12:00</value>
          </Data>
          <Data name="電話">
            <value>0928 609 927</value>
          </Data>
        </ExtendedData>
      </Placemark>
      <Placemark>
        <name>三塊厝鵝家庄</name>
        <address>三塊厝鵝家庄 招牌鵝肝 新北 台式 迪拉 234新北市永和區成功路二段134號</address>
        <description><![CDATA[總得碗數: 1<br>得獎菜色: 招牌鵝肝<br>地區: 新北<br>菜系: 台式<br>推薦評審: 迪拉<br>地址: 234新北市永和區成功路二段134號<br>營業時間: 16:00–22:30<br>電話: 02 2945 6069]]></description>
        <styleUrl>#icon-1899-0288D1-labelson</styleUrl>
        <ExtendedData>
          <Data name="總得碗數">
            <value>1.0</value>
          </Data>
          <Data name="得獎菜色">
            <value>招牌鵝肝</value>
          </Data>
          <Data name="地區">
            <value>新北</value>
          </Data>
          <Data name="菜系">
            <value>台式</value>
          </Data>
          <Data name="推薦評審">
            <value>迪拉</value>
          </Data>
          <Data name="地址">
            <value>234新北市永和區成功路二段134號</value>
          </Data>
          <Data name="營業時間">
            <value>16:00–22:30</value>
          </Data>
          <Data name="電話">
            <value>02 2945 6069</value>
          </Data>
        </ExtendedData>
      </Placemark>
      <Placemark>
        <name>大碗公當歸羊肉</name>
        <address>大碗公當歸羊肉 滷肉飯 新北 台式 Nobu Lee 220新北市板橋區四維路112巷2號</address>
        <description><![CDATA[總得碗數: 1<br>得獎菜色: 滷肉飯<br>地區: 新北<br>菜系: 台式<br>推薦評審: Nobu Lee<br>地址: 220新北市板橋區四維路112巷2號<br>營業時間: 16:00–22:00<br>電話: 0976 476 567]]></description>
        <styleUrl>#icon-1899-0288D1-labelson</styleUrl>
        <ExtendedData>
          <Data name="總得碗數">
            <value>1.0</value>
          </Data>
          <Data name="得獎菜色">
            <value>滷肉飯</value>
          </Data>
          <Data name="地區">
            <value>新北</value>
          </Data>
          <Data name="菜系">
            <value>台式</value>
          </Data>
          <Data name="推薦評審">
            <value>Nobu Lee</value>
          </Data>
          <Data name="地址">
            <value>220新北市板橋區四維路112巷2號</value>
          </Data>
          <Data name="營業時間">
            <value>16:00–22:00</value>
          </Data>
          <Data name="電話">
            <value>0976 476 567</value>
          </Data>
        </ExtendedData>
      </Placemark>
      <Placemark>
        <name>大碗油飯</name>
        <address>大碗油飯 油飯 新北 台式 馬世芳 241新北市三重區力行路一段38巷2號</address>
        <description><![CDATA[總得碗數: 1<br>得獎菜色: 油飯<br>地區: 新北<br>菜系: 台式<br>推薦評審: 馬世芳<br>地址: 241新北市三重區力行路一段38巷2號<br>營業時間: 08:00–22:00<br>電話: 08 362 2257]]></description>
        <styleUrl>#icon-1899-0288D1-labelson</styleUrl>
        <ExtendedData>
          <Data name="總得碗數">
            <value>1.0</value>
          </Data>
          <Data name="得獎菜色">
            <value>油飯</value>
          </Data>
          <Data name="地區">
            <value>新北</value>
          </Data>
          <Data name="菜系">
            <value>台式</value>
          </Data>
          <Data name="推薦評審">
            <value>馬世芳</value>
          </Data>
          <Data name="地址">
            <value>241新北市三重區力行路一段38巷2號</value>
          </Data>
          <Data name="營業時間">
            <value>08:00–22:00</value>
          </Data>
          <Data name="電話">
            <value>08 362 2257</value>
          </Data>
        </ExtendedData>
      </Placemark>
      <Placemark>
        <name>太順油飯</name>
        <address>太順油飯 油飯 赤肉湯 新北 台式 謝維智 老丹早點說 241新北市三重區中央北路27巷1號口</address>
        <description><![CDATA[總得碗數: 1<br>得獎菜色: 油飯 赤肉湯<br>地區: 新北<br>菜系: 台式<br>推薦評審: 謝維智 老丹早點說<br>地址: 241新北市三重區中央北路27巷1號口<br>營業時間: 06:30–12:30<br>電話: 02 2975 4270]]></description>
        <styleUrl>#icon-1899-0288D1-labelson</styleUrl>
        <ExtendedData>
          <Data name="總得碗數">
            <value>1.0</value>
          </Data>
          <Data name="得獎菜色">
            <value>油飯 赤肉湯</value>
          </Data>
          <Data name="地區">
            <value>新北</value>
          </Data>
          <Data name="菜系">
            <value>台式</value>
          </Data>
          <Data name="推薦評審">
            <value>謝維智 老丹早點說</value>
          </Data>
          <Data name="地址">
            <value>241新北市三重區中央北路27巷1號口</value>
          </Data>
          <Data name="營業時間">
            <value>06:30–12:30</value>
          </Data>
          <Data name="電話">
            <value>02 2975 4270</value>
          </Data>
        </ExtendedData>
      </Placemark>
      <Placemark>
        <name>牛力士現涮牛肉湯</name>
        <address>牛力士現涮牛肉湯 招牌滷牛舌 新北 台式 張小均 (我要征服臺南牛肉湯!!!) 23444新北市永和區保平路18巷4號</address>
        <description><![CDATA[總得碗數: 1<br>得獎菜色: 招牌滷牛舌<br>地區: 新北<br>菜系: 台式<br>推薦評審: 張小均 (我要征服臺南牛肉湯!!!)<br>地址: 23444新北市永和區保平路18巷4號<br>營業時間: 11:00–23:00<br>電話: 02 8660 2827]]></description>
        <styleUrl>#icon-1899-0288D1-labelson</styleUrl>
        <ExtendedData>
          <Data name="總得碗數">
            <value>1.0</value>
          </Data>
          <Data name="得獎菜色">
            <value>招牌滷牛舌</value>
          </Data>
          <Data name="地區">
            <value>新北</value>
          </Data>
          <Data name="菜系">
            <value>台式</value>
          </Data>
          <Data name="推薦評審">
            <value>張小均 (我要征服臺南牛肉湯!!!)</value>
          </Data>
          <Data name="地址">
            <value>23444新北市永和區保平路18巷4號</value>
          </Data>
          <Data name="營業時間">
            <value>11:00–23:00</value>
          </Data>
          <Data name="電話">
            <value>02 8660 2827</value>
          </Data>
        </ExtendedData>
      </Placemark>
      <Placemark>
        <name>半邊圓米粉湯香菇肉粥</name>
        <address>半邊圓米粉湯香菇肉粥 米粉湯+黑白切 新北 台式 肥波開吃啦 244新北市林口區文化二路一段68巷10之2號</address>
        <description><![CDATA[總得碗數: 1<br>得獎菜色: 米粉湯+黑白切<br>地區: 新北<br>菜系: 台式<br>推薦評審: 肥波開吃啦<br>地址: 244新北市林口區文化二路一段68巷10之2號<br>營業時間: 17:00–23:00<br>電話: 0970 106 186]]></description>
        <styleUrl>#icon-1899-0288D1-labelson</styleUrl>
        <ExtendedData>
          <Data name="總得碗數">
            <value>1.0</value>
          </Data>
          <Data name="得獎菜色">
            <value>米粉湯+黑白切</value>
          </Data>
          <Data name="地區">
            <value>新北</value>
          </Data>
          <Data name="菜系">
            <value>台式</value>
          </Data>
          <Data name="推薦評審">
            <value>肥波開吃啦</value>
          </Data>
          <Data name="地址">
            <value>244新北市林口區文化二路一段68巷10之2號</value>
          </Data>
          <Data name="營業時間">
            <value>17:00–23:00</value>
          </Data>
          <Data name="電話">
            <value>0970 106 186</value>
          </Data>
        </ExtendedData>
      </Placemark>
      <Placemark>
        <name>可獅切仔麵</name>
        <address>可獅切仔麵 粉肝 新北 台式 迪拉 241新北市三重區仁愛街530號</address>
        <description><![CDATA[總得碗數: 1<br>得獎菜色: 粉肝<br>地區: 新北<br>菜系: 台式<br>推薦評審: 迪拉<br>地址: 241新北市三重區仁愛街530號<br>營業時間: 14:00–20:00<br>電話: ]]></description>
        <styleUrl>#icon-1899-0288D1-labelson</styleUrl>
        <ExtendedData>
          <Data name="總得碗數">
            <value>1.0</value>
          </Data>
          <Data name="得獎菜色">
            <value>粉肝</value>
          </Data>
          <Data name="地區">
            <value>新北</value>
          </Data>
          <Data name="菜系">
            <value>台式</value>
          </Data>
          <Data name="推薦評審">
            <value>迪拉</value>
          </Data>
          <Data name="地址">
            <value>241新北市三重區仁愛街530號</value>
          </Data>
          <Data name="營業時間">
            <value>14:00–20:00</value>
          </Data>
          <Data name="電話">
            <value/>
          </Data>
        </ExtendedData>
      </Placemark>
      <Placemark>
        <name>永和佳香豆漿</name>
        <address>永和佳香豆漿 胡椒蔥餅加蛋、鹹豆漿 新北 台式 可播兄弟 234新北市永和區民治街57號</address>
        <description><![CDATA[總得碗數: 1<br>得獎菜色: 胡椒蔥餅加蛋、鹹豆漿<br>地區: 新北<br>菜系: 台式<br>推薦評審: 可播兄弟<br>地址: 234新北市永和區民治街57號<br>營業時間: 06:00–11:15<br>電話: 02 2941 5515]]></description>
        <styleUrl>#icon-1899-0288D1-labelson</styleUrl>
        <ExtendedData>
          <Data name="總得碗數">
            <value>1.0</value>
          </Data>
          <Data name="得獎菜色">
            <value>胡椒蔥餅加蛋、鹹豆漿</value>
          </Data>
          <Data name="地區">
            <value>新北</value>
          </Data>
          <Data name="菜系">
            <value>台式</value>
          </Data>
          <Data name="推薦評審">
            <value>可播兄弟</value>
          </Data>
          <Data name="地址">
            <value>234新北市永和區民治街57號</value>
          </Data>
          <Data name="營業時間">
            <value>06:00–11:15</value>
          </Data>
          <Data name="電話">
            <value>02 2941 5515</value>
          </Data>
        </ExtendedData>
      </Placemark>
      <Placemark>
        <name>光興腿庫</name>
        <address>光興腿庫 豬腳 新北 台式 湯智鈞 241新北市三重區仁愛街124號1F</address>
        <description><![CDATA[總得碗數: 1<br>得獎菜色: 豬腳<br>地區: 新北<br>菜系: 台式<br>推薦評審: 湯智鈞<br>地址: 241新北市三重區仁愛街124號1F<br>營業時間: 11:00–13:30<br>16:30–19:30<br>電話: 02 2973 7085]]></description>
        <styleUrl>#icon-1899-0288D1-labelson</styleUrl>
        <ExtendedData>
          <Data name="總得碗數">
            <value>1.0</value>
          </Data>
          <Data name="得獎菜色">
            <value>豬腳</value>
          </Data>
          <Data name="地區">
            <value>新北</value>
          </Data>
          <Data name="菜系">
            <value>台式</value>
          </Data>
          <Data name="推薦評審">
            <value>湯智鈞</value>
          </Data>
          <Data name="地址">
            <value>241新北市三重區仁愛街124號1F</value>
          </Data>
          <Data name="營業時間">
            <value>11:00–13:30
16:30–19:30</value>
          </Data>
          <Data name="電話">
            <value>02 2973 7085</value>
          </Data>
        </ExtendedData>
      </Placemark>
      <Placemark>
        <name>老占元拉麵大王</name>
        <address>老占元拉麵大王 牛肉湯 新北 台式 謝孟恭 244新北市林口區林口路120號</address>
        <description><![CDATA[總得碗數: 1<br>得獎菜色: 牛肉湯<br>地區: 新北<br>菜系: 台式<br>推薦評審: 謝孟恭<br>地址: 244新北市林口區林口路120號<br>營業時間: 10:00–15:00<br>15:30–19:30<br>電話: 02 2602 2859]]></description>
        <styleUrl>#icon-1899-0288D1-labelson</styleUrl>
        <ExtendedData>
          <Data name="總得碗數">
            <value>1.0</value>
          </Data>
          <Data name="得獎菜色">
            <value>牛肉湯</value>
          </Data>
          <Data name="地區">
            <value>新北</value>
          </Data>
          <Data name="菜系">
            <value>台式</value>
          </Data>
          <Data name="推薦評審">
            <value>謝孟恭</value>
          </Data>
          <Data name="地址">
            <value>244新北市林口區林口路120號</value>
          </Data>
          <Data name="營業時間">
            <value>10:00–15:00
15:30–19:30</value>
          </Data>
          <Data name="電話">
            <value>02 2602 2859</value>
          </Data>
        </ExtendedData>
      </Placemark>
      <Placemark>
        <name>和尚洲切仔麵</name>
        <address>和尚洲切仔麵 米粉麵＆黑白切 新北 台式 葉怡蘭 247新北市蘆洲區民權路72巷1號1樓</address>
        <description><![CDATA[總得碗數: 1<br>得獎菜色: 米粉麵＆黑白切<br>地區: 新北<br>菜系: 台式<br>推薦評審: 葉怡蘭<br>地址: 247新北市蘆洲區民權路72巷1號1樓<br>營業時間: 05:30–14:30<br>電話: 02 2281 3786]]></description>
        <styleUrl>#icon-1899-0288D1-labelson</styleUrl>
        <ExtendedData>
          <Data name="總得碗數">
            <value>1.0</value>
          </Data>
          <Data name="得獎菜色">
            <value>米粉麵＆黑白切</value>
          </Data>
          <Data name="地區">
            <value>新北</value>
          </Data>
          <Data name="菜系">
            <value>台式</value>
          </Data>
          <Data name="推薦評審">
            <value>葉怡蘭</value>
          </Data>
          <Data name="地址">
            <value>247新北市蘆洲區民權路72巷1號1樓</value>
          </Data>
          <Data name="營業時間">
            <value>05:30–14:30</value>
          </Data>
          <Data name="電話">
            <value>02 2281 3786</value>
          </Data>
        </ExtendedData>
      </Placemark>
      <Placemark>
        <name>金山阿滿姨油飯蘿蔔糕</name>
        <address>金山阿滿姨油飯蘿蔔糕 蘿蔔糕 新北 台式 韓勾ㄟ金針菇  208新北市金山區中山路188號A75攤</address>
        <description><![CDATA[總得碗數: 1<br>得獎菜色: 蘿蔔糕<br>地區: 新北<br>菜系: 台式<br>推薦評審: 韓勾ㄟ金針菇 <br>地址: 208新北市金山區中山路188號A75攤<br>營業時間: 07:00–17:00<br>電話: 0932 073 868]]></description>
        <styleUrl>#icon-1899-0288D1-labelson</styleUrl>
        <ExtendedData>
          <Data name="總得碗數">
            <value>1.0</value>
          </Data>
          <Data name="得獎菜色">
            <value>蘿蔔糕</value>
          </Data>
          <Data name="地區">
            <value>新北</value>
          </Data>
          <Data name="菜系">
            <value>台式</value>
          </Data>
          <Data name="推薦評審">
            <value>韓勾ㄟ金針菇 </value>
          </Data>
          <Data name="地址">
            <value>208新北市金山區中山路188號A75攤</value>
          </Data>
          <Data name="營業時間">
            <value>07:00–17:00</value>
          </Data>
          <Data name="電話">
            <value>0932 073 868</value>
          </Data>
        </ExtendedData>
      </Placemark>
      <Placemark>
        <name>門前隱味牛肉麵</name>
        <address>門前隱味牛肉麵 牛肉麵 新北 台式 阿滴 241新北市三重區正義南路86巷30號</address>
        <description><![CDATA[總得碗數: 1<br>得獎菜色: 牛肉麵<br>地區: 新北<br>菜系: 台式<br>推薦評審: 阿滴<br>地址: 241新北市三重區正義南路86巷30號<br>營業時間: 12:00–21:00<br>電話: ]]></description>
        <styleUrl>#icon-1899-0288D1-labelson</styleUrl>
        <ExtendedData>
          <Data name="總得碗數">
            <value>1.0</value>
          </Data>
          <Data name="得獎菜色">
            <value>牛肉麵</value>
          </Data>
          <Data name="地區">
            <value>新北</value>
          </Data>
          <Data name="菜系">
            <value>台式</value>
          </Data>
          <Data name="推薦評審">
            <value>阿滴</value>
          </Data>
          <Data name="地址">
            <value>241新北市三重區正義南路86巷30號</value>
          </Data>
          <Data name="營業時間">
            <value>12:00–21:00</value>
          </Data>
          <Data name="電話">
            <value/>
          </Data>
        </ExtendedData>
      </Placemark>
      <Placemark>
        <name>食不厭</name>
        <address>食不厭 午魚一夜干 新北 台式 劉冠廷 224新北市瑞芳區金光路221號</address>
        <description><![CDATA[總得碗數: 1<br>得獎菜色: 午魚一夜干<br>地區: 新北<br>菜系: 台式<br>推薦評審: 劉冠廷<br>地址: 224新北市瑞芳區金光路221號<br>營業時間: 11:30–14:00<br>17:00–19:30<br>電話: 02 2496 1231]]></description>
        <styleUrl>#icon-1899-0288D1-labelson</styleUrl>
        <ExtendedData>
          <Data name="總得碗數">
            <value>1.0</value>
          </Data>
          <Data name="得獎菜色">
            <value>午魚一夜干</value>
          </Data>
          <Data name="地區">
            <value>新北</value>
          </Data>
          <Data name="菜系">
            <value>台式</value>
          </Data>
          <Data name="推薦評審">
            <value>劉冠廷</value>
          </Data>
          <Data name="地址">
            <value>224新北市瑞芳區金光路221號</value>
          </Data>
          <Data name="營業時間">
            <value>11:30–14:00
17:00–19:30</value>
          </Data>
          <Data name="電話">
            <value>02 2496 1231</value>
          </Data>
        </ExtendedData>
      </Placemark>
      <Placemark>
        <name>香川撈麵</name>
        <address>香川撈麵 麻辣香川私房 新北 台式 謝孟恭 244新北市林口區文化三路二段65號</address>
        <description><![CDATA[總得碗數: 1<br>得獎菜色: 麻辣香川私房<br>地區: 新北<br>菜系: 台式<br>推薦評審: 謝孟恭<br>地址: 244新北市林口區文化三路二段65號<br>營業時間: 11:00–14:00<br>17:00–20:30<br>電話: 02 2600 3355]]></description>
        <styleUrl>#icon-1899-0288D1-labelson</styleUrl>
        <ExtendedData>
          <Data name="總得碗數">
            <value>1.0</value>
          </Data>
          <Data name="得獎菜色">
            <value>麻辣香川私房</value>
          </Data>
          <Data name="地區">
            <value>新北</value>
          </Data>
          <Data name="菜系">
            <value>台式</value>
          </Data>
          <Data name="推薦評審">
            <value>謝孟恭</value>
          </Data>
          <Data name="地址">
            <value>244新北市林口區文化三路二段65號</value>
          </Data>
          <Data name="營業時間">
            <value>11:00–14:00
17:00–20:30</value>
          </Data>
          <Data name="電話">
            <value>02 2600 3355</value>
          </Data>
        </ExtendedData>
      </Placemark>
      <Placemark>
        <name>得勝街米苔目</name>
        <address>得勝街米苔目 米苔目 黑白切 新北 台式 謝維智 老丹早點說 247新北市蘆洲區得勝街111號</address>
        <description><![CDATA[總得碗數: 1<br>得獎菜色: 米苔目 黑白切<br>地區: 新北<br>菜系: 台式<br>推薦評審: 謝維智 老丹早點說<br>地址: 247新北市蘆洲區得勝街111號<br>營業時間: 07:00–14:00<br>電話: ]]></description>
        <styleUrl>#icon-1899-0288D1-labelson</styleUrl>
        <ExtendedData>
          <Data name="總得碗數">
            <value>1.0</value>
          </Data>
          <Data name="得獎菜色">
            <value>米苔目 黑白切</value>
          </Data>
          <Data name="地區">
            <value>新北</value>
          </Data>
          <Data name="菜系">
            <value>台式</value>
          </Data>
          <Data name="推薦評審">
            <value>謝維智 老丹早點說</value>
          </Data>
          <Data name="地址">
            <value>247新北市蘆洲區得勝街111號</value>
          </Data>
          <Data name="營業時間">
            <value>07:00–14:00</value>
          </Data>
          <Data name="電話">
            <value/>
          </Data>
        </ExtendedData>
      </Placemark>
      <Placemark>
        <name>連莊鹹冬瓜豬腳湯</name>
        <address>連莊鹹冬瓜豬腳湯 鹹冬瓜豬腳湯 新北 台式 葉怡蘭 224新北市瑞芳區民生街35巷2號美食廣場33號攤</address>
        <description><![CDATA[總得碗數: 1<br>得獎菜色: 鹹冬瓜豬腳湯<br>地區: 新北<br>菜系: 台式<br>推薦評審: 葉怡蘭<br>地址: 224新北市瑞芳區民生街35巷2號美食廣場33號攤<br>營業時間: 08:00–20:00<br>電話: 0958 162 617]]></description>
        <styleUrl>#icon-1899-0288D1-labelson</styleUrl>
        <ExtendedData>
          <Data name="總得碗數">
            <value>1.0</value>
          </Data>
          <Data name="得獎菜色">
            <value>鹹冬瓜豬腳湯</value>
          </Data>
          <Data name="地區">
            <value>新北</value>
          </Data>
          <Data name="菜系">
            <value>台式</value>
          </Data>
          <Data name="推薦評審">
            <value>葉怡蘭</value>
          </Data>
          <Data name="地址">
            <value>224新北市瑞芳區民生街35巷2號美食廣場33號攤</value>
          </Data>
          <Data name="營業時間">
            <value>08:00–20:00</value>
          </Data>
          <Data name="電話">
            <value>0958 162 617</value>
          </Data>
        </ExtendedData>
      </Placemark>
      <Placemark>
        <name>喙蘴號</name>
        <address>喙蘴號 雙醬麵 新北 台式 朱𩃀理 237新北市三峽區光明路100之4號</address>
        <description><![CDATA[總得碗數: 1<br>得獎菜色: 雙醬麵<br>地區: 新北<br>菜系: 台式<br>推薦評審: 朱𩃀理<br>地址: 237新北市三峽區光明路100之4號<br>營業時間: 12:00–15:00<br>17:00–20:00<br>電話: 0989 912 945]]></description>
        <styleUrl>#icon-1899-0288D1-labelson</styleUrl>
        <ExtendedData>
          <Data name="總得碗數">
            <value>1.0</value>
          </Data>
          <Data name="得獎菜色">
            <value>雙醬麵</value>
          </Data>
          <Data name="地區">
            <value>新北</value>
          </Data>
          <Data name="菜系">
            <value>台式</value>
          </Data>
          <Data name="推薦評審">
            <value>朱𩃀理</value>
          </Data>
          <Data name="地址">
            <value>237新北市三峽區光明路100之4號</value>
          </Data>
          <Data name="營業時間">
            <value>12:00–15:00
17:00–20:00</value>
          </Data>
          <Data name="電話">
            <value>0989 912 945</value>
          </Data>
        </ExtendedData>
      </Placemark>
      <Placemark>
        <name>曾記花枝羹</name>
        <address>曾記花枝羹 花枝羹 新北 台式 沈方正 241新北市三重區文化北路150號</address>
        <description><![CDATA[總得碗數: 1<br>得獎菜色: 花枝羹<br>地區: 新北<br>菜系: 台式<br>推薦評審: 沈方正<br>地址: 241新北市三重區文化北路150號<br>營業時間: 12:00–23:00<br>電話: 02 2984 9338]]></description>
        <styleUrl>#icon-1899-0288D1-labelson</styleUrl>
        <ExtendedData>
          <Data name="總得碗數">
            <value>1.0</value>
          </Data>
          <Data name="得獎菜色">
            <value>花枝羹</value>
          </Data>
          <Data name="地區">
            <value>新北</value>
          </Data>
          <Data name="菜系">
            <value>台式</value>
          </Data>
          <Data name="推薦評審">
            <value>沈方正</value>
          </Data>
          <Data name="地址">
            <value>241新北市三重區文化北路150號</value>
          </Data>
          <Data name="營業時間">
            <value>12:00–23:00</value>
          </Data>
          <Data name="電話">
            <value>02 2984 9338</value>
          </Data>
        </ExtendedData>
      </Placemark>
      <Placemark>
        <name>無名米粉湯</name>
        <address>無名米粉湯 米粉湯 豬肺 新北 台式 鍾欣凌 241新北市三重區中央北路15巷11號</address>
        <description><![CDATA[總得碗數: 1<br>得獎菜色: 米粉湯 豬肺<br>地區: 新北<br>菜系: 台式<br>推薦評審: 鍾欣凌<br>地址: 241新北市三重區中央北路15巷11號<br>營業時間: 07:10–11:00<br>電話: ]]></description>
        <styleUrl>#icon-1899-0288D1-labelson</styleUrl>
        <ExtendedData>
          <Data name="總得碗數">
            <value>1.0</value>
          </Data>
          <Data name="得獎菜色">
            <value>米粉湯 豬肺</value>
          </Data>
          <Data name="地區">
            <value>新北</value>
          </Data>
          <Data name="菜系">
            <value>台式</value>
          </Data>
          <Data name="推薦評審">
            <value>鍾欣凌</value>
          </Data>
          <Data name="地址">
            <value>241新北市三重區中央北路15巷11號</value>
          </Data>
          <Data name="營業時間">
            <value>07:10–11:00</value>
          </Data>
          <Data name="電話">
            <value/>
          </Data>
        </ExtendedData>
      </Placemark>
      <Placemark>
        <name>飯聚 x 貓之回憶</name>
        <address>飯聚 x 貓之回憶 海南雞飯 新北 台式 謝孟恭 244新北市林口區民族路142號</address>
        <description><![CDATA[總得碗數: 1<br>得獎菜色: 海南雞飯<br>地區: 新北<br>菜系: 台式<br>推薦評審: 謝孟恭<br>地址: 244新北市林口區民族路142號<br>營業時間: 12:00–14:30<br>17:00–20:30<br>電話: 0978 899 194]]></description>
        <styleUrl>#icon-1899-0288D1-labelson</styleUrl>
        <ExtendedData>
          <Data name="總得碗數">
            <value>1.0</value>
          </Data>
          <Data name="得獎菜色">
            <value>海南雞飯</value>
          </Data>
          <Data name="地區">
            <value>新北</value>
          </Data>
          <Data name="菜系">
            <value>台式</value>
          </Data>
          <Data name="推薦評審">
            <value>謝孟恭</value>
          </Data>
          <Data name="地址">
            <value>244新北市林口區民族路142號</value>
          </Data>
          <Data name="營業時間">
            <value>12:00–14:30
17:00–20:30</value>
          </Data>
          <Data name="電話">
            <value>0978 899 194</value>
          </Data>
        </ExtendedData>
      </Placemark>
      <Placemark>
        <name>源慶鮮蚵</name>
        <address>源慶鮮蚵 乾拌鮮蚵 手工麵線 小卷湯 新北 台式 謝維智 老丹早點說 220新北市板橋區南雅東路29巷2弄1號</address>
        <description><![CDATA[總得碗數: 1<br>得獎菜色: 乾拌鮮蚵 手工麵線 小卷湯<br>地區: 新北<br>菜系: 台式<br>推薦評審: 謝維智 老丹早點說<br>地址: 220新北市板橋區南雅東路29巷2弄1號<br>營業時間: 05:30–14:00<br>16:30–00:00<br>電話: 02 2960 8688]]></description>
        <styleUrl>#icon-1899-0288D1-labelson</styleUrl>
        <ExtendedData>
          <Data name="總得碗數">
            <value>1.0</value>
          </Data>
          <Data name="得獎菜色">
            <value>乾拌鮮蚵 手工麵線 小卷湯</value>
          </Data>
          <Data name="地區">
            <value>新北</value>
          </Data>
          <Data name="菜系">
            <value>台式</value>
          </Data>
          <Data name="推薦評審">
            <value>謝維智 老丹早點說</value>
          </Data>
          <Data name="地址">
            <value>220新北市板橋區南雅東路29巷2弄1號</value>
          </Data>
          <Data name="營業時間">
            <value>05:30–14:00
16:30–00:00</value>
          </Data>
          <Data name="電話">
            <value>02 2960 8688</value>
          </Data>
        </ExtendedData>
      </Placemark>
      <Placemark>
        <name>熊記燒餅油條專賣店</name>
        <address>熊記燒餅油條專賣店 燒餅油條夾蔥蛋 花生湯 新北 台式 謝維智 老丹早點說 242新北市新莊區新莊路291號</address>
        <description><![CDATA[總得碗數: 1<br>得獎菜色: 燒餅油條夾蔥蛋 花生湯<br>地區: 新北<br>菜系: 台式<br>推薦評審: 謝維智 老丹早點說<br>地址: 242新北市新莊區新莊路291號<br>營業時間: 06:30–09:30<br>電話: 02 2277 2807]]></description>
        <styleUrl>#icon-1899-0288D1-labelson</styleUrl>
        <ExtendedData>
          <Data name="總得碗數">
            <value>1.0</value>
          </Data>
          <Data name="得獎菜色">
            <value>燒餅油條夾蔥蛋 花生湯</value>
          </Data>
          <Data name="地區">
            <value>新北</value>
          </Data>
          <Data name="菜系">
            <value>台式</value>
          </Data>
          <Data name="推薦評審">
            <value>謝維智 老丹早點說</value>
          </Data>
          <Data name="地址">
            <value>242新北市新莊區新莊路291號</value>
          </Data>
          <Data name="營業時間">
            <value>06:30–09:30</value>
          </Data>
          <Data name="電話">
            <value>02 2277 2807</value>
          </Data>
        </ExtendedData>
      </Placemark>
      <Placemark>
        <name>樂華小吃</name>
        <address>樂華小吃 乾意麵、肉羹湯 新北 台式 謝維智 老丹早點說 234新北市永和區永平路37號</address>
        <description><![CDATA[總得碗數: 1<br>得獎菜色: 乾意麵、肉羹湯<br>地區: 新北<br>菜系: 台式<br>推薦評審: 謝維智 老丹早點說<br>地址: 234新北市永和區永平路37號<br>營業時間: 05:00–12:30<br>電話: ]]></description>
        <styleUrl>#icon-1899-0288D1-labelson</styleUrl>
        <ExtendedData>
          <Data name="總得碗數">
            <value>1.0</value>
          </Data>
          <Data name="得獎菜色">
            <value>乾意麵、肉羹湯</value>
          </Data>
          <Data name="地區">
            <value>新北</value>
          </Data>
          <Data name="菜系">
            <value>台式</value>
          </Data>
          <Data name="推薦評審">
            <value>謝維智 老丹早點說</value>
          </Data>
          <Data name="地址">
            <value>234新北市永和區永平路37號</value>
          </Data>
          <Data name="營業時間">
            <value>05:00–12:30</value>
          </Data>
          <Data name="電話">
            <value/>
          </Data>
        </ExtendedData>
      </Placemark>
      <Placemark>
        <name>賴岡山羊肉</name>
        <address>賴岡山羊肉 魯肉飯 新北 台式 Nobu Lee 231新北市新店區中正路244-4號1 樓</address>
        <description><![CDATA[總得碗數: 1<br>得獎菜色: 魯肉飯<br>地區: 新北<br>菜系: 台式<br>推薦評審: Nobu Lee<br>地址: 231新北市新店區中正路244-4號1 樓<br>營業時間: 16:00–00:00<br>電話: 0922 579 320]]></description>
        <styleUrl>#icon-1899-0288D1-labelson</styleUrl>
        <ExtendedData>
          <Data name="總得碗數">
            <value>1.0</value>
          </Data>
          <Data name="得獎菜色">
            <value>魯肉飯</value>
          </Data>
          <Data name="地區">
            <value>新北</value>
          </Data>
          <Data name="菜系">
            <value>台式</value>
          </Data>
          <Data name="推薦評審">
            <value>Nobu Lee</value>
          </Data>
          <Data name="地址">
            <value>231新北市新店區中正路244-4號1 樓</value>
          </Data>
          <Data name="營業時間">
            <value>16:00–00:00</value>
          </Data>
          <Data name="電話">
            <value>0922 579 320</value>
          </Data>
        </ExtendedData>
      </Placemark>
      <Placemark>
        <name>小馬檳城炒粿條</name>
        <address>小馬檳城炒粿條 鮮蝦炒粿條 桃園 台式 可播兄弟 320桃園市中壢區新明路165號中壢區觀光夜市</address>
        <description><![CDATA[總得碗數: 1<br>得獎菜色: 鮮蝦炒粿條<br>地區: 桃園<br>菜系: 台式<br>推薦評審: 可播兄弟<br>地址: 320桃園市中壢區新明路165號中壢區觀光夜市<br>營業時間: 18:00–00:00<br>電話: 0983 506 475]]></description>
        <styleUrl>#icon-1899-0288D1-labelson</styleUrl>
        <ExtendedData>
          <Data name="總得碗數">
            <value>1.0</value>
          </Data>
          <Data name="得獎菜色">
            <value>鮮蝦炒粿條</value>
          </Data>
          <Data name="地區">
            <value>桃園</value>
          </Data>
          <Data name="菜系">
            <value>台式</value>
          </Data>
          <Data name="推薦評審">
            <value>可播兄弟</value>
          </Data>
          <Data name="地址">
            <value>320桃園市中壢區新明路165號中壢區觀光夜市</value>
          </Data>
          <Data name="營業時間">
            <value>18:00–00:00</value>
          </Data>
          <Data name="電話">
            <value>0983 506 475</value>
          </Data>
        </ExtendedData>
      </Placemark>
      <Placemark>
        <name>老巷小館</name>
        <address>老巷小館 鴨肉 豬頭肉 桃園 台式 番紅花 320桃園市中壢區中正路243號</address>
        <description><![CDATA[總得碗數: 1<br>得獎菜色: 鴨肉 豬頭肉<br>地區: 桃園<br>菜系: 台式<br>推薦評審: 番紅花<br>地址: 320桃園市中壢區中正路243號<br>營業時間: 08:00–20:00<br>電話: 03 427 6355]]></description>
        <styleUrl>#icon-1899-0288D1-labelson</styleUrl>
        <ExtendedData>
          <Data name="總得碗數">
            <value>1.0</value>
          </Data>
          <Data name="得獎菜色">
            <value>鴨肉 豬頭肉</value>
          </Data>
          <Data name="地區">
            <value>桃園</value>
          </Data>
          <Data name="菜系">
            <value>台式</value>
          </Data>
          <Data name="推薦評審">
            <value>番紅花</value>
          </Data>
          <Data name="地址">
            <value>320桃園市中壢區中正路243號</value>
          </Data>
          <Data name="營業時間">
            <value>08:00–20:00</value>
          </Data>
          <Data name="電話">
            <value>03 427 6355</value>
          </Data>
        </ExtendedData>
      </Placemark>
      <Placemark>
        <name>阿秀米干</name>
        <address>阿秀米干 綜合米干 桃園 客家 葉怡蘭 320桃園市中壢區龍平路209號</address>
        <description><![CDATA[總得碗數: 1<br>得獎菜色: 綜合米干<br>地區: 桃園<br>菜系: 客家<br>推薦評審: 葉怡蘭<br>地址: 320桃園市中壢區龍平路209號<br>營業時間: 05:00–19:00<br>電話: 03 466 145]]></description>
        <styleUrl>#icon-1899-0288D1-labelson</styleUrl>
        <ExtendedData>
          <Data name="總得碗數">
            <value>1.0</value>
          </Data>
          <Data name="得獎菜色">
            <value>綜合米干</value>
          </Data>
          <Data name="地區">
            <value>桃園</value>
          </Data>
          <Data name="菜系">
            <value>客家</value>
          </Data>
          <Data name="推薦評審">
            <value>葉怡蘭</value>
          </Data>
          <Data name="地址">
            <value>320桃園市中壢區龍平路209號</value>
          </Data>
          <Data name="營業時間">
            <value>05:00–19:00</value>
          </Data>
          <Data name="電話">
            <value>03 466 145</value>
          </Data>
        </ExtendedData>
      </Placemark>
      <Placemark>
        <name>御柒香（饗饗滷味）</name>
        <address>御柒香（饗饗滷味） 闆娘黑白配 桃園 台式 高靜玉 333桃園市龜山區南祥路79之2</address>
        <description><![CDATA[總得碗數: 1<br>得獎菜色: 闆娘黑白配<br>地區: 桃園<br>菜系: 台式<br>推薦評審: 高靜玉<br>地址: 333桃園市龜山區南祥路79之2<br>營業時間: 11:30–19:00<br>電話: 0970 623 055]]></description>
        <styleUrl>#icon-1899-0288D1-labelson</styleUrl>
        <ExtendedData>
          <Data name="總得碗數">
            <value>1.0</value>
          </Data>
          <Data name="得獎菜色">
            <value>闆娘黑白配</value>
          </Data>
          <Data name="地區">
            <value>桃園</value>
          </Data>
          <Data name="菜系">
            <value>台式</value>
          </Data>
          <Data name="推薦評審">
            <value>高靜玉</value>
          </Data>
          <Data name="地址">
            <value>333桃園市龜山區南祥路79之2</value>
          </Data>
          <Data name="營業時間">
            <value>11:30–19:00</value>
          </Data>
          <Data name="電話">
            <value>0970 623 055</value>
          </Data>
        </ExtendedData>
      </Placemark>
      <Placemark>
        <name>寶島甜不辣</name>
        <address>寶島甜不辣 甜不辣 桃園 台式 謝孟恭 333桃園市龜山區文化一路10巷32號</address>
        <description><![CDATA[總得碗數: 1<br>得獎菜色: 甜不辣<br>地區: 桃園<br>菜系: 台式<br>推薦評審: 謝孟恭<br>地址: 333桃園市龜山區文化一路10巷32號<br>營業時間: 10:30–20:30<br>電話: 03 327 0102]]></description>
        <styleUrl>#icon-1899-0288D1-labelson</styleUrl>
        <ExtendedData>
          <Data name="總得碗數">
            <value>1.0</value>
          </Data>
          <Data name="得獎菜色">
            <value>甜不辣</value>
          </Data>
          <Data name="地區">
            <value>桃園</value>
          </Data>
          <Data name="菜系">
            <value>台式</value>
          </Data>
          <Data name="推薦評審">
            <value>謝孟恭</value>
          </Data>
          <Data name="地址">
            <value>333桃園市龜山區文化一路10巷32號</value>
          </Data>
          <Data name="營業時間">
            <value>10:30–20:30</value>
          </Data>
          <Data name="電話">
            <value>03 327 0102</value>
          </Data>
        </ExtendedData>
      </Placemark>
      <Placemark>
        <name>三廠麵店</name>
        <address>三廠麵店 酢醬麵、豆干、花生 新竹 台式 高靜玉 300新竹市北區延平路一段214巷72-2號</address>
        <description><![CDATA[總得碗數: 1<br>得獎菜色: 酢醬麵、豆干、花生<br>地區: 新竹<br>菜系: 台式<br>推薦評審: 高靜玉<br>地址: 300新竹市北區延平路一段214巷72-2號<br>營業時間: 05:40–14:30<br>電話: 03 526 0771]]></description>
        <styleUrl>#icon-1899-0288D1-labelson</styleUrl>
        <ExtendedData>
          <Data name="總得碗數">
            <value>1.0</value>
          </Data>
          <Data name="得獎菜色">
            <value>酢醬麵、豆干、花生</value>
          </Data>
          <Data name="地區">
            <value>新竹</value>
          </Data>
          <Data name="菜系">
            <value>台式</value>
          </Data>
          <Data name="推薦評審">
            <value>高靜玉</value>
          </Data>
          <Data name="地址">
            <value>300新竹市北區延平路一段214巷72-2號</value>
          </Data>
          <Data name="營業時間">
            <value>05:40–14:30</value>
          </Data>
          <Data name="電話">
            <value>03 526 0771</value>
          </Data>
        </ExtendedData>
      </Placemark>
      <Placemark>
        <name>井家</name>
        <address>井家 香酥咖哩杏鮑菇 新竹 素食 顏博文 300新竹市東區文化街82號</address>
        <description><![CDATA[總得碗數: 1<br>得獎菜色: 香酥咖哩杏鮑菇<br>地區: 新竹<br>菜系: 素食<br>推薦評審: 顏博文<br>地址: 300新竹市東區文化街82號<br>營業時間: 09:00–17:00<br>電話: 03 535 5635]]></description>
        <styleUrl>#icon-1899-0288D1-labelson</styleUrl>
        <ExtendedData>
          <Data name="總得碗數">
            <value>1.0</value>
          </Data>
          <Data name="得獎菜色">
            <value>香酥咖哩杏鮑菇</value>
          </Data>
          <Data name="地區">
            <value>新竹</value>
          </Data>
          <Data name="菜系">
            <value>素食</value>
          </Data>
          <Data name="推薦評審">
            <value>顏博文</value>
          </Data>
          <Data name="地址">
            <value>300新竹市東區文化街82號</value>
          </Data>
          <Data name="營業時間">
            <value>09:00–17:00</value>
          </Data>
          <Data name="電話">
            <value>03 535 5635</value>
          </Data>
        </ExtendedData>
      </Placemark>
      <Placemark>
        <name>日進客家菜包、仙草專賣店</name>
        <address>日進客家菜包、仙草專賣店 客家菜包 新竹 客家 溫士凱 306新竹縣關西鎮大同路49號</address>
        <description><![CDATA[總得碗數: 1<br>得獎菜色: 客家菜包<br>地區: 新竹<br>菜系: 客家<br>推薦評審: 溫士凱<br>地址: 306新竹縣關西鎮大同路49號<br>營業時間: 07:00–12:00<br>電話: 03 587 1112]]></description>
        <styleUrl>#icon-1899-0288D1-labelson</styleUrl>
        <ExtendedData>
          <Data name="總得碗數">
            <value>1.0</value>
          </Data>
          <Data name="得獎菜色">
            <value>客家菜包</value>
          </Data>
          <Data name="地區">
            <value>新竹</value>
          </Data>
          <Data name="菜系">
            <value>客家</value>
          </Data>
          <Data name="推薦評審">
            <value>溫士凱</value>
          </Data>
          <Data name="地址">
            <value>306新竹縣關西鎮大同路49號</value>
          </Data>
          <Data name="營業時間">
            <value>07:00–12:00</value>
          </Data>
          <Data name="電話">
            <value>03 587 1112</value>
          </Data>
        </ExtendedData>
      </Placemark>
      <Placemark>
        <name>北門炸粿</name>
        <address>北門炸粿 炸米糕 新竹 客家 溫士凱 300新竹市北區城北街15號</address>
        <description><![CDATA[總得碗數: 1<br>得獎菜色: 炸米糕<br>地區: 新竹<br>菜系: 客家<br>推薦評審: 溫士凱<br>地址: 300新竹市北區城北街15號<br>營業時間: 13:30–20:00<br>電話: 03 522 0471]]></description>
        <styleUrl>#icon-1899-0288D1-labelson</styleUrl>
        <ExtendedData>
          <Data name="總得碗數">
            <value>1.0</value>
          </Data>
          <Data name="得獎菜色">
            <value>炸米糕</value>
          </Data>
          <Data name="地區">
            <value>新竹</value>
          </Data>
          <Data name="菜系">
            <value>客家</value>
          </Data>
          <Data name="推薦評審">
            <value>溫士凱</value>
          </Data>
          <Data name="地址">
            <value>300新竹市北區城北街15號</value>
          </Data>
          <Data name="營業時間">
            <value>13:30–20:00</value>
          </Data>
          <Data name="電話">
            <value>03 522 0471</value>
          </Data>
        </ExtendedData>
      </Placemark>
      <Placemark>
        <name>石家魚丸</name>
        <address>石家魚丸 三丸湯 新竹 台式 溫士凱 300新竹市興學街27號29號</address>
        <description><![CDATA[總得碗數: 1<br>得獎菜色: 三丸湯<br>地區: 新竹<br>菜系: 台式<br>推薦評審: 溫士凱<br>地址: 300新竹市興學街27號29號<br>營業時間: 08:00–17:50<br>電話: 03 524 2965]]></description>
        <styleUrl>#icon-1899-0288D1-labelson</styleUrl>
        <ExtendedData>
          <Data name="總得碗數">
            <value>1.0</value>
          </Data>
          <Data name="得獎菜色">
            <value>三丸湯</value>
          </Data>
          <Data name="地區">
            <value>新竹</value>
          </Data>
          <Data name="菜系">
            <value>台式</value>
          </Data>
          <Data name="推薦評審">
            <value>溫士凱</value>
          </Data>
          <Data name="地址">
            <value>300新竹市興學街27號29號</value>
          </Data>
          <Data name="營業時間">
            <value>08:00–17:50</value>
          </Data>
          <Data name="電話">
            <value>03 524 2965</value>
          </Data>
        </ExtendedData>
      </Placemark>
      <Placemark>
        <name>竹樂食堂</name>
        <address>竹樂食堂 烤豬肋排 火腿洋蔥炒飯 新竹 台式 番紅花 300新竹市北區西大路690號</address>
        <description><![CDATA[總得碗數: 1<br>得獎菜色: 烤豬肋排 火腿洋蔥炒飯<br>地區: 新竹<br>菜系: 台式<br>推薦評審: 番紅花<br>地址: 300新竹市北區西大路690號<br>營業時間: 11:30–14:00<br>17:30–21:00<br>電話: 03 534 0996]]></description>
        <styleUrl>#icon-1899-0288D1-labelson</styleUrl>
        <ExtendedData>
          <Data name="總得碗數">
            <value>1.0</value>
          </Data>
          <Data name="得獎菜色">
            <value>烤豬肋排 火腿洋蔥炒飯</value>
          </Data>
          <Data name="地區">
            <value>新竹</value>
          </Data>
          <Data name="菜系">
            <value>台式</value>
          </Data>
          <Data name="推薦評審">
            <value>番紅花</value>
          </Data>
          <Data name="地址">
            <value>300新竹市北區西大路690號</value>
          </Data>
          <Data name="營業時間">
            <value>11:30–14:00
17:30–21:00</value>
          </Data>
          <Data name="電話">
            <value>03 534 0996</value>
          </Data>
        </ExtendedData>
      </Placemark>
      <Placemark>
        <name>老陳家中央市場糯米水餃</name>
        <address>老陳家中央市場糯米水餃 綜合+骨肉湯 新竹 台式 溫士凱 300新竹市北區西門街2巷2號中央市場內92攤</address>
        <description><![CDATA[總得碗數: 1<br>得獎菜色: 綜合+骨肉湯<br>地區: 新竹<br>菜系: 台式<br>推薦評審: 溫士凱<br>地址: 300新竹市北區西門街2巷2號中央市場內92攤<br>營業時間: 07:00–14:00<br>電話: 0961 510 975]]></description>
        <styleUrl>#icon-1899-0288D1-labelson</styleUrl>
        <ExtendedData>
          <Data name="總得碗數">
            <value>1.0</value>
          </Data>
          <Data name="得獎菜色">
            <value>綜合+骨肉湯</value>
          </Data>
          <Data name="地區">
            <value>新竹</value>
          </Data>
          <Data name="菜系">
            <value>台式</value>
          </Data>
          <Data name="推薦評審">
            <value>溫士凱</value>
          </Data>
          <Data name="地址">
            <value>300新竹市北區西門街2巷2號中央市場內92攤</value>
          </Data>
          <Data name="營業時間">
            <value>07:00–14:00</value>
          </Data>
          <Data name="電話">
            <value>0961 510 975</value>
          </Data>
        </ExtendedData>
      </Placemark>
      <Placemark>
        <name>弄味小廚 客家菜系</name>
        <address>弄味小廚 客家菜系 客家小炒 炒松阪豬 新竹 客家 肥波開吃啦 300新竹市香山區經國路三段92巷56號</address>
        <description><![CDATA[總得碗數: 1<br>得獎菜色: 客家小炒 炒松阪豬<br>地區: 新竹<br>菜系: 客家<br>推薦評審: 肥波開吃啦<br>地址: 300新竹市香山區經國路三段92巷56號<br>營業時間: 11:00–13:30<br>17:00–20:30<br>電話: 03 538 8286]]></description>
        <styleUrl>#icon-1899-0288D1-labelson</styleUrl>
        <ExtendedData>
          <Data name="總得碗數">
            <value>1.0</value>
          </Data>
          <Data name="得獎菜色">
            <value>客家小炒 炒松阪豬</value>
          </Data>
          <Data name="地區">
            <value>新竹</value>
          </Data>
          <Data name="菜系">
            <value>客家</value>
          </Data>
          <Data name="推薦評審">
            <value>肥波開吃啦</value>
          </Data>
          <Data name="地址">
            <value>300新竹市香山區經國路三段92巷56號</value>
          </Data>
          <Data name="營業時間">
            <value>11:00–13:30
17:00–20:30</value>
          </Data>
          <Data name="電話">
            <value>03 538 8286</value>
          </Data>
        </ExtendedData>
      </Placemark>
      <Placemark>
        <name>芎林榕樹下麵館</name>
        <address>芎林榕樹下麵館 臭豆腐+泡菜 新竹 台式 溫士凱 307新竹縣芎林鄉文昌街123號</address>
        <description><![CDATA[總得碗數: 1<br>得獎菜色: 臭豆腐+泡菜<br>地區: 新竹<br>菜系: 台式<br>推薦評審: 溫士凱<br>地址: 307新竹縣芎林鄉文昌街123號<br>營業時間: 06:30–13:30<br>電話: 03 592 2270]]></description>
        <styleUrl>#icon-1899-0288D1-labelson</styleUrl>
        <ExtendedData>
          <Data name="總得碗數">
            <value>1.0</value>
          </Data>
          <Data name="得獎菜色">
            <value>臭豆腐+泡菜</value>
          </Data>
          <Data name="地區">
            <value>新竹</value>
          </Data>
          <Data name="菜系">
            <value>台式</value>
          </Data>
          <Data name="推薦評審">
            <value>溫士凱</value>
          </Data>
          <Data name="地址">
            <value>307新竹縣芎林鄉文昌街123號</value>
          </Data>
          <Data name="營業時間">
            <value>06:30–13:30</value>
          </Data>
          <Data name="電話">
            <value>03 592 2270</value>
          </Data>
        </ExtendedData>
      </Placemark>
      <Placemark>
        <name>籽田野菜屋</name>
        <address>籽田野菜屋 味增拉麵 新竹 素食 顏博文 300新竹市東區世界街93號</address>
        <description><![CDATA[總得碗數: 1<br>得獎菜色: 味增拉麵<br>地區: 新竹<br>菜系: 素食<br>推薦評審: 顏博文<br>地址: 300新竹市東區世界街93號<br>營業時間: 11:30–13:30<br>17:30–20:00<br>電話: 03 535 5880]]></description>
        <styleUrl>#icon-1899-0288D1-labelson</styleUrl>
        <ExtendedData>
          <Data name="總得碗數">
            <value>1.0</value>
          </Data>
          <Data name="得獎菜色">
            <value>味增拉麵</value>
          </Data>
          <Data name="地區">
            <value>新竹</value>
          </Data>
          <Data name="菜系">
            <value>素食</value>
          </Data>
          <Data name="推薦評審">
            <value>顏博文</value>
          </Data>
          <Data name="地址">
            <value>300新竹市東區世界街93號</value>
          </Data>
          <Data name="營業時間">
            <value>11:30–13:30
17:30–20:00</value>
          </Data>
          <Data name="電話">
            <value>03 535 5880</value>
          </Data>
        </ExtendedData>
      </Placemark>
      <Placemark>
        <name>唐辰小籠包</name>
        <address>唐辰小籠包 小籠包 新竹 台式 溫士凱 310新竹縣竹東鎮長春路二段100號</address>
        <description><![CDATA[總得碗數: 1<br>得獎菜色: 小籠包<br>地區: 新竹<br>菜系: 台式<br>推薦評審: 溫士凱<br>地址: 310新竹縣竹東鎮長春路二段100號<br>營業時間: 05:00–11:00<br>電話: 0932 119 427]]></description>
        <styleUrl>#icon-1899-0288D1-labelson</styleUrl>
        <ExtendedData>
          <Data name="總得碗數">
            <value>1.0</value>
          </Data>
          <Data name="得獎菜色">
            <value>小籠包</value>
          </Data>
          <Data name="地區">
            <value>新竹</value>
          </Data>
          <Data name="菜系">
            <value>台式</value>
          </Data>
          <Data name="推薦評審">
            <value>溫士凱</value>
          </Data>
          <Data name="地址">
            <value>310新竹縣竹東鎮長春路二段100號</value>
          </Data>
          <Data name="營業時間">
            <value>05:00–11:00</value>
          </Data>
          <Data name="電話">
            <value>0932 119 427</value>
          </Data>
        </ExtendedData>
      </Placemark>
      <Placemark>
        <name>張家意麵</name>
        <address>張家意麵 三角（水晶餃）湯 新竹 客家 溫士凱 310新竹縣竹東鎮信義路83號</address>
        <description><![CDATA[總得碗數: 1<br>得獎菜色: 三角（水晶餃）湯<br>地區: 新竹<br>菜系: 客家<br>推薦評審: 溫士凱<br>地址: 310新竹縣竹東鎮信義路83號<br>營業時間: 11:00–18:30<br>電話: 0989 004 091]]></description>
        <styleUrl>#icon-1899-0288D1-labelson</styleUrl>
        <ExtendedData>
          <Data name="總得碗數">
            <value>1.0</value>
          </Data>
          <Data name="得獎菜色">
            <value>三角（水晶餃）湯</value>
          </Data>
          <Data name="地區">
            <value>新竹</value>
          </Data>
          <Data name="菜系">
            <value>客家</value>
          </Data>
          <Data name="推薦評審">
            <value>溫士凱</value>
          </Data>
          <Data name="地址">
            <value>310新竹縣竹東鎮信義路83號</value>
          </Data>
          <Data name="營業時間">
            <value>11:00–18:30</value>
          </Data>
          <Data name="電話">
            <value>0989 004 091</value>
          </Data>
        </ExtendedData>
      </Placemark>
      <Placemark>
        <name>善菓堂</name>
        <address>善菓堂 三杯猴頭菇  新竹 素食 顏博文 302新竹縣竹北市莊敬南路188號</address>
        <description><![CDATA[總得碗數: 1<br>得獎菜色: 三杯猴頭菇 <br>地區: 新竹<br>菜系: 素食<br>推薦評審: 顏博文<br>地址: 302新竹縣竹北市莊敬南路188號<br>營業時間: 11:30–14:30<br>17:30–21:00<br>電話: 03 667 5955]]></description>
        <styleUrl>#icon-1899-0288D1-labelson</styleUrl>
        <ExtendedData>
          <Data name="總得碗數">
            <value>1.0</value>
          </Data>
          <Data name="得獎菜色">
            <value>三杯猴頭菇 </value>
          </Data>
          <Data name="地區">
            <value>新竹</value>
          </Data>
          <Data name="菜系">
            <value>素食</value>
          </Data>
          <Data name="推薦評審">
            <value>顏博文</value>
          </Data>
          <Data name="地址">
            <value>302新竹縣竹北市莊敬南路188號</value>
          </Data>
          <Data name="營業時間">
            <value>11:30–14:30
17:30–21:00</value>
          </Data>
          <Data name="電話">
            <value>03 667 5955</value>
          </Data>
        </ExtendedData>
      </Placemark>
      <Placemark>
        <name>彭記客家米食</name>
        <address>彭記客家米食 客家水粄 新竹 客家 溫士凱 310新竹縣竹東鎮仁愛路312號</address>
        <description><![CDATA[總得碗數: 1<br>得獎菜色: 客家水粄<br>地區: 新竹<br>菜系: 客家<br>推薦評審: 溫士凱<br>地址: 310新竹縣竹東鎮仁愛路312號<br>營業時間: 07:30–13:00<br>電話: 0918 766 963]]></description>
        <styleUrl>#icon-1899-0288D1-labelson</styleUrl>
        <ExtendedData>
          <Data name="總得碗數">
            <value>1.0</value>
          </Data>
          <Data name="得獎菜色">
            <value>客家水粄</value>
          </Data>
          <Data name="地區">
            <value>新竹</value>
          </Data>
          <Data name="菜系">
            <value>客家</value>
          </Data>
          <Data name="推薦評審">
            <value>溫士凱</value>
          </Data>
          <Data name="地址">
            <value>310新竹縣竹東鎮仁愛路312號</value>
          </Data>
          <Data name="營業時間">
            <value>07:30–13:00</value>
          </Data>
          <Data name="電話">
            <value>0918 766 963</value>
          </Data>
        </ExtendedData>
      </Placemark>
      <Placemark>
        <name>無名麵店</name>
        <address>無名麵店 豬頭肉+乾意麵 新竹 台式 高靜玉 306新竹縣關西鎮正義路與大同路口(市場裡)</address>
        <description><![CDATA[總得碗數: 1<br>得獎菜色: 豬頭肉+乾意麵<br>地區: 新竹<br>菜系: 台式<br>推薦評審: 高靜玉<br>地址: 306新竹縣關西鎮正義路與大同路口(市場裡)<br>營業時間: <br>電話: ]]></description>
        <styleUrl>#icon-1899-0288D1-labelson</styleUrl>
        <ExtendedData>
          <Data name="總得碗數">
            <value>1.0</value>
          </Data>
          <Data name="得獎菜色">
            <value>豬頭肉+乾意麵</value>
          </Data>
          <Data name="地區">
            <value>新竹</value>
          </Data>
          <Data name="菜系">
            <value>台式</value>
          </Data>
          <Data name="推薦評審">
            <value>高靜玉</value>
          </Data>
          <Data name="地址">
            <value>306新竹縣關西鎮正義路與大同路口(市場裡)</value>
          </Data>
          <Data name="營業時間">
            <value/>
          </Data>
          <Data name="電話">
            <value/>
          </Data>
        </ExtendedData>
      </Placemark>
      <Placemark>
        <name>黑皮驊魯肉飯HAPPY-HWA</name>
        <address>黑皮驊魯肉飯HAPPY-HWA 魯肉飯 新竹 台式 Nobu Lee 302新竹縣竹北市嘉興路150號</address>
        <description><![CDATA[總得碗數: 1<br>得獎菜色: 魯肉飯<br>地區: 新竹<br>菜系: 台式<br>推薦評審: Nobu Lee<br>地址: 302新竹縣竹北市嘉興路150號<br>營業時間: 10:00–13:30<br>17:00–20:30<br>電話: 03 658 7112]]></description>
        <styleUrl>#icon-1899-0288D1-labelson</styleUrl>
        <ExtendedData>
          <Data name="總得碗數">
            <value>1.0</value>
          </Data>
          <Data name="得獎菜色">
            <value>魯肉飯</value>
          </Data>
          <Data name="地區">
            <value>新竹</value>
          </Data>
          <Data name="菜系">
            <value>台式</value>
          </Data>
          <Data name="推薦評審">
            <value>Nobu Lee</value>
          </Data>
          <Data name="地址">
            <value>302新竹縣竹北市嘉興路150號</value>
          </Data>
          <Data name="營業時間">
            <value>10:00–13:30
17:00–20:30</value>
          </Data>
          <Data name="電話">
            <value>03 658 7112</value>
          </Data>
        </ExtendedData>
      </Placemark>
      <Placemark>
        <name>魏家婆菜</name>
        <address>魏家婆菜 紅蘿蔔婆菜 新竹 客家 溫士凱 310新竹縣竹東鎮仁愛路310巷29號</address>
        <description><![CDATA[總得碗數: 1<br>得獎菜色: 紅蘿蔔婆菜<br>地區: 新竹<br>菜系: 客家<br>推薦評審: 溫士凱<br>地址: 310新竹縣竹東鎮仁愛路310巷29號<br>營業時間: 05:00-11:00<br>電話: ]]></description>
        <styleUrl>#icon-1899-0288D1-labelson</styleUrl>
        <ExtendedData>
          <Data name="總得碗數">
            <value>1.0</value>
          </Data>
          <Data name="得獎菜色">
            <value>紅蘿蔔婆菜</value>
          </Data>
          <Data name="地區">
            <value>新竹</value>
          </Data>
          <Data name="菜系">
            <value>客家</value>
          </Data>
          <Data name="推薦評審">
            <value>溫士凱</value>
          </Data>
          <Data name="地址">
            <value>310新竹縣竹東鎮仁愛路310巷29號</value>
          </Data>
          <Data name="營業時間">
            <value>05:00-11:00</value>
          </Data>
          <Data name="電話">
            <value/>
          </Data>
        </ExtendedData>
      </Placemark>
      <Placemark>
        <name>ㄤ咕麵</name>
        <address>ㄤ咕麵 乾粄條 新竹 客家 溫士凱 306新竹縣關西鎮光復路35號</address>
        <description><![CDATA[總得碗數: 1<br>得獎菜色: 乾粄條<br>地區: 新竹<br>菜系: 客家<br>推薦評審: 溫士凱<br>地址: 306新竹縣關西鎮光復路35號<br>營業時間: 10:30-19:45 <br>電話: 03 587 5541]]></description>
        <styleUrl>#icon-1899-0288D1-labelson</styleUrl>
        <ExtendedData>
          <Data name="總得碗數">
            <value>1.0</value>
          </Data>
          <Data name="得獎菜色">
            <value>乾粄條</value>
          </Data>
          <Data name="地區">
            <value>新竹</value>
          </Data>
          <Data name="菜系">
            <value>客家</value>
          </Data>
          <Data name="推薦評審">
            <value>溫士凱</value>
          </Data>
          <Data name="地址">
            <value>306新竹縣關西鎮光復路35號</value>
          </Data>
          <Data name="營業時間">
            <value>10:30-19:45 </value>
          </Data>
          <Data name="電話">
            <value>03 587 5541</value>
          </Data>
        </ExtendedData>
      </Placemark>
      <Placemark>
        <name>一級棒鵝肉小吃店</name>
        <address>一級棒鵝肉小吃店 醬油半熟蛋 苗栗 台式 湯昇榮 360苗栗縣苗栗市中華路161-1號</address>
        <description><![CDATA[總得碗數: 1<br>得獎菜色: 醬油半熟蛋<br>地區: 苗栗<br>菜系: 台式<br>推薦評審: 湯昇榮<br>地址: 360苗栗縣苗栗市中華路161-1號<br>營業時間: 11:00–14:00<br>17:00–00:00<br>電話: 03 727 5273]]></description>
        <styleUrl>#icon-1899-0288D1-labelson</styleUrl>
        <ExtendedData>
          <Data name="總得碗數">
            <value>1.0</value>
          </Data>
          <Data name="得獎菜色">
            <value>醬油半熟蛋</value>
          </Data>
          <Data name="地區">
            <value>苗栗</value>
          </Data>
          <Data name="菜系">
            <value>台式</value>
          </Data>
          <Data name="推薦評審">
            <value>湯昇榮</value>
          </Data>
          <Data name="地址">
            <value>360苗栗縣苗栗市中華路161-1號</value>
          </Data>
          <Data name="營業時間">
            <value>11:00–14:00
17:00–00:00</value>
          </Data>
          <Data name="電話">
            <value>03 727 5273</value>
          </Data>
        </ExtendedData>
      </Placemark>
      <Placemark>
        <name>三顧茅廬麻辣滷味-苗栗府前店</name>
        <address>三顧茅廬麻辣滷味-苗栗府前店 麻辣滷味 苗栗 台式 謝孟恭 360苗栗縣苗栗市府前路103號</address>
        <description><![CDATA[總得碗數: 1<br>得獎菜色: 麻辣滷味<br>地區: 苗栗<br>菜系: 台式<br>推薦評審: 謝孟恭<br>地址: 360苗栗縣苗栗市府前路103號<br>營業時間: 10:30–21:30<br>電話: 03 737 2277]]></description>
        <styleUrl>#icon-1899-0288D1-labelson</styleUrl>
        <ExtendedData>
          <Data name="總得碗數">
            <value>1.0</value>
          </Data>
          <Data name="得獎菜色">
            <value>麻辣滷味</value>
          </Data>
          <Data name="地區">
            <value>苗栗</value>
          </Data>
          <Data name="菜系">
            <value>台式</value>
          </Data>
          <Data name="推薦評審">
            <value>謝孟恭</value>
          </Data>
          <Data name="地址">
            <value>360苗栗縣苗栗市府前路103號</value>
          </Data>
          <Data name="營業時間">
            <value>10:30–21:30</value>
          </Data>
          <Data name="電話">
            <value>03 737 2277</value>
          </Data>
        </ExtendedData>
      </Placemark>
      <Placemark>
        <name>双冬蚵仔煎</name>
        <address>双冬蚵仔煎 蚵仔煎 苗栗 台式 謝孟恭 360苗栗縣苗栗市中正路114號</address>
        <description><![CDATA[總得碗數: 1<br>得獎菜色: 蚵仔煎<br>地區: 苗栗<br>菜系: 台式<br>推薦評審: 謝孟恭<br>地址: 360苗栗縣苗栗市中正路114號<br>營業時間: 15:30–23:30<br>電話: 03 726 7301]]></description>
        <styleUrl>#icon-1899-0288D1-labelson</styleUrl>
        <ExtendedData>
          <Data name="總得碗數">
            <value>1.0</value>
          </Data>
          <Data name="得獎菜色">
            <value>蚵仔煎</value>
          </Data>
          <Data name="地區">
            <value>苗栗</value>
          </Data>
          <Data name="菜系">
            <value>台式</value>
          </Data>
          <Data name="推薦評審">
            <value>謝孟恭</value>
          </Data>
          <Data name="地址">
            <value>360苗栗縣苗栗市中正路114號</value>
          </Data>
          <Data name="營業時間">
            <value>15:30–23:30</value>
          </Data>
          <Data name="電話">
            <value>03 726 7301</value>
          </Data>
        </ExtendedData>
      </Placemark>
      <Placemark>
        <name>水上人家</name>
        <address>水上人家 豬血湯 水晶餃 苗栗 台式 謝孟恭 360苗栗縣苗栗市天雲街3號</address>
        <description><![CDATA[總得碗數: 1<br>得獎菜色: 豬血湯 水晶餃<br>地區: 苗栗<br>菜系: 台式<br>推薦評審: 謝孟恭<br>地址: 360苗栗縣苗栗市天雲街3號<br>營業時間: 06:30–13:00<br>電話: 03 733 6305]]></description>
        <styleUrl>#icon-1899-0288D1-labelson</styleUrl>
        <ExtendedData>
          <Data name="總得碗數">
            <value>1.0</value>
          </Data>
          <Data name="得獎菜色">
            <value>豬血湯 水晶餃</value>
          </Data>
          <Data name="地區">
            <value>苗栗</value>
          </Data>
          <Data name="菜系">
            <value>台式</value>
          </Data>
          <Data name="推薦評審">
            <value>謝孟恭</value>
          </Data>
          <Data name="地址">
            <value>360苗栗縣苗栗市天雲街3號</value>
          </Data>
          <Data name="營業時間">
            <value>06:30–13:00</value>
          </Data>
          <Data name="電話">
            <value>03 733 6305</value>
          </Data>
        </ExtendedData>
      </Placemark>
      <Placemark>
        <name>幸福手工蔥油餅水煎包專賣店</name>
        <address>幸福手工蔥油餅水煎包專賣店 水煎包 苗栗 台式 湯昇榮 351苗栗縣頭份市忠孝一路53號351</address>
        <description><![CDATA[總得碗數: 1<br>得獎菜色: 水煎包<br>地區: 苗栗<br>菜系: 台式<br>推薦評審: 湯昇榮<br>地址: 351苗栗縣頭份市忠孝一路53號351<br>營業時間: 13:30–19:00<br>電話: 0912 389 012]]></description>
        <styleUrl>#icon-1899-0288D1-labelson</styleUrl>
        <ExtendedData>
          <Data name="總得碗數">
            <value>1.0</value>
          </Data>
          <Data name="得獎菜色">
            <value>水煎包</value>
          </Data>
          <Data name="地區">
            <value>苗栗</value>
          </Data>
          <Data name="菜系">
            <value>台式</value>
          </Data>
          <Data name="推薦評審">
            <value>湯昇榮</value>
          </Data>
          <Data name="地址">
            <value>351苗栗縣頭份市忠孝一路53號351</value>
          </Data>
          <Data name="營業時間">
            <value>13:30–19:00</value>
          </Data>
          <Data name="電話">
            <value>0912 389 012</value>
          </Data>
        </ExtendedData>
      </Placemark>
      <Placemark>
        <name>松興飲食店</name>
        <address>松興飲食店 什錦湯麵 苗栗 台式 湯昇榮 351苗栗縣頭份市民族路88號</address>
        <description><![CDATA[總得碗數: 1<br>得獎菜色: 什錦湯麵<br>地區: 苗栗<br>菜系: 台式<br>推薦評審: 湯昇榮<br>地址: 351苗栗縣頭份市民族路88號<br>營業時間: 11:00–20:00<br>電話: 03 766 3346]]></description>
        <styleUrl>#icon-1899-0288D1-labelson</styleUrl>
        <ExtendedData>
          <Data name="總得碗數">
            <value>1.0</value>
          </Data>
          <Data name="得獎菜色">
            <value>什錦湯麵</value>
          </Data>
          <Data name="地區">
            <value>苗栗</value>
          </Data>
          <Data name="菜系">
            <value>台式</value>
          </Data>
          <Data name="推薦評審">
            <value>湯昇榮</value>
          </Data>
          <Data name="地址">
            <value>351苗栗縣頭份市民族路88號</value>
          </Data>
          <Data name="營業時間">
            <value>11:00–20:00</value>
          </Data>
          <Data name="電話">
            <value>03 766 3346</value>
          </Data>
        </ExtendedData>
      </Placemark>
      <Placemark>
        <name>邱家粄條 客家美食</name>
        <address>邱家粄條 客家美食 招牌乾粄條 苗栗 客家 湯昇榮 360苗栗縣苗栗市玉興街21號</address>
        <description><![CDATA[總得碗數: 1<br>得獎菜色: 招牌乾粄條<br>地區: 苗栗<br>菜系: 客家<br>推薦評審: 湯昇榮<br>地址: 360苗栗縣苗栗市玉興街21號<br>營業時間: 07:00–14:00<br>電話: 03 726 3587]]></description>
        <styleUrl>#icon-1899-0288D1-labelson</styleUrl>
        <ExtendedData>
          <Data name="總得碗數">
            <value>1.0</value>
          </Data>
          <Data name="得獎菜色">
            <value>招牌乾粄條</value>
          </Data>
          <Data name="地區">
            <value>苗栗</value>
          </Data>
          <Data name="菜系">
            <value>客家</value>
          </Data>
          <Data name="推薦評審">
            <value>湯昇榮</value>
          </Data>
          <Data name="地址">
            <value>360苗栗縣苗栗市玉興街21號</value>
          </Data>
          <Data name="營業時間">
            <value>07:00–14:00</value>
          </Data>
          <Data name="電話">
            <value>03 726 3587</value>
          </Data>
        </ExtendedData>
      </Placemark>
      <Placemark>
        <name>阿戊嫂的店</name>
        <address>阿戊嫂的店 客家小炒 苗栗 客家 湯昇榮 352020苗栗縣三灣鄉民生街34號</address>
        <description><![CDATA[總得碗數: 1<br>得獎菜色: 客家小炒<br>地區: 苗栗<br>菜系: 客家<br>推薦評審: 湯昇榮<br>地址: 352020苗栗縣三灣鄉民生街34號<br>營業時間: 11:00–15:00<br>電話: 0912 353 163]]></description>
        <styleUrl>#icon-1899-0288D1-labelson</styleUrl>
        <ExtendedData>
          <Data name="總得碗數">
            <value>1.0</value>
          </Data>
          <Data name="得獎菜色">
            <value>客家小炒</value>
          </Data>
          <Data name="地區">
            <value>苗栗</value>
          </Data>
          <Data name="菜系">
            <value>客家</value>
          </Data>
          <Data name="推薦評審">
            <value>湯昇榮</value>
          </Data>
          <Data name="地址">
            <value>352020苗栗縣三灣鄉民生街34號</value>
          </Data>
          <Data name="營業時間">
            <value>11:00–15:00</value>
          </Data>
          <Data name="電話">
            <value>0912 353 163</value>
          </Data>
        </ExtendedData>
      </Placemark>
      <Placemark>
        <name>阿蘭姊小吃店</name>
        <address>阿蘭姊小吃店 豬膀胱（小肚）湯  苗栗 台式 徐仲 360苗栗縣苗栗市新苗街61巷49號</address>
        <description><![CDATA[總得碗數: 1<br>得獎菜色: 豬膀胱（小肚）湯 <br>地區: 苗栗<br>菜系: 台式<br>推薦評審: 徐仲<br>地址: 360苗栗縣苗栗市新苗街61巷49號<br>營業時間: 06:30–12:30<br>電話: 03 732 1677]]></description>
        <styleUrl>#icon-1899-0288D1-labelson</styleUrl>
        <ExtendedData>
          <Data name="總得碗數">
            <value>1.0</value>
          </Data>
          <Data name="得獎菜色">
            <value>豬膀胱（小肚）湯 </value>
          </Data>
          <Data name="地區">
            <value>苗栗</value>
          </Data>
          <Data name="菜系">
            <value>台式</value>
          </Data>
          <Data name="推薦評審">
            <value>徐仲</value>
          </Data>
          <Data name="地址">
            <value>360苗栗縣苗栗市新苗街61巷49號</value>
          </Data>
          <Data name="營業時間">
            <value>06:30–12:30</value>
          </Data>
          <Data name="電話">
            <value>03 732 1677</value>
          </Data>
        </ExtendedData>
      </Placemark>
      <Placemark>
        <name>曾記餡餅</name>
        <address>曾記餡餅 牛肉高麗菜餡餅 苗栗 台式 湯昇榮 351苗栗縣頭份市八德一路254號</address>
        <description><![CDATA[總得碗數: 1<br>得獎菜色: 牛肉高麗菜餡餅<br>地區: 苗栗<br>菜系: 台式<br>推薦評審: 湯昇榮<br>地址: 351苗栗縣頭份市八德一路254號<br>營業時間: 13:00–19:00<br>電話: 0919 825 562]]></description>
        <styleUrl>#icon-1899-0288D1-labelson</styleUrl>
        <ExtendedData>
          <Data name="總得碗數">
            <value>1.0</value>
          </Data>
          <Data name="得獎菜色">
            <value>牛肉高麗菜餡餅</value>
          </Data>
          <Data name="地區">
            <value>苗栗</value>
          </Data>
          <Data name="菜系">
            <value>台式</value>
          </Data>
          <Data name="推薦評審">
            <value>湯昇榮</value>
          </Data>
          <Data name="地址">
            <value>351苗栗縣頭份市八德一路254號</value>
          </Data>
          <Data name="營業時間">
            <value>13:00–19:00</value>
          </Data>
          <Data name="電話">
            <value>0919 825 562</value>
          </Data>
        </ExtendedData>
      </Placemark>
      <Placemark>
        <name>紫園無招牌客家米食</name>
        <address>紫園無招牌客家米食 水粄 苗栗 客家 湯昇榮 360苗栗縣苗栗市清華里紫園街79巷1號</address>
        <description><![CDATA[總得碗數: 1<br>得獎菜色: 水粄<br>地區: 苗栗<br>菜系: 客家<br>推薦評審: 湯昇榮<br>地址: 360苗栗縣苗栗市清華里紫園街79巷1號<br>營業時間: 06:30-08:00<br>電話: 03 726 3378]]></description>
        <styleUrl>#icon-1899-0288D1-labelson</styleUrl>
        <ExtendedData>
          <Data name="總得碗數">
            <value>1.0</value>
          </Data>
          <Data name="得獎菜色">
            <value>水粄</value>
          </Data>
          <Data name="地區">
            <value>苗栗</value>
          </Data>
          <Data name="菜系">
            <value>客家</value>
          </Data>
          <Data name="推薦評審">
            <value>湯昇榮</value>
          </Data>
          <Data name="地址">
            <value>360苗栗縣苗栗市清華里紫園街79巷1號</value>
          </Data>
          <Data name="營業時間">
            <value>06:30-08:00</value>
          </Data>
          <Data name="電話">
            <value>03 726 3378</value>
          </Data>
        </ExtendedData>
      </Placemark>
      <Placemark>
        <name>源味達快餐亭</name>
        <address>源味達快餐亭 排骨飯 苗栗 台式 謝孟恭 360苗栗縣苗栗市自治路86號</address>
        <description><![CDATA[總得碗數: 1<br>得獎菜色: 排骨飯<br>地區: 苗栗<br>菜系: 台式<br>推薦評審: 謝孟恭<br>地址: 360苗栗縣苗栗市自治路86號<br>營業時間: 10:10–13:00<br>16:00–17:00<br>電話: 03 733 5811]]></description>
        <styleUrl>#icon-1899-0288D1-labelson</styleUrl>
        <ExtendedData>
          <Data name="總得碗數">
            <value>1.0</value>
          </Data>
          <Data name="得獎菜色">
            <value>排骨飯</value>
          </Data>
          <Data name="地區">
            <value>苗栗</value>
          </Data>
          <Data name="菜系">
            <value>台式</value>
          </Data>
          <Data name="推薦評審">
            <value>謝孟恭</value>
          </Data>
          <Data name="地址">
            <value>360苗栗縣苗栗市自治路86號</value>
          </Data>
          <Data name="營業時間">
            <value>10:10–13:00
16:00–17:00</value>
          </Data>
          <Data name="電話">
            <value>03 733 5811</value>
          </Data>
        </ExtendedData>
      </Placemark>
      <Placemark>
        <name>福滿香餐飲館</name>
        <address>福滿香餐飲館 綜合水餃 苗栗 台式 湯昇榮 360苗栗縣苗栗市中華東街</address>
        <description><![CDATA[總得碗數: 1<br>得獎菜色: 綜合水餃<br>地區: 苗栗<br>菜系: 台式<br>推薦評審: 湯昇榮<br>地址: 360苗栗縣苗栗市中華東街<br>營業時間: 07:00–19:00<br>電話: ]]></description>
        <styleUrl>#icon-1899-0288D1-labelson</styleUrl>
        <ExtendedData>
          <Data name="總得碗數">
            <value>1.0</value>
          </Data>
          <Data name="得獎菜色">
            <value>綜合水餃</value>
          </Data>
          <Data name="地區">
            <value>苗栗</value>
          </Data>
          <Data name="菜系">
            <value>台式</value>
          </Data>
          <Data name="推薦評審">
            <value>湯昇榮</value>
          </Data>
          <Data name="地址">
            <value>360苗栗縣苗栗市中華東街</value>
          </Data>
          <Data name="營業時間">
            <value>07:00–19:00</value>
          </Data>
          <Data name="電話">
            <value/>
          </Data>
        </ExtendedData>
      </Placemark>
      <Placemark>
        <name>廟口肉圓</name>
        <address>廟口肉圓 肉圓+豆腐湯 苗栗 台式 湯昇榮 356苗栗後龍鎮三民路120號</address>
        <description><![CDATA[總得碗數: 1<br>得獎菜色: 肉圓+豆腐湯<br>地區: 苗栗<br>菜系: 台式<br>推薦評審: 湯昇榮<br>地址: 356苗栗後龍鎮三民路120號<br>營業時間: 09:00-12:00<br>電話: ]]></description>
        <styleUrl>#icon-1899-0288D1-labelson</styleUrl>
        <ExtendedData>
          <Data name="總得碗數">
            <value>1.0</value>
          </Data>
          <Data name="得獎菜色">
            <value>肉圓+豆腐湯</value>
          </Data>
          <Data name="地區">
            <value>苗栗</value>
          </Data>
          <Data name="菜系">
            <value>台式</value>
          </Data>
          <Data name="推薦評審">
            <value>湯昇榮</value>
          </Data>
          <Data name="地址">
            <value>356苗栗後龍鎮三民路120號</value>
          </Data>
          <Data name="營業時間">
            <value>09:00-12:00</value>
          </Data>
          <Data name="電話">
            <value/>
          </Data>
        </ExtendedData>
      </Placemark>
      <Placemark>
        <name>TAKU 牛丼專賣</name>
        <address>TAKU 牛丼專賣 經典双味牛丼 台中 台式 魏幸怡 403005臺中市西區民生北路105號</address>
        <description><![CDATA[總得碗數: 1<br>得獎菜色: 經典双味牛丼<br>地區: 台中<br>菜系: 台式<br>推薦評審: 魏幸怡<br>地址: 403005臺中市西區民生北路105號<br>營業時間: 11:30–14:00<br>17:30–22:00<br>電話: 04 2305 8199]]></description>
        <styleUrl>#icon-1899-0288D1-labelson</styleUrl>
        <ExtendedData>
          <Data name="總得碗數">
            <value>1.0</value>
          </Data>
          <Data name="得獎菜色">
            <value>經典双味牛丼</value>
          </Data>
          <Data name="地區">
            <value>台中</value>
          </Data>
          <Data name="菜系">
            <value>台式</value>
          </Data>
          <Data name="推薦評審">
            <value>魏幸怡</value>
          </Data>
          <Data name="地址">
            <value>403005臺中市西區民生北路105號</value>
          </Data>
          <Data name="營業時間">
            <value>11:30–14:00
17:30–22:00</value>
          </Data>
          <Data name="電話">
            <value>04 2305 8199</value>
          </Data>
        </ExtendedData>
      </Placemark>
      <Placemark>
        <name>三鮮湯包</name>
        <address>三鮮湯包 鮮瓜湯包 台中 台式 魏幸怡 404臺中市北區健行路753號</address>
        <description><![CDATA[總得碗數: 1<br>得獎菜色: 鮮瓜湯包<br>地區: 台中<br>菜系: 台式<br>推薦評審: 魏幸怡<br>地址: 404臺中市北區健行路753號<br>營業時間: 11:00–14:00<br>16:00–19:30<br>電話: 04 2207 1868]]></description>
        <styleUrl>#icon-1899-0288D1-labelson</styleUrl>
        <ExtendedData>
          <Data name="總得碗數">
            <value>1.0</value>
          </Data>
          <Data name="得獎菜色">
            <value>鮮瓜湯包</value>
          </Data>
          <Data name="地區">
            <value>台中</value>
          </Data>
          <Data name="菜系">
            <value>台式</value>
          </Data>
          <Data name="推薦評審">
            <value>魏幸怡</value>
          </Data>
          <Data name="地址">
            <value>404臺中市北區健行路753號</value>
          </Data>
          <Data name="營業時間">
            <value>11:00–14:00
16:00–19:30</value>
          </Data>
          <Data name="電話">
            <value>04 2207 1868</value>
          </Data>
        </ExtendedData>
      </Placemark>
      <Placemark>
        <name>大雅牛肉麵</name>
        <address>大雅牛肉麵 牛肉麵 台中 台式 朱𩃀理 428臺中市大雅區中清東路118巷26號</address>
        <description><![CDATA[總得碗數: 1<br>得獎菜色: 牛肉麵<br>地區: 台中<br>菜系: 台式<br>推薦評審: 朱𩃀理<br>地址: 428臺中市大雅區中清東路118巷26號<br>營業時間: 09:00–15:00<br>電話: 04 2568 1346]]></description>
        <styleUrl>#icon-1899-0288D1-labelson</styleUrl>
        <ExtendedData>
          <Data name="總得碗數">
            <value>1.0</value>
          </Data>
          <Data name="得獎菜色">
            <value>牛肉麵</value>
          </Data>
          <Data name="地區">
            <value>台中</value>
          </Data>
          <Data name="菜系">
            <value>台式</value>
          </Data>
          <Data name="推薦評審">
            <value>朱𩃀理</value>
          </Data>
          <Data name="地址">
            <value>428臺中市大雅區中清東路118巷26號</value>
          </Data>
          <Data name="營業時間">
            <value>09:00–15:00</value>
          </Data>
          <Data name="電話">
            <value>04 2568 1346</value>
          </Data>
        </ExtendedData>
      </Placemark>
      <Placemark>
        <name>大雅炸雞</name>
        <address>大雅炸雞 炸雞翅 台中 台式 Lulu 黃路梓茵 428臺中市大雅區學府路278-289號</address>
        <description><![CDATA[總得碗數: 1<br>得獎菜色: 炸雞翅<br>地區: 台中<br>菜系: 台式<br>推薦評審: Lulu 黃路梓茵<br>地址: 428臺中市大雅區學府路278-289號<br>營業時間: 11:00–21:00<br>電話: 0900 177 957]]></description>
        <styleUrl>#icon-1899-0288D1-labelson</styleUrl>
        <ExtendedData>
          <Data name="總得碗數">
            <value>1.0</value>
          </Data>
          <Data name="得獎菜色">
            <value>炸雞翅</value>
          </Data>
          <Data name="地區">
            <value>台中</value>
          </Data>
          <Data name="菜系">
            <value>台式</value>
          </Data>
          <Data name="推薦評審">
            <value>Lulu 黃路梓茵</value>
          </Data>
          <Data name="地址">
            <value>428臺中市大雅區學府路278-289號</value>
          </Data>
          <Data name="營業時間">
            <value>11:00–21:00</value>
          </Data>
          <Data name="電話">
            <value>0900 177 957</value>
          </Data>
        </ExtendedData>
      </Placemark>
      <Placemark>
        <name>五市肉包</name>
        <address>五市肉包 意麵（乾） 台中 台式 朱𩃀理 403臺中市西區林森路135號</address>
        <description><![CDATA[總得碗數: 1<br>得獎菜色: 意麵（乾）<br>地區: 台中<br>菜系: 台式<br>推薦評審: 朱𩃀理<br>地址: 403臺中市西區林森路135號<br>營業時間: 07:00–13:00<br>電話: 04 2372 5015]]></description>
        <styleUrl>#icon-1899-0288D1-labelson</styleUrl>
        <ExtendedData>
          <Data name="總得碗數">
            <value>1.0</value>
          </Data>
          <Data name="得獎菜色">
            <value>意麵（乾）</value>
          </Data>
          <Data name="地區">
            <value>台中</value>
          </Data>
          <Data name="菜系">
            <value>台式</value>
          </Data>
          <Data name="推薦評審">
            <value>朱𩃀理</value>
          </Data>
          <Data name="地址">
            <value>403臺中市西區林森路135號</value>
          </Data>
          <Data name="營業時間">
            <value>07:00–13:00</value>
          </Data>
          <Data name="電話">
            <value>04 2372 5015</value>
          </Data>
        </ExtendedData>
      </Placemark>
      <Placemark>
        <name>水湳臭豆腐</name>
        <address>水湳臭豆腐 臭豆腐 台中 台式 陳怡德 403臺中市西區五權五街126號</address>
        <description><![CDATA[總得碗數: 1<br>得獎菜色: 臭豆腐<br>地區: 台中<br>菜系: 台式<br>推薦評審: 陳怡德<br>地址: 403臺中市西區五權五街126號<br>營業時間: 16:50–22:30<br>電話: 04 2375 5639]]></description>
        <styleUrl>#icon-1899-0288D1-labelson</styleUrl>
        <ExtendedData>
          <Data name="總得碗數">
            <value>1.0</value>
          </Data>
          <Data name="得獎菜色">
            <value>臭豆腐</value>
          </Data>
          <Data name="地區">
            <value>台中</value>
          </Data>
          <Data name="菜系">
            <value>台式</value>
          </Data>
          <Data name="推薦評審">
            <value>陳怡德</value>
          </Data>
          <Data name="地址">
            <value>403臺中市西區五權五街126號</value>
          </Data>
          <Data name="營業時間">
            <value>16:50–22:30</value>
          </Data>
          <Data name="電話">
            <value>04 2375 5639</value>
          </Data>
        </ExtendedData>
      </Placemark>
      <Placemark>
        <name>主觀廚房.Subjective taste</name>
        <address>主觀廚房.Subjective taste 牛魔王雙層牛肉堡 台中 歐美 張小均 (我要征服臺南牛肉湯!!!) 403臺中市西區公正路126號</address>
        <description><![CDATA[總得碗數: 1<br>得獎菜色: 牛魔王雙層牛肉堡<br>地區: 台中<br>菜系: 歐美<br>推薦評審: 張小均 (我要征服臺南牛肉湯!!!)<br>地址: 403臺中市西區公正路126號<br>營業時間: 11:00–15:30<br>17:00–20:00<br>電話: 04 2302 0699]]></description>
        <styleUrl>#icon-1899-0288D1-labelson</styleUrl>
        <ExtendedData>
          <Data name="總得碗數">
            <value>1.0</value>
          </Data>
          <Data name="得獎菜色">
            <value>牛魔王雙層牛肉堡</value>
          </Data>
          <Data name="地區">
            <value>台中</value>
          </Data>
          <Data name="菜系">
            <value>歐美</value>
          </Data>
          <Data name="推薦評審">
            <value>張小均 (我要征服臺南牛肉湯!!!)</value>
          </Data>
          <Data name="地址">
            <value>403臺中市西區公正路126號</value>
          </Data>
          <Data name="營業時間">
            <value>11:00–15:30
17:00–20:00</value>
          </Data>
          <Data name="電話">
            <value>04 2302 0699</value>
          </Data>
        </ExtendedData>
      </Placemark>
      <Placemark>
        <name>台中唐太盅養生燉品甜湯</name>
        <address>台中唐太盅養生燉品甜湯 十全藥膳豬腳盅 台中 台式 蔣勳 403臺中市西區公益路22號</address>
        <description><![CDATA[總得碗數: 1<br>得獎菜色: 十全藥膳豬腳盅<br>地區: 台中<br>菜系: 台式<br>推薦評審: 蔣勳<br>地址: 403臺中市西區公益路22號<br>營業時間: 11:30–21:00<br>電話: 04 2328 2329]]></description>
        <styleUrl>#icon-1899-0288D1-labelson</styleUrl>
        <ExtendedData>
          <Data name="總得碗數">
            <value>1.0</value>
          </Data>
          <Data name="得獎菜色">
            <value>十全藥膳豬腳盅</value>
          </Data>
          <Data name="地區">
            <value>台中</value>
          </Data>
          <Data name="菜系">
            <value>台式</value>
          </Data>
          <Data name="推薦評審">
            <value>蔣勳</value>
          </Data>
          <Data name="地址">
            <value>403臺中市西區公益路22號</value>
          </Data>
          <Data name="營業時間">
            <value>11:30–21:00</value>
          </Data>
          <Data name="電話">
            <value>04 2328 2329</value>
          </Data>
        </ExtendedData>
      </Placemark>
      <Placemark>
        <name>旱溪肉圓</name>
        <address>旱溪肉圓 肉圓 台中 台式 朱𩃀理 401臺中市東區東光園路592號</address>
        <description><![CDATA[總得碗數: 1<br>得獎菜色: 肉圓<br>地區: 台中<br>菜系: 台式<br>推薦評審: 朱𩃀理<br>地址: 401臺中市東區東光園路592號<br>營業時間: 15:30–23:30<br>電話: 04 2211 4552]]></description>
        <styleUrl>#icon-1899-0288D1-labelson</styleUrl>
        <ExtendedData>
          <Data name="總得碗數">
            <value>1.0</value>
          </Data>
          <Data name="得獎菜色">
            <value>肉圓</value>
          </Data>
          <Data name="地區">
            <value>台中</value>
          </Data>
          <Data name="菜系">
            <value>台式</value>
          </Data>
          <Data name="推薦評審">
            <value>朱𩃀理</value>
          </Data>
          <Data name="地址">
            <value>401臺中市東區東光園路592號</value>
          </Data>
          <Data name="營業時間">
            <value>15:30–23:30</value>
          </Data>
          <Data name="電話">
            <value>04 2211 4552</value>
          </Data>
        </ExtendedData>
      </Placemark>
      <Placemark>
        <name>北屯佳賓黑白切</name>
        <address>北屯佳賓黑白切 三杯中卷與鵝肉 台中 台式 魏幸怡 406臺中市北屯區北華街一號</address>
        <description><![CDATA[總得碗數: 1<br>得獎菜色: 三杯中卷與鵝肉<br>地區: 台中<br>菜系: 台式<br>推薦評審: 魏幸怡<br>地址: 406臺中市北屯區北華街一號<br>營業時間: 17:00–23:00<br>電話: 0930 525 520]]></description>
        <styleUrl>#icon-1899-0288D1-labelson</styleUrl>
        <ExtendedData>
          <Data name="總得碗數">
            <value>1.0</value>
          </Data>
          <Data name="得獎菜色">
            <value>三杯中卷與鵝肉</value>
          </Data>
          <Data name="地區">
            <value>台中</value>
          </Data>
          <Data name="菜系">
            <value>台式</value>
          </Data>
          <Data name="推薦評審">
            <value>魏幸怡</value>
          </Data>
          <Data name="地址">
            <value>406臺中市北屯區北華街一號</value>
          </Data>
          <Data name="營業時間">
            <value>17:00–23:00</value>
          </Data>
          <Data name="電話">
            <value>0930 525 520</value>
          </Data>
        </ExtendedData>
      </Placemark>
      <Placemark>
        <name>東勢牛稼莊</name>
        <address>東勢牛稼莊 涼拌肚王 台中 台式 黃鐙輝 423臺中市東勢區新豐街19號</address>
        <description><![CDATA[總得碗數: 1<br>得獎菜色: 涼拌肚王<br>地區: 台中<br>菜系: 台式<br>推薦評審: 黃鐙輝<br>地址: 423臺中市東勢區新豐街19號<br>營業時間: 11:00–15:00<br>17:00–20:00<br>電話: 04 2587 3488]]></description>
        <styleUrl>#icon-1899-0288D1-labelson</styleUrl>
        <ExtendedData>
          <Data name="總得碗數">
            <value>1.0</value>
          </Data>
          <Data name="得獎菜色">
            <value>涼拌肚王</value>
          </Data>
          <Data name="地區">
            <value>台中</value>
          </Data>
          <Data name="菜系">
            <value>台式</value>
          </Data>
          <Data name="推薦評審">
            <value>黃鐙輝</value>
          </Data>
          <Data name="地址">
            <value>423臺中市東勢區新豐街19號</value>
          </Data>
          <Data name="營業時間">
            <value>11:00–15:00
17:00–20:00</value>
          </Data>
          <Data name="電話">
            <value>04 2587 3488</value>
          </Data>
        </ExtendedData>
      </Placemark>
      <Placemark>
        <name>東興市魯肉義</name>
        <address>東興市魯肉義 肉燥飯 台中 台式 魏幸怡 404臺中市北區漢口路四段88號</address>
        <description><![CDATA[總得碗數: 1<br>得獎菜色: 肉燥飯<br>地區: 台中<br>菜系: 台式<br>推薦評審: 魏幸怡<br>地址: 404臺中市北區漢口路四段88號<br>營業時間: 11:00–04:30<br>電話: 04 2297 0450]]></description>
        <styleUrl>#icon-1899-0288D1-labelson</styleUrl>
        <ExtendedData>
          <Data name="總得碗數">
            <value>1.0</value>
          </Data>
          <Data name="得獎菜色">
            <value>肉燥飯</value>
          </Data>
          <Data name="地區">
            <value>台中</value>
          </Data>
          <Data name="菜系">
            <value>台式</value>
          </Data>
          <Data name="推薦評審">
            <value>魏幸怡</value>
          </Data>
          <Data name="地址">
            <value>404臺中市北區漢口路四段88號</value>
          </Data>
          <Data name="營業時間">
            <value>11:00–04:30</value>
          </Data>
          <Data name="電話">
            <value>04 2297 0450</value>
          </Data>
        </ExtendedData>
      </Placemark>
      <Placemark>
        <name>台南本產 阿文溫體牛肉湯</name>
        <address>台南本產 阿文溫體牛肉湯 酸高麗菜牛肉 台中 台式 張小均 (我要征服臺南牛肉湯!!!) 404臺中市北區健行路918號</address>
        <description><![CDATA[總得碗數: 1<br>得獎菜色: 酸高麗菜牛肉<br>地區: 台中<br>菜系: 台式<br>推薦評審: 張小均 (我要征服臺南牛肉湯!!!)<br>地址: 404臺中市北區健行路918號<br>營業時間: 16:00–23:00<br>電話: 04 2208 5880]]></description>
        <styleUrl>#icon-1899-0288D1-labelson</styleUrl>
        <ExtendedData>
          <Data name="總得碗數">
            <value>1.0</value>
          </Data>
          <Data name="得獎菜色">
            <value>酸高麗菜牛肉</value>
          </Data>
          <Data name="地區">
            <value>台中</value>
          </Data>
          <Data name="菜系">
            <value>台式</value>
          </Data>
          <Data name="推薦評審">
            <value>張小均 (我要征服臺南牛肉湯!!!)</value>
          </Data>
          <Data name="地址">
            <value>404臺中市北區健行路918號</value>
          </Data>
          <Data name="營業時間">
            <value>16:00–23:00</value>
          </Data>
          <Data name="電話">
            <value>04 2208 5880</value>
          </Data>
        </ExtendedData>
      </Placemark>
      <Placemark>
        <name>阿彰飯担</name>
        <address>阿彰飯担 排骨飯 台中 台式 魏幸怡 403臺中市西區林森路214號</address>
        <description><![CDATA[總得碗數: 1<br>得獎菜色: 排骨飯<br>地區: 台中<br>菜系: 台式<br>推薦評審: 魏幸怡<br>地址: 403臺中市西區林森路214號<br>營業時間: 10:00–13:30<br>電話: 04 2372 3974]]></description>
        <styleUrl>#icon-1899-0288D1-labelson</styleUrl>
        <ExtendedData>
          <Data name="總得碗數">
            <value>1.0</value>
          </Data>
          <Data name="得獎菜色">
            <value>排骨飯</value>
          </Data>
          <Data name="地區">
            <value>台中</value>
          </Data>
          <Data name="菜系">
            <value>台式</value>
          </Data>
          <Data name="推薦評審">
            <value>魏幸怡</value>
          </Data>
          <Data name="地址">
            <value>403臺中市西區林森路214號</value>
          </Data>
          <Data name="營業時間">
            <value>10:00–13:30</value>
          </Data>
          <Data name="電話">
            <value>04 2372 3974</value>
          </Data>
        </ExtendedData>
      </Placemark>
      <Placemark>
        <name>阿靜の潤餅-向上店</name>
        <address>阿靜の潤餅-向上店 潤餅 台中 台式 陳怡德 403臺中市西區中美街223號號前</address>
        <description><![CDATA[總得碗數: 1<br>得獎菜色: 潤餅<br>地區: 台中<br>菜系: 台式<br>推薦評審: 陳怡德<br>地址: 403臺中市西區中美街223號號前<br>營業時間: 08:30–20:30<br>電話: 0968 203 185]]></description>
        <styleUrl>#icon-1899-0288D1-labelson</styleUrl>
        <ExtendedData>
          <Data name="總得碗數">
            <value>1.0</value>
          </Data>
          <Data name="得獎菜色">
            <value>潤餅</value>
          </Data>
          <Data name="地區">
            <value>台中</value>
          </Data>
          <Data name="菜系">
            <value>台式</value>
          </Data>
          <Data name="推薦評審">
            <value>陳怡德</value>
          </Data>
          <Data name="地址">
            <value>403臺中市西區中美街223號號前</value>
          </Data>
          <Data name="營業時間">
            <value>08:30–20:30</value>
          </Data>
          <Data name="電話">
            <value>0968 203 185</value>
          </Data>
        </ExtendedData>
      </Placemark>
      <Placemark>
        <name>南屯豬腳麵線</name>
        <address>南屯豬腳麵線 豬腳麵線 台中 台式 陳怡德 408臺中市南屯區五權西路二段702號</address>
        <description><![CDATA[總得碗數: 1<br>得獎菜色: 豬腳麵線<br>地區: 台中<br>菜系: 台式<br>推薦評審: 陳怡德<br>地址: 408臺中市南屯區五權西路二段702號<br>營業時間: 10:30–20:00<br>電話: 04 2389 8177]]></description>
        <styleUrl>#icon-1899-0288D1-labelson</styleUrl>
        <ExtendedData>
          <Data name="總得碗數">
            <value>1.0</value>
          </Data>
          <Data name="得獎菜色">
            <value>豬腳麵線</value>
          </Data>
          <Data name="地區">
            <value>台中</value>
          </Data>
          <Data name="菜系">
            <value>台式</value>
          </Data>
          <Data name="推薦評審">
            <value>陳怡德</value>
          </Data>
          <Data name="地址">
            <value>408臺中市南屯區五權西路二段702號</value>
          </Data>
          <Data name="營業時間">
            <value>10:30–20:00</value>
          </Data>
          <Data name="電話">
            <value>04 2389 8177</value>
          </Data>
        </ExtendedData>
      </Placemark>
      <Placemark>
        <name>品嘉茶餐廳</name>
        <address>品嘉茶餐廳 馳名海南雞 台中 中式 魏幸怡 406臺中市北屯區熱河路二段220號</address>
        <description><![CDATA[總得碗數: 1<br>得獎菜色: 馳名海南雞<br>地區: 台中<br>菜系: 中式<br>推薦評審: 魏幸怡<br>地址: 406臺中市北屯區熱河路二段220號<br>營業時間: 11:00–14:00<br>17:00–20:00<br>電話: 04 2246 6568]]></description>
        <styleUrl>#icon-1899-0288D1-labelson</styleUrl>
        <ExtendedData>
          <Data name="總得碗數">
            <value>1.0</value>
          </Data>
          <Data name="得獎菜色">
            <value>馳名海南雞</value>
          </Data>
          <Data name="地區">
            <value>台中</value>
          </Data>
          <Data name="菜系">
            <value>中式</value>
          </Data>
          <Data name="推薦評審">
            <value>魏幸怡</value>
          </Data>
          <Data name="地址">
            <value>406臺中市北屯區熱河路二段220號</value>
          </Data>
          <Data name="營業時間">
            <value>11:00–14:00
17:00–20:00</value>
          </Data>
          <Data name="電話">
            <value>04 2246 6568</value>
          </Data>
        </ExtendedData>
      </Placemark>
      <Placemark>
        <name>炸粿生 三代老店</name>
        <address>炸粿生 三代老店 蚵嗲 豬血湯 台中 台式 劉克襄 421台中市后里區四村路121號</address>
        <description><![CDATA[總得碗數: 1<br>得獎菜色: 蚵嗲 豬血湯<br>地區: 台中<br>菜系: 台式<br>推薦評審: 劉克襄<br>地址: 421台中市后里區四村路121號<br>營業時間: 06:30~13:30<br>電話: ]]></description>
        <styleUrl>#icon-1899-0288D1-labelson</styleUrl>
        <ExtendedData>
          <Data name="總得碗數">
            <value>1.0</value>
          </Data>
          <Data name="得獎菜色">
            <value>蚵嗲 豬血湯</value>
          </Data>
          <Data name="地區">
            <value>台中</value>
          </Data>
          <Data name="菜系">
            <value>台式</value>
          </Data>
          <Data name="推薦評審">
            <value>劉克襄</value>
          </Data>
          <Data name="地址">
            <value>421台中市后里區四村路121號</value>
          </Data>
          <Data name="營業時間">
            <value>06:30~13:30</value>
          </Data>
          <Data name="電話">
            <value/>
          </Data>
        </ExtendedData>
      </Placemark>
      <Placemark>
        <name>珍品小吃 </name>
        <address>珍品小吃  米粉芋 台中 台式 陳怡德 403臺中市西區模範街20-1號</address>
        <description><![CDATA[總得碗數: 1<br>得獎菜色: 米粉芋<br>地區: 台中<br>菜系: 台式<br>推薦評審: 陳怡德<br>地址: 403臺中市西區模範街20-1號<br>營業時間: 06:00–13:00<br>電話: 04 2301 3482]]></description>
        <styleUrl>#icon-1899-0288D1-labelson</styleUrl>
        <ExtendedData>
          <Data name="總得碗數">
            <value>1.0</value>
          </Data>
          <Data name="得獎菜色">
            <value>米粉芋</value>
          </Data>
          <Data name="地區">
            <value>台中</value>
          </Data>
          <Data name="菜系">
            <value>台式</value>
          </Data>
          <Data name="推薦評審">
            <value>陳怡德</value>
          </Data>
          <Data name="地址">
            <value>403臺中市西區模範街20-1號</value>
          </Data>
          <Data name="營業時間">
            <value>06:00–13:00</value>
          </Data>
          <Data name="電話">
            <value>04 2301 3482</value>
          </Data>
        </ExtendedData>
      </Placemark>
      <Placemark>
        <name>紅樹腳香菇肉羹</name>
        <address>紅樹腳香菇肉羹 香菇肉羹 台中 台式 陳怡德 403臺中市西區自治街37號臺中第五市場旁</address>
        <description><![CDATA[總得碗數: 1<br>得獎菜色: 香菇肉羹<br>地區: 台中<br>菜系: 台式<br>推薦評審: 陳怡德<br>地址: 403臺中市西區自治街37號臺中第五市場旁<br>營業時間: 08:00–13:30<br>電話: 02 2381 9797]]></description>
        <styleUrl>#icon-1899-0288D1-labelson</styleUrl>
        <ExtendedData>
          <Data name="總得碗數">
            <value>1.0</value>
          </Data>
          <Data name="得獎菜色">
            <value>香菇肉羹</value>
          </Data>
          <Data name="地區">
            <value>台中</value>
          </Data>
          <Data name="菜系">
            <value>台式</value>
          </Data>
          <Data name="推薦評審">
            <value>陳怡德</value>
          </Data>
          <Data name="地址">
            <value>403臺中市西區自治街37號臺中第五市場旁</value>
          </Data>
          <Data name="營業時間">
            <value>08:00–13:30</value>
          </Data>
          <Data name="電話">
            <value>02 2381 9797</value>
          </Data>
        </ExtendedData>
      </Placemark>
      <Placemark>
        <name>風飛沙小吃店</name>
        <address>風飛沙小吃店 綜合湯 台中 台式 Lulu 黃路梓茵 429臺中市神岡區大圳路86號</address>
        <description><![CDATA[總得碗數: 1<br>得獎菜色: 綜合湯<br>地區: 台中<br>菜系: 台式<br>推薦評審: Lulu 黃路梓茵<br>地址: 429臺中市神岡區大圳路86號<br>營業時間: 14:00–19:30<br>電話: 04 2562 1716]]></description>
        <styleUrl>#icon-1899-0288D1-labelson</styleUrl>
        <ExtendedData>
          <Data name="總得碗數">
            <value>1.0</value>
          </Data>
          <Data name="得獎菜色">
            <value>綜合湯</value>
          </Data>
          <Data name="地區">
            <value>台中</value>
          </Data>
          <Data name="菜系">
            <value>台式</value>
          </Data>
          <Data name="推薦評審">
            <value>Lulu 黃路梓茵</value>
          </Data>
          <Data name="地址">
            <value>429臺中市神岡區大圳路86號</value>
          </Data>
          <Data name="營業時間">
            <value>14:00–19:30</value>
          </Data>
          <Data name="電話">
            <value>04 2562 1716</value>
          </Data>
        </ExtendedData>
      </Placemark>
      <Placemark>
        <name>鹿港扁食</name>
        <address>鹿港扁食 鮮蝦扁食湯 台中 台式 蔣勳 400臺中市中區臺灣大道一段395號</address>
        <description><![CDATA[總得碗數: 1<br>得獎菜色: 鮮蝦扁食湯<br>地區: 台中<br>菜系: 台式<br>推薦評審: 蔣勳<br>地址: 400臺中市中區臺灣大道一段395號<br>營業時間: 11:00–19:30<br>電話: 04 2220 8270]]></description>
        <styleUrl>#icon-1899-0288D1-labelson</styleUrl>
        <ExtendedData>
          <Data name="總得碗數">
            <value>1.0</value>
          </Data>
          <Data name="得獎菜色">
            <value>鮮蝦扁食湯</value>
          </Data>
          <Data name="地區">
            <value>台中</value>
          </Data>
          <Data name="菜系">
            <value>台式</value>
          </Data>
          <Data name="推薦評審">
            <value>蔣勳</value>
          </Data>
          <Data name="地址">
            <value>400臺中市中區臺灣大道一段395號</value>
          </Data>
          <Data name="營業時間">
            <value>11:00–19:30</value>
          </Data>
          <Data name="電話">
            <value>04 2220 8270</value>
          </Data>
        </ExtendedData>
      </Placemark>
      <Placemark>
        <name>新社老街豆腐宗</name>
        <address>新社老街豆腐宗 炸排骨、三角圓 台中 台式 魏幸怡 426臺中市新社區中和街四段283號</address>
        <description><![CDATA[總得碗數: 1<br>得獎菜色: 炸排骨、三角圓<br>地區: 台中<br>菜系: 台式<br>推薦評審: 魏幸怡<br>地址: 426臺中市新社區中和街四段283號<br>營業時間: 15:30–21:00<br>電話: 04 2581 1831]]></description>
        <styleUrl>#icon-1899-0288D1-labelson</styleUrl>
        <ExtendedData>
          <Data name="總得碗數">
            <value>1.0</value>
          </Data>
          <Data name="得獎菜色">
            <value>炸排骨、三角圓</value>
          </Data>
          <Data name="地區">
            <value>台中</value>
          </Data>
          <Data name="菜系">
            <value>台式</value>
          </Data>
          <Data name="推薦評審">
            <value>魏幸怡</value>
          </Data>
          <Data name="地址">
            <value>426臺中市新社區中和街四段283號</value>
          </Data>
          <Data name="營業時間">
            <value>15:30–21:00</value>
          </Data>
          <Data name="電話">
            <value>04 2581 1831</value>
          </Data>
        </ExtendedData>
      </Placemark>
      <Placemark>
        <name>楊記老潼關肉夾饃（大慶夜市）</name>
        <address>楊記老潼關肉夾饃（大慶夜市） 肉夾饃加蛋 台中 台式 可播兄弟 402臺中市南區建國南路一段208號</address>
        <description><![CDATA[總得碗數: 1<br>得獎菜色: 肉夾饃加蛋<br>地區: 台中<br>菜系: 台式<br>推薦評審: 可播兄弟<br>地址: 402臺中市南區建國南路一段208號<br>營業時間: 17:00–23:00<br>電話: 0981 508 901]]></description>
        <styleUrl>#icon-1899-0288D1-labelson</styleUrl>
        <ExtendedData>
          <Data name="總得碗數">
            <value>1.0</value>
          </Data>
          <Data name="得獎菜色">
            <value>肉夾饃加蛋</value>
          </Data>
          <Data name="地區">
            <value>台中</value>
          </Data>
          <Data name="菜系">
            <value>台式</value>
          </Data>
          <Data name="推薦評審">
            <value>可播兄弟</value>
          </Data>
          <Data name="地址">
            <value>402臺中市南區建國南路一段208號</value>
          </Data>
          <Data name="營業時間">
            <value>17:00–23:00</value>
          </Data>
          <Data name="電話">
            <value>0981 508 901</value>
          </Data>
        </ExtendedData>
      </Placemark>
      <Placemark>
        <name>萬順羹麵創始店</name>
        <address>萬順羹麵創始店 鹹湯圓 台中 台式 高靜玉 423臺中市東勢區第二橫街6號</address>
        <description><![CDATA[總得碗數: 1<br>得獎菜色: 鹹湯圓<br>地區: 台中<br>菜系: 台式<br>推薦評審: 高靜玉<br>地址: 423臺中市東勢區第二橫街6號<br>營業時間: 11:00–14:00<br>16:00–18:00<br>電話: 04 2587 0647]]></description>
        <styleUrl>#icon-1899-0288D1-labelson</styleUrl>
        <ExtendedData>
          <Data name="總得碗數">
            <value>1.0</value>
          </Data>
          <Data name="得獎菜色">
            <value>鹹湯圓</value>
          </Data>
          <Data name="地區">
            <value>台中</value>
          </Data>
          <Data name="菜系">
            <value>台式</value>
          </Data>
          <Data name="推薦評審">
            <value>高靜玉</value>
          </Data>
          <Data name="地址">
            <value>423臺中市東勢區第二橫街6號</value>
          </Data>
          <Data name="營業時間">
            <value>11:00–14:00
16:00–18:00</value>
          </Data>
          <Data name="電話">
            <value>04 2587 0647</value>
          </Data>
        </ExtendedData>
      </Placemark>
      <Placemark>
        <name>鄭記上海蟹殼黃小酥餅</name>
        <address>鄭記上海蟹殼黃小酥餅 蟹殼黃 台中 中式 陳怡德 40357臺中市西區樂群街30號</address>
        <description><![CDATA[總得碗數: 1<br>得獎菜色: 蟹殼黃<br>地區: 台中<br>菜系: 中式<br>推薦評審: 陳怡德<br>地址: 40357臺中市西區樂群街30號<br>營業時間: 09:00–18:30<br>電話: 04 2225 6536]]></description>
        <styleUrl>#icon-1899-0288D1-labelson</styleUrl>
        <ExtendedData>
          <Data name="總得碗數">
            <value>1.0</value>
          </Data>
          <Data name="得獎菜色">
            <value>蟹殼黃</value>
          </Data>
          <Data name="地區">
            <value>台中</value>
          </Data>
          <Data name="菜系">
            <value>中式</value>
          </Data>
          <Data name="推薦評審">
            <value>陳怡德</value>
          </Data>
          <Data name="地址">
            <value>40357臺中市西區樂群街30號</value>
          </Data>
          <Data name="營業時間">
            <value>09:00–18:30</value>
          </Data>
          <Data name="電話">
            <value>04 2225 6536</value>
          </Data>
        </ExtendedData>
      </Placemark>
      <Placemark>
        <name>曉明湯包</name>
        <address>曉明湯包 湯包 台中 台式 陳怡德 407臺中市西屯區漢口路二段235號</address>
        <description><![CDATA[總得碗數: 1<br>得獎菜色: 湯包<br>地區: 台中<br>菜系: 台式<br>推薦評審: 陳怡德<br>地址: 407臺中市西屯區漢口路二段235號<br>營業時間: 03:30–10:30<br>電話: 04 2312 4790]]></description>
        <styleUrl>#icon-1899-0288D1-labelson</styleUrl>
        <ExtendedData>
          <Data name="總得碗數">
            <value>1.0</value>
          </Data>
          <Data name="得獎菜色">
            <value>湯包</value>
          </Data>
          <Data name="地區">
            <value>台中</value>
          </Data>
          <Data name="菜系">
            <value>台式</value>
          </Data>
          <Data name="推薦評審">
            <value>陳怡德</value>
          </Data>
          <Data name="地址">
            <value>407臺中市西屯區漢口路二段235號</value>
          </Data>
          <Data name="營業時間">
            <value>03:30–10:30</value>
          </Data>
          <Data name="電話">
            <value>04 2312 4790</value>
          </Data>
        </ExtendedData>
      </Placemark>
      <Placemark>
        <name>翰德正老牌蚵仔粥</name>
        <address>翰德正老牌蚵仔粥 蚵仔粥 台中 台式 江振誠 403臺中市西區樂群街80號</address>
        <description><![CDATA[總得碗數: 1<br>得獎菜色: 蚵仔粥<br>地區: 台中<br>菜系: 台式<br>推薦評審: 江振誠<br>地址: 403臺中市西區樂群街80號<br>營業時間: 09:00–19:00<br>電話: 04 2372 7798]]></description>
        <styleUrl>#icon-1899-0288D1-labelson</styleUrl>
        <ExtendedData>
          <Data name="總得碗數">
            <value>1.0</value>
          </Data>
          <Data name="得獎菜色">
            <value>蚵仔粥</value>
          </Data>
          <Data name="地區">
            <value>台中</value>
          </Data>
          <Data name="菜系">
            <value>台式</value>
          </Data>
          <Data name="推薦評審">
            <value>江振誠</value>
          </Data>
          <Data name="地址">
            <value>403臺中市西區樂群街80號</value>
          </Data>
          <Data name="營業時間">
            <value>09:00–19:00</value>
          </Data>
          <Data name="電話">
            <value>04 2372 7798</value>
          </Data>
        </ExtendedData>
      </Placemark>
      <Placemark>
        <name>藍山牛肉麵</name>
        <address>藍山牛肉麵 半筋半肉牛肉麵 台中 台式 謝忠道 403臺中市西區大忠街112-1號</address>
        <description><![CDATA[總得碗數: 1<br>得獎菜色: 半筋半肉牛肉麵<br>地區: 台中<br>菜系: 台式<br>推薦評審: 謝忠道<br>地址: 403臺中市西區大忠街112-1號<br>營業時間: 11:30–15:00<br>17:30–00:00<br>電話: 04 2323 8883]]></description>
        <styleUrl>#icon-1899-0288D1-labelson</styleUrl>
        <ExtendedData>
          <Data name="總得碗數">
            <value>1.0</value>
          </Data>
          <Data name="得獎菜色">
            <value>半筋半肉牛肉麵</value>
          </Data>
          <Data name="地區">
            <value>台中</value>
          </Data>
          <Data name="菜系">
            <value>台式</value>
          </Data>
          <Data name="推薦評審">
            <value>謝忠道</value>
          </Data>
          <Data name="地址">
            <value>403臺中市西區大忠街112-1號</value>
          </Data>
          <Data name="營業時間">
            <value>11:30–15:00
17:30–00:00</value>
          </Data>
          <Data name="電話">
            <value>04 2323 8883</value>
          </Data>
        </ExtendedData>
      </Placemark>
      <Placemark>
        <name>正老牌豐原肉丸</name>
        <address>正老牌豐原肉丸 肉丸 台中 台式 陳怡德 403臺中市西區中興街173號</address>
        <description><![CDATA[總得碗數: 1<br>得獎菜色: 肉丸<br>地區: 台中<br>菜系: 台式<br>推薦評審: 陳怡德<br>地址: 403臺中市西區中興街173號<br>營業時間: 11:00–20:00<br>電話: 04 2301 4762]]></description>
        <styleUrl>#icon-1899-0288D1-labelson</styleUrl>
        <ExtendedData>
          <Data name="總得碗數">
            <value>1.0</value>
          </Data>
          <Data name="得獎菜色">
            <value>肉丸</value>
          </Data>
          <Data name="地區">
            <value>台中</value>
          </Data>
          <Data name="菜系">
            <value>台式</value>
          </Data>
          <Data name="推薦評審">
            <value>陳怡德</value>
          </Data>
          <Data name="地址">
            <value>403臺中市西區中興街173號</value>
          </Data>
          <Data name="營業時間">
            <value>11:00–20:00</value>
          </Data>
          <Data name="電話">
            <value>04 2301 4762</value>
          </Data>
        </ExtendedData>
      </Placemark>
      <Placemark>
        <name>阿嬌麵店 </name>
        <address>阿嬌麵店  什錦麵 豬血湯 南投 台式 劉克襄 556南投縣信義鄉明德街1號</address>
        <description><![CDATA[總得碗數: 1<br>得獎菜色: 什錦麵 豬血湯<br>地區: 南投<br>菜系: 台式<br>推薦評審: 劉克襄<br>地址: 556南投縣信義鄉明德街1號<br>營業時間: <br>電話: 04 9279 1500]]></description>
        <styleUrl>#icon-1899-0288D1-labelson</styleUrl>
        <ExtendedData>
          <Data name="總得碗數">
            <value>1.0</value>
          </Data>
          <Data name="得獎菜色">
            <value>什錦麵 豬血湯</value>
          </Data>
          <Data name="地區">
            <value>南投</value>
          </Data>
          <Data name="菜系">
            <value>台式</value>
          </Data>
          <Data name="推薦評審">
            <value>劉克襄</value>
          </Data>
          <Data name="地址">
            <value>556南投縣信義鄉明德街1號</value>
          </Data>
          <Data name="營業時間">
            <value/>
          </Data>
          <Data name="電話">
            <value>04 9279 1500</value>
          </Data>
        </ExtendedData>
      </Placemark>
      <Placemark>
        <name>阿才竹筍粥</name>
        <address>阿才竹筍粥 竹筍粥 彰化 台式 劉克襄 526彰化縣二林鎮新生路108號</address>
        <description><![CDATA[總得碗數: 1<br>得獎菜色: 竹筍粥<br>地區: 彰化<br>菜系: 台式<br>推薦評審: 劉克襄<br>地址: 526彰化縣二林鎮新生路108號<br>營業時間: 06:40–13:00<br>電話: 0920 443 567]]></description>
        <styleUrl>#icon-1899-0288D1-labelson</styleUrl>
        <ExtendedData>
          <Data name="總得碗數">
            <value>1.0</value>
          </Data>
          <Data name="得獎菜色">
            <value>竹筍粥</value>
          </Data>
          <Data name="地區">
            <value>彰化</value>
          </Data>
          <Data name="菜系">
            <value>台式</value>
          </Data>
          <Data name="推薦評審">
            <value>劉克襄</value>
          </Data>
          <Data name="地址">
            <value>526彰化縣二林鎮新生路108號</value>
          </Data>
          <Data name="營業時間">
            <value>06:40–13:00</value>
          </Data>
          <Data name="電話">
            <value>0920 443 567</value>
          </Data>
        </ExtendedData>
      </Placemark>
      <Placemark>
        <name>ㄎㄚㄟ香菇肉羮</name>
        <address>ㄎㄚㄟ香菇肉羮 拉仔麵＋香菇肉羹 彰化 台式 黃晨睿 500彰化縣彰化市太平街142號</address>
        <description><![CDATA[總得碗數: 1<br>得獎菜色: 拉仔麵＋香菇肉羹<br>地區: 彰化<br>菜系: 台式<br>推薦評審: 黃晨睿<br>地址: 500彰化縣彰化市太平街142號<br>營業時間: 16:00–22:30<br>電話: 0930 005 929]]></description>
        <styleUrl>#icon-1899-0288D1-labelson</styleUrl>
        <ExtendedData>
          <Data name="總得碗數">
            <value>1.0</value>
          </Data>
          <Data name="得獎菜色">
            <value>拉仔麵＋香菇肉羹</value>
          </Data>
          <Data name="地區">
            <value>彰化</value>
          </Data>
          <Data name="菜系">
            <value>台式</value>
          </Data>
          <Data name="推薦評審">
            <value>黃晨睿</value>
          </Data>
          <Data name="地址">
            <value>500彰化縣彰化市太平街142號</value>
          </Data>
          <Data name="營業時間">
            <value>16:00–22:30</value>
          </Data>
          <Data name="電話">
            <value>0930 005 929</value>
          </Data>
        </ExtendedData>
      </Placemark>
      <Placemark>
        <name>三代祖傳粿仔湯</name>
        <address>三代祖傳粿仔湯 粿仔(湯) 彰化 台式 林裕森 500彰化縣彰化市建國北路13號</address>
        <description><![CDATA[總得碗數: 1<br>得獎菜色: 粿仔(湯)<br>地區: 彰化<br>菜系: 台式<br>推薦評審: 林裕森<br>地址: 500彰化縣彰化市建國北路13號<br>營業時間: 07:00–13:00<br>電話: 04 727 9097]]></description>
        <styleUrl>#icon-1899-0288D1-labelson</styleUrl>
        <ExtendedData>
          <Data name="總得碗數">
            <value>1.0</value>
          </Data>
          <Data name="得獎菜色">
            <value>粿仔(湯)</value>
          </Data>
          <Data name="地區">
            <value>彰化</value>
          </Data>
          <Data name="菜系">
            <value>台式</value>
          </Data>
          <Data name="推薦評審">
            <value>林裕森</value>
          </Data>
          <Data name="地址">
            <value>500彰化縣彰化市建國北路13號</value>
          </Data>
          <Data name="營業時間">
            <value>07:00–13:00</value>
          </Data>
          <Data name="電話">
            <value>04 727 9097</value>
          </Data>
        </ExtendedData>
      </Placemark>
      <Placemark>
        <name>下午茶美食小館</name>
        <address>下午茶美食小館 鮮魯大腸 彰化 台式 謝忠道 500彰化縣彰化市中山路二段237號</address>
        <description><![CDATA[總得碗數: 1<br>得獎菜色: 鮮魯大腸<br>地區: 彰化<br>菜系: 台式<br>推薦評審: 謝忠道<br>地址: 500彰化縣彰化市中山路二段237號<br>營業時間: 11:30–14:30<br>17:00–20:30<br>電話: 04 724 0899]]></description>
        <styleUrl>#icon-1899-0288D1-labelson</styleUrl>
        <ExtendedData>
          <Data name="總得碗數">
            <value>1.0</value>
          </Data>
          <Data name="得獎菜色">
            <value>鮮魯大腸</value>
          </Data>
          <Data name="地區">
            <value>彰化</value>
          </Data>
          <Data name="菜系">
            <value>台式</value>
          </Data>
          <Data name="推薦評審">
            <value>謝忠道</value>
          </Data>
          <Data name="地址">
            <value>500彰化縣彰化市中山路二段237號</value>
          </Data>
          <Data name="營業時間">
            <value>11:30–14:30
17:00–20:30</value>
          </Data>
          <Data name="電話">
            <value>04 724 0899</value>
          </Data>
        </ExtendedData>
      </Placemark>
      <Placemark>
        <name>中正路肉圓仔湯 </name>
        <address>中正路肉圓仔湯  肉圓仔湯 彰化 台式 林裕森 500彰化縣彰化市中正路一段423號</address>
        <description><![CDATA[總得碗數: 1<br>得獎菜色: 肉圓仔湯<br>地區: 彰化<br>菜系: 台式<br>推薦評審: 林裕森<br>地址: 500彰化縣彰化市中正路一段423號<br>營業時間: 10:30–14:00<br>16:00–19:30<br>電話: 0970 008 589]]></description>
        <styleUrl>#icon-1899-0288D1-labelson</styleUrl>
        <ExtendedData>
          <Data name="總得碗數">
            <value>1.0</value>
          </Data>
          <Data name="得獎菜色">
            <value>肉圓仔湯</value>
          </Data>
          <Data name="地區">
            <value>彰化</value>
          </Data>
          <Data name="菜系">
            <value>台式</value>
          </Data>
          <Data name="推薦評審">
            <value>林裕森</value>
          </Data>
          <Data name="地址">
            <value>500彰化縣彰化市中正路一段423號</value>
          </Data>
          <Data name="營業時間">
            <value>10:30–14:00
16:00–19:30</value>
          </Data>
          <Data name="電話">
            <value>0970 008 589</value>
          </Data>
        </ExtendedData>
      </Placemark>
      <Placemark>
        <name>五信豬腳麵線</name>
        <address>五信豬腳麵線 芋頭排骨 彰化 台式 林裕森 500彰化縣彰化市長安街63號</address>
        <description><![CDATA[總得碗數: 1<br>得獎菜色: 芋頭排骨<br>地區: 彰化<br>菜系: 台式<br>推薦評審: 林裕森<br>地址: 500彰化縣彰化市長安街63號<br>營業時間: 17:00–19:30<br>電話: 0937 739 196]]></description>
        <styleUrl>#icon-1899-0288D1-labelson</styleUrl>
        <ExtendedData>
          <Data name="總得碗數">
            <value>1.0</value>
          </Data>
          <Data name="得獎菜色">
            <value>芋頭排骨</value>
          </Data>
          <Data name="地區">
            <value>彰化</value>
          </Data>
          <Data name="菜系">
            <value>台式</value>
          </Data>
          <Data name="推薦評審">
            <value>林裕森</value>
          </Data>
          <Data name="地址">
            <value>500彰化縣彰化市長安街63號</value>
          </Data>
          <Data name="營業時間">
            <value>17:00–19:30</value>
          </Data>
          <Data name="電話">
            <value>0937 739 196</value>
          </Data>
        </ExtendedData>
      </Placemark>
      <Placemark>
        <name>手心蔥油餅</name>
        <address>手心蔥油餅 蔥油餅 彰化 台式 劉克襄 530彰化縣二水鄉光文路61號</address>
        <description><![CDATA[總得碗數: 1<br>得獎菜色: 蔥油餅<br>地區: 彰化<br>菜系: 台式<br>推薦評審: 劉克襄<br>地址: 530彰化縣二水鄉光文路61號<br>營業時間: 06:00–10:00<br>電話: 0905 323 862]]></description>
        <styleUrl>#icon-1899-0288D1-labelson</styleUrl>
        <ExtendedData>
          <Data name="總得碗數">
            <value>1.0</value>
          </Data>
          <Data name="得獎菜色">
            <value>蔥油餅</value>
          </Data>
          <Data name="地區">
            <value>彰化</value>
          </Data>
          <Data name="菜系">
            <value>台式</value>
          </Data>
          <Data name="推薦評審">
            <value>劉克襄</value>
          </Data>
          <Data name="地址">
            <value>530彰化縣二水鄉光文路61號</value>
          </Data>
          <Data name="營業時間">
            <value>06:00–10:00</value>
          </Data>
          <Data name="電話">
            <value>0905 323 862</value>
          </Data>
        </ExtendedData>
      </Placemark>
      <Placemark>
        <name>台大牛肉爐</name>
        <address>台大牛肉爐 蘆筍炒牛心 彰化 台式 張小均 (我要征服臺南牛肉湯!!!) 51542彰化縣大村鄉中山路二段298-5號</address>
        <description><![CDATA[總得碗數: 1<br>得獎菜色: 蘆筍炒牛心<br>地區: 彰化<br>菜系: 台式<br>推薦評審: 張小均 (我要征服臺南牛肉湯!!!)<br>地址: 51542彰化縣大村鄉中山路二段298-5號<br>營業時間: 11:00–14:00<br>16:30–17:00<br>電話: 04 852 7303]]></description>
        <styleUrl>#icon-1899-0288D1-labelson</styleUrl>
        <ExtendedData>
          <Data name="總得碗數">
            <value>1.0</value>
          </Data>
          <Data name="得獎菜色">
            <value>蘆筍炒牛心</value>
          </Data>
          <Data name="地區">
            <value>彰化</value>
          </Data>
          <Data name="菜系">
            <value>台式</value>
          </Data>
          <Data name="推薦評審">
            <value>張小均 (我要征服臺南牛肉湯!!!)</value>
          </Data>
          <Data name="地址">
            <value>51542彰化縣大村鄉中山路二段298-5號</value>
          </Data>
          <Data name="營業時間">
            <value>11:00–14:00
16:30–17:00</value>
          </Data>
          <Data name="電話">
            <value>04 852 7303</value>
          </Data>
        </ExtendedData>
      </Placemark>
      <Placemark>
        <name>好香蕃麥大王(菜園烤蕃麥)</name>
        <address>好香蕃麥大王(菜園烤蕃麥) 烤蕃麥 彰化 台式 黃晨睿 505彰化縣鹿港鎮菜園路105號</address>
        <description><![CDATA[總得碗數: 1<br>得獎菜色: 烤蕃麥<br>地區: 彰化<br>菜系: 台式<br>推薦評審: 黃晨睿<br>地址: 505彰化縣鹿港鎮菜園路105號<br>營業時間: 14:00–21:00<br>電話: 04 775 1671]]></description>
        <styleUrl>#icon-1899-0288D1-labelson</styleUrl>
        <ExtendedData>
          <Data name="總得碗數">
            <value>1.0</value>
          </Data>
          <Data name="得獎菜色">
            <value>烤蕃麥</value>
          </Data>
          <Data name="地區">
            <value>彰化</value>
          </Data>
          <Data name="菜系">
            <value>台式</value>
          </Data>
          <Data name="推薦評審">
            <value>黃晨睿</value>
          </Data>
          <Data name="地址">
            <value>505彰化縣鹿港鎮菜園路105號</value>
          </Data>
          <Data name="營業時間">
            <value>14:00–21:00</value>
          </Data>
          <Data name="電話">
            <value>04 775 1671</value>
          </Data>
        </ExtendedData>
      </Placemark>
      <Placemark>
        <name>老馬師肉包</name>
        <address>老馬師肉包 香菇肉包 彰化 台式 黃晨睿 505彰化縣鹿港鎮親民路129號</address>
        <description><![CDATA[總得碗數: 1<br>得獎菜色: 香菇肉包<br>地區: 彰化<br>菜系: 台式<br>推薦評審: 黃晨睿<br>地址: 505彰化縣鹿港鎮親民路129號<br>營業時間: 09:00–19:00<br>電話: 04 774 6655]]></description>
        <styleUrl>#icon-1899-0288D1-labelson</styleUrl>
        <ExtendedData>
          <Data name="總得碗數">
            <value>1.0</value>
          </Data>
          <Data name="得獎菜色">
            <value>香菇肉包</value>
          </Data>
          <Data name="地區">
            <value>彰化</value>
          </Data>
          <Data name="菜系">
            <value>台式</value>
          </Data>
          <Data name="推薦評審">
            <value>黃晨睿</value>
          </Data>
          <Data name="地址">
            <value>505彰化縣鹿港鎮親民路129號</value>
          </Data>
          <Data name="營業時間">
            <value>09:00–19:00</value>
          </Data>
          <Data name="電話">
            <value>04 774 6655</value>
          </Data>
        </ExtendedData>
      </Placemark>
      <Placemark>
        <name>西門肉圓仔湯</name>
        <address>西門肉圓仔湯 肉圓仔湯 彰化 台式 謝忠道 500彰化縣彰化市永興街56號</address>
        <description><![CDATA[總得碗數: 1<br>得獎菜色: 肉圓仔湯<br>地區: 彰化<br>菜系: 台式<br>推薦評審: 謝忠道<br>地址: 500彰化縣彰化市永興街56號<br>營業時間: 16:10–19:30<br>電話: 04 724 4505]]></description>
        <styleUrl>#icon-1899-0288D1-labelson</styleUrl>
        <ExtendedData>
          <Data name="總得碗數">
            <value>1.0</value>
          </Data>
          <Data name="得獎菜色">
            <value>肉圓仔湯</value>
          </Data>
          <Data name="地區">
            <value>彰化</value>
          </Data>
          <Data name="菜系">
            <value>台式</value>
          </Data>
          <Data name="推薦評審">
            <value>謝忠道</value>
          </Data>
          <Data name="地址">
            <value>500彰化縣彰化市永興街56號</value>
          </Data>
          <Data name="營業時間">
            <value>16:10–19:30</value>
          </Data>
          <Data name="電話">
            <value>04 724 4505</value>
          </Data>
        </ExtendedData>
      </Placemark>
      <Placemark>
        <name>吳頂釣魚場</name>
        <address>吳頂釣魚場 鹽烤台灣鯛 彰化 台式 韓勾ㄟ金針菇  505彰化縣鹿港鎮山崙里山寮巷87號</address>
        <description><![CDATA[總得碗數: 1<br>得獎菜色: 鹽烤台灣鯛<br>地區: 彰化<br>菜系: 台式<br>推薦評審: 韓勾ㄟ金針菇 <br>地址: 505彰化縣鹿港鎮山崙里山寮巷87號<br>營業時間: 10:30–20:00<br>電話: 04 771 9589]]></description>
        <styleUrl>#icon-1899-0288D1-labelson</styleUrl>
        <ExtendedData>
          <Data name="總得碗數">
            <value>1.0</value>
          </Data>
          <Data name="得獎菜色">
            <value>鹽烤台灣鯛</value>
          </Data>
          <Data name="地區">
            <value>彰化</value>
          </Data>
          <Data name="菜系">
            <value>台式</value>
          </Data>
          <Data name="推薦評審">
            <value>韓勾ㄟ金針菇 </value>
          </Data>
          <Data name="地址">
            <value>505彰化縣鹿港鎮山崙里山寮巷87號</value>
          </Data>
          <Data name="營業時間">
            <value>10:30–20:00</value>
          </Data>
          <Data name="電話">
            <value>04 771 9589</value>
          </Data>
        </ExtendedData>
      </Placemark>
      <Placemark>
        <name>社口水煎包</name>
        <address>社口水煎包 水煎包 彰化 台式 劉克襄 502彰化縣芬園鄉芬草路二段291號</address>
        <description><![CDATA[總得碗數: 1<br>得獎菜色: 水煎包<br>地區: 彰化<br>菜系: 台式<br>推薦評審: 劉克襄<br>地址: 502彰化縣芬園鄉芬草路二段291號<br>營業時間: 06:00–10:00<br>電話: ]]></description>
        <styleUrl>#icon-1899-0288D1-labelson</styleUrl>
        <ExtendedData>
          <Data name="總得碗數">
            <value>1.0</value>
          </Data>
          <Data name="得獎菜色">
            <value>水煎包</value>
          </Data>
          <Data name="地區">
            <value>彰化</value>
          </Data>
          <Data name="菜系">
            <value>台式</value>
          </Data>
          <Data name="推薦評審">
            <value>劉克襄</value>
          </Data>
          <Data name="地址">
            <value>502彰化縣芬園鄉芬草路二段291號</value>
          </Data>
          <Data name="營業時間">
            <value>06:00–10:00</value>
          </Data>
          <Data name="電話">
            <value/>
          </Data>
        </ExtendedData>
      </Placemark>
      <Placemark>
        <name>阿亮四神湯</name>
        <address>阿亮四神湯 綜合四神湯 彰化 台式 林裕森 500彰化縣彰化市旭光路42號</address>
        <description><![CDATA[總得碗數: 1<br>得獎菜色: 綜合四神湯<br>地區: 彰化<br>菜系: 台式<br>推薦評審: 林裕森<br>地址: 500彰化縣彰化市旭光路42號<br>營業時間: 07:00–13:00<br>電話: 04 726 3346]]></description>
        <styleUrl>#icon-1899-0288D1-labelson</styleUrl>
        <ExtendedData>
          <Data name="總得碗數">
            <value>1.0</value>
          </Data>
          <Data name="得獎菜色">
            <value>綜合四神湯</value>
          </Data>
          <Data name="地區">
            <value>彰化</value>
          </Data>
          <Data name="菜系">
            <value>台式</value>
          </Data>
          <Data name="推薦評審">
            <value>林裕森</value>
          </Data>
          <Data name="地址">
            <value>500彰化縣彰化市旭光路42號</value>
          </Data>
          <Data name="營業時間">
            <value>07:00–13:00</value>
          </Data>
          <Data name="電話">
            <value>04 726 3346</value>
          </Data>
        </ExtendedData>
      </Placemark>
      <Placemark>
        <name>阿洲蛤仔麵</name>
        <address>阿洲蛤仔麵 蛤仔麵 彰化 台式 黃晨睿 500彰化縣彰化市線東路</address>
        <description><![CDATA[總得碗數: 1<br>得獎菜色: 蛤仔麵<br>地區: 彰化<br>菜系: 台式<br>推薦評審: 黃晨睿<br>地址: 500彰化縣彰化市線東路<br>營業時間: 17:30–18:30<br>電話: ]]></description>
        <styleUrl>#icon-1899-0288D1-labelson</styleUrl>
        <ExtendedData>
          <Data name="總得碗數">
            <value>1.0</value>
          </Data>
          <Data name="得獎菜色">
            <value>蛤仔麵</value>
          </Data>
          <Data name="地區">
            <value>彰化</value>
          </Data>
          <Data name="菜系">
            <value>台式</value>
          </Data>
          <Data name="推薦評審">
            <value>黃晨睿</value>
          </Data>
          <Data name="地址">
            <value>500彰化縣彰化市線東路</value>
          </Data>
          <Data name="營業時間">
            <value>17:30–18:30</value>
          </Data>
          <Data name="電話">
            <value/>
          </Data>
        </ExtendedData>
      </Placemark>
      <Placemark>
        <name>正老店阿美高麗菜飯</name>
        <address>正老店阿美高麗菜飯 高麗菜飯 彰化 台式 劉克襄 521彰化縣北斗鎮斗苑路一段121號</address>
        <description><![CDATA[總得碗數: 1<br>得獎菜色: 高麗菜飯<br>地區: 彰化<br>菜系: 台式<br>推薦評審: 劉克襄<br>地址: 521彰化縣北斗鎮斗苑路一段121號<br>營業時間: 07:00–19:30<br>電話: 04 888 4223]]></description>
        <styleUrl>#icon-1899-0288D1-labelson</styleUrl>
        <ExtendedData>
          <Data name="總得碗數">
            <value>1.0</value>
          </Data>
          <Data name="得獎菜色">
            <value>高麗菜飯</value>
          </Data>
          <Data name="地區">
            <value>彰化</value>
          </Data>
          <Data name="菜系">
            <value>台式</value>
          </Data>
          <Data name="推薦評審">
            <value>劉克襄</value>
          </Data>
          <Data name="地址">
            <value>521彰化縣北斗鎮斗苑路一段121號</value>
          </Data>
          <Data name="營業時間">
            <value>07:00–19:30</value>
          </Data>
          <Data name="電話">
            <value>04 888 4223</value>
          </Data>
        </ExtendedData>
      </Placemark>
      <Placemark>
        <name>阿美燒烤</name>
        <address>阿美燒烤 滷雞爪 彰化 台式 謝忠道 500彰化縣彰化市永興街50號</address>
        <description><![CDATA[總得碗數: 1<br>得獎菜色: 滷雞爪<br>地區: 彰化<br>菜系: 台式<br>推薦評審: 謝忠道<br>地址: 500彰化縣彰化市永興街50號<br>營業時間: 17:30–23:00<br>電話: 04 720 0906]]></description>
        <styleUrl>#icon-1899-0288D1-labelson</styleUrl>
        <ExtendedData>
          <Data name="總得碗數">
            <value>1.0</value>
          </Data>
          <Data name="得獎菜色">
            <value>滷雞爪</value>
          </Data>
          <Data name="地區">
            <value>彰化</value>
          </Data>
          <Data name="菜系">
            <value>台式</value>
          </Data>
          <Data name="推薦評審">
            <value>謝忠道</value>
          </Data>
          <Data name="地址">
            <value>500彰化縣彰化市永興街50號</value>
          </Data>
          <Data name="營業時間">
            <value>17:30–23:00</value>
          </Data>
          <Data name="電話">
            <value>04 720 0906</value>
          </Data>
        </ExtendedData>
      </Placemark>
      <Placemark>
        <name>阿樹擔仔麵</name>
        <address>阿樹擔仔麵 蛤仔麵 彰化 台式 林裕森 500彰化縣彰化市永興街55號</address>
        <description><![CDATA[總得碗數: 1<br>得獎菜色: 蛤仔麵<br>地區: 彰化<br>菜系: 台式<br>推薦評審: 林裕森<br>地址: 500彰化縣彰化市永興街55號<br>營業時間: 06:30–14:30<br>電話: 0936 169 075]]></description>
        <styleUrl>#icon-1899-0288D1-labelson</styleUrl>
        <ExtendedData>
          <Data name="總得碗數">
            <value>1.0</value>
          </Data>
          <Data name="得獎菜色">
            <value>蛤仔麵</value>
          </Data>
          <Data name="地區">
            <value>彰化</value>
          </Data>
          <Data name="菜系">
            <value>台式</value>
          </Data>
          <Data name="推薦評審">
            <value>林裕森</value>
          </Data>
          <Data name="地址">
            <value>500彰化縣彰化市永興街55號</value>
          </Data>
          <Data name="營業時間">
            <value>06:30–14:30</value>
          </Data>
          <Data name="電話">
            <value>0936 169 075</value>
          </Data>
        </ExtendedData>
      </Placemark>
      <Placemark>
        <name>巷仔內蚵仔炸</name>
        <address>巷仔內蚵仔炸 蚵仔炸 彰化 台式 黃晨睿 528彰化縣芳苑鄉仁愛巷3號</address>
        <description><![CDATA[總得碗數: 1<br>得獎菜色: 蚵仔炸<br>地區: 彰化<br>菜系: 台式<br>推薦評審: 黃晨睿<br>地址: 528彰化縣芳苑鄉仁愛巷3號<br>營業時間: 10:30–16:30<br>電話: 04 893 3478]]></description>
        <styleUrl>#icon-1899-0288D1-labelson</styleUrl>
        <ExtendedData>
          <Data name="總得碗數">
            <value>1.0</value>
          </Data>
          <Data name="得獎菜色">
            <value>蚵仔炸</value>
          </Data>
          <Data name="地區">
            <value>彰化</value>
          </Data>
          <Data name="菜系">
            <value>台式</value>
          </Data>
          <Data name="推薦評審">
            <value>黃晨睿</value>
          </Data>
          <Data name="地址">
            <value>528彰化縣芳苑鄉仁愛巷3號</value>
          </Data>
          <Data name="營業時間">
            <value>10:30–16:30</value>
          </Data>
          <Data name="電話">
            <value>04 893 3478</value>
          </Data>
        </ExtendedData>
      </Placemark>
      <Placemark>
        <name>津津餛飩麵</name>
        <address>津津餛飩麵 餛飩麵 彰化 台式 謝忠道 500彰化縣彰化市永安街58號</address>
        <description><![CDATA[總得碗數: 1<br>得獎菜色: 餛飩麵<br>地區: 彰化<br>菜系: 台式<br>推薦評審: 謝忠道<br>地址: 500彰化縣彰化市永安街58號<br>營業時間: 05:00–10:30<br>電話: 0989 619 829]]></description>
        <styleUrl>#icon-1899-0288D1-labelson</styleUrl>
        <ExtendedData>
          <Data name="總得碗數">
            <value>1.0</value>
          </Data>
          <Data name="得獎菜色">
            <value>餛飩麵</value>
          </Data>
          <Data name="地區">
            <value>彰化</value>
          </Data>
          <Data name="菜系">
            <value>台式</value>
          </Data>
          <Data name="推薦評審">
            <value>謝忠道</value>
          </Data>
          <Data name="地址">
            <value>500彰化縣彰化市永安街58號</value>
          </Data>
          <Data name="營業時間">
            <value>05:00–10:30</value>
          </Data>
          <Data name="電話">
            <value>0989 619 829</value>
          </Data>
        </ExtendedData>
      </Placemark>
      <Placemark>
        <name>珍北平餡餅</name>
        <address>珍北平餡餅 豬肉餡餅 彰化 中式 魏幸怡 500彰化縣彰化市南郭路一段139號</address>
        <description><![CDATA[總得碗數: 1<br>得獎菜色: 豬肉餡餅<br>地區: 彰化<br>菜系: 中式<br>推薦評審: 魏幸怡<br>地址: 500彰化縣彰化市南郭路一段139號<br>營業時間: 14:30–19:30<br>電話: 04 724 4085]]></description>
        <styleUrl>#icon-1899-0288D1-labelson</styleUrl>
        <ExtendedData>
          <Data name="總得碗數">
            <value>1.0</value>
          </Data>
          <Data name="得獎菜色">
            <value>豬肉餡餅</value>
          </Data>
          <Data name="地區">
            <value>彰化</value>
          </Data>
          <Data name="菜系">
            <value>中式</value>
          </Data>
          <Data name="推薦評審">
            <value>魏幸怡</value>
          </Data>
          <Data name="地址">
            <value>500彰化縣彰化市南郭路一段139號</value>
          </Data>
          <Data name="營業時間">
            <value>14:30–19:30</value>
          </Data>
          <Data name="電話">
            <value>04 724 4085</value>
          </Data>
        </ExtendedData>
      </Placemark>
      <Placemark>
        <name>酒室宋宅</name>
        <address>酒室宋宅 手工私房炸物 彰化 台式 鍾欣凌 510彰化縣員林市光明南街136號</address>
        <description><![CDATA[總得碗數: 1<br>得獎菜色: 手工私房炸物<br>地區: 彰化<br>菜系: 台式<br>推薦評審: 鍾欣凌<br>地址: 510彰化縣員林市光明南街136號<br>營業時間: 18:00–01:00<br>電話: 0966 140 722]]></description>
        <styleUrl>#icon-1899-0288D1-labelson</styleUrl>
        <ExtendedData>
          <Data name="總得碗數">
            <value>1.0</value>
          </Data>
          <Data name="得獎菜色">
            <value>手工私房炸物</value>
          </Data>
          <Data name="地區">
            <value>彰化</value>
          </Data>
          <Data name="菜系">
            <value>台式</value>
          </Data>
          <Data name="推薦評審">
            <value>鍾欣凌</value>
          </Data>
          <Data name="地址">
            <value>510彰化縣員林市光明南街136號</value>
          </Data>
          <Data name="營業時間">
            <value>18:00–01:00</value>
          </Data>
          <Data name="電話">
            <value>0966 140 722</value>
          </Data>
        </ExtendedData>
      </Placemark>
      <Placemark>
        <name>魚市爌肉飯</name>
        <address>魚市爌肉飯 爌肉飯（圈仔） 彰化 台式 黃晨睿 500彰化縣彰化市華山路246號</address>
        <description><![CDATA[總得碗數: 1<br>得獎菜色: 爌肉飯（圈仔）<br>地區: 彰化<br>菜系: 台式<br>推薦評審: 黃晨睿<br>地址: 500彰化縣彰化市華山路246號<br>營業時間: 06:00–13:30<br>電話: 04 722 0505]]></description>
        <styleUrl>#icon-1899-0288D1-labelson</styleUrl>
        <ExtendedData>
          <Data name="總得碗數">
            <value>1.0</value>
          </Data>
          <Data name="得獎菜色">
            <value>爌肉飯（圈仔）</value>
          </Data>
          <Data name="地區">
            <value>彰化</value>
          </Data>
          <Data name="菜系">
            <value>台式</value>
          </Data>
          <Data name="推薦評審">
            <value>黃晨睿</value>
          </Data>
          <Data name="地址">
            <value>500彰化縣彰化市華山路246號</value>
          </Data>
          <Data name="營業時間">
            <value>06:00–13:30</value>
          </Data>
          <Data name="電話">
            <value>04 722 0505</value>
          </Data>
        </ExtendedData>
      </Placemark>
      <Placemark>
        <name>進發早點</name>
        <address>進發早點 漢堡 彰化 台式 黃晨睿 503彰化縣花壇鄉花壇街237號</address>
        <description><![CDATA[總得碗數: 1<br>得獎菜色: 漢堡<br>地區: 彰化<br>菜系: 台式<br>推薦評審: 黃晨睿<br>地址: 503彰化縣花壇鄉花壇街237號<br>營業時間: 05:00–10:00<br>電話: ]]></description>
        <styleUrl>#icon-1899-0288D1-labelson</styleUrl>
        <ExtendedData>
          <Data name="總得碗數">
            <value>1.0</value>
          </Data>
          <Data name="得獎菜色">
            <value>漢堡</value>
          </Data>
          <Data name="地區">
            <value>彰化</value>
          </Data>
          <Data name="菜系">
            <value>台式</value>
          </Data>
          <Data name="推薦評審">
            <value>黃晨睿</value>
          </Data>
          <Data name="地址">
            <value>503彰化縣花壇鄉花壇街237號</value>
          </Data>
          <Data name="營業時間">
            <value>05:00–10:00</value>
          </Data>
          <Data name="電話">
            <value/>
          </Data>
        </ExtendedData>
      </Placemark>
      <Placemark>
        <name>黃家鱟殼炒蚵仔麵 </name>
        <address>黃家鱟殼炒蚵仔麵  鱟殼炒蚵仔麵 彰化 台式 劉克襄 510彰化縣員林市民生路154巷1號</address>
        <description><![CDATA[總得碗數: 1<br>得獎菜色: 鱟殼炒蚵仔麵<br>地區: 彰化<br>菜系: 台式<br>推薦評審: 劉克襄<br>地址: 510彰化縣員林市民生路154巷1號<br>營業時間: 11:00–18:00<br>電話: 0934 045 962]]></description>
        <styleUrl>#icon-1899-0288D1-labelson</styleUrl>
        <ExtendedData>
          <Data name="總得碗數">
            <value>1.0</value>
          </Data>
          <Data name="得獎菜色">
            <value>鱟殼炒蚵仔麵</value>
          </Data>
          <Data name="地區">
            <value>彰化</value>
          </Data>
          <Data name="菜系">
            <value>台式</value>
          </Data>
          <Data name="推薦評審">
            <value>劉克襄</value>
          </Data>
          <Data name="地址">
            <value>510彰化縣員林市民生路154巷1號</value>
          </Data>
          <Data name="營業時間">
            <value>11:00–18:00</value>
          </Data>
          <Data name="電話">
            <value>0934 045 962</value>
          </Data>
        </ExtendedData>
      </Placemark>
      <Placemark>
        <name>過溝仔肉圓王</name>
        <address>過溝仔肉圓王 肉圓 彰化 台式 黃晨睿 500彰化縣彰化市彰美路一段58-4號</address>
        <description><![CDATA[總得碗數: 1<br>得獎菜色: 肉圓<br>地區: 彰化<br>菜系: 台式<br>推薦評審: 黃晨睿<br>地址: 500彰化縣彰化市彰美路一段58-4號<br>營業時間: 15:00–19:00<br>電話: 0921 337 931]]></description>
        <styleUrl>#icon-1899-0288D1-labelson</styleUrl>
        <ExtendedData>
          <Data name="總得碗數">
            <value>1.0</value>
          </Data>
          <Data name="得獎菜色">
            <value>肉圓</value>
          </Data>
          <Data name="地區">
            <value>彰化</value>
          </Data>
          <Data name="菜系">
            <value>台式</value>
          </Data>
          <Data name="推薦評審">
            <value>黃晨睿</value>
          </Data>
          <Data name="地址">
            <value>500彰化縣彰化市彰美路一段58-4號</value>
          </Data>
          <Data name="營業時間">
            <value>15:00–19:00</value>
          </Data>
          <Data name="電話">
            <value>0921 337 931</value>
          </Data>
        </ExtendedData>
      </Placemark>
      <Placemark>
        <name>趙記素食</name>
        <address>趙記素食 黃麵（乾）＋滷豆皮包 彰化 素食 黃晨睿 500彰化縣彰化市永樂街165號</address>
        <description><![CDATA[總得碗數: 1<br>得獎菜色: 黃麵（乾）＋滷豆皮包<br>地區: 彰化<br>菜系: 素食<br>推薦評審: 黃晨睿<br>地址: 500彰化縣彰化市永樂街165號<br>營業時間: 05:00–11:30<br>電話: 0918 988 018]]></description>
        <styleUrl>#icon-1899-0288D1-labelson</styleUrl>
        <ExtendedData>
          <Data name="總得碗數">
            <value>1.0</value>
          </Data>
          <Data name="得獎菜色">
            <value>黃麵（乾）＋滷豆皮包</value>
          </Data>
          <Data name="地區">
            <value>彰化</value>
          </Data>
          <Data name="菜系">
            <value>素食</value>
          </Data>
          <Data name="推薦評審">
            <value>黃晨睿</value>
          </Data>
          <Data name="地址">
            <value>500彰化縣彰化市永樂街165號</value>
          </Data>
          <Data name="營業時間">
            <value>05:00–11:30</value>
          </Data>
          <Data name="電話">
            <value>0918 988 018</value>
          </Data>
        </ExtendedData>
      </Placemark>
      <Placemark>
        <name>鴨頭家東山鴨頭</name>
        <address>鴨頭家東山鴨頭 招牌豆皮 彰化 台式 黃晨睿 504彰化縣秀水鄉彰水路二段524號</address>
        <description><![CDATA[總得碗數: 1<br>得獎菜色: 招牌豆皮<br>地區: 彰化<br>菜系: 台式<br>推薦評審: 黃晨睿<br>地址: 504彰化縣秀水鄉彰水路二段524號<br>營業時間: 17:00–22:00<br>電話: 0902 250 590]]></description>
        <styleUrl>#icon-1899-0288D1-labelson</styleUrl>
        <ExtendedData>
          <Data name="總得碗數">
            <value>1.0</value>
          </Data>
          <Data name="得獎菜色">
            <value>招牌豆皮</value>
          </Data>
          <Data name="地區">
            <value>彰化</value>
          </Data>
          <Data name="菜系">
            <value>台式</value>
          </Data>
          <Data name="推薦評審">
            <value>黃晨睿</value>
          </Data>
          <Data name="地址">
            <value>504彰化縣秀水鄉彰水路二段524號</value>
          </Data>
          <Data name="營業時間">
            <value>17:00–22:00</value>
          </Data>
          <Data name="電話">
            <value>0902 250 590</value>
          </Data>
        </ExtendedData>
      </Placemark>
      <Placemark>
        <name>關帝廟口無名發財車</name>
        <address>關帝廟口無名發財車 山藥排骨燉露  彰化 台式 謝忠道 500彰化縣彰化市民族路467號關帝廟口</address>
        <description><![CDATA[總得碗數: 1<br>得獎菜色: 山藥排骨燉露 <br>地區: 彰化<br>菜系: 台式<br>推薦評審: 謝忠道<br>地址: 500彰化縣彰化市民族路467號關帝廟口<br>營業時間: <br>電話: ]]></description>
        <styleUrl>#icon-1899-0288D1-labelson</styleUrl>
        <ExtendedData>
          <Data name="總得碗數">
            <value>1.0</value>
          </Data>
          <Data name="得獎菜色">
            <value>山藥排骨燉露 </value>
          </Data>
          <Data name="地區">
            <value>彰化</value>
          </Data>
          <Data name="菜系">
            <value>台式</value>
          </Data>
          <Data name="推薦評審">
            <value>謝忠道</value>
          </Data>
          <Data name="地址">
            <value>500彰化縣彰化市民族路467號關帝廟口</value>
          </Data>
          <Data name="營業時間">
            <value/>
          </Data>
          <Data name="電話">
            <value/>
          </Data>
        </ExtendedData>
      </Placemark>
      <Placemark>
        <name>無名麵攤(大胖麵攤)</name>
        <address>無名麵攤(大胖麵攤) 綜合滷味  乾麵 雲林 台式 高靜玉 632雲林縣虎尾鎮博愛路5號</address>
        <description><![CDATA[總得碗數: 1<br>得獎菜色: 綜合滷味  乾麵<br>地區: 雲林<br>菜系: 台式<br>推薦評審: 高靜玉<br>地址: 632雲林縣虎尾鎮博愛路5號<br>營業時間: 16:30–23:20<br>電話: 05 633 3129]]></description>
        <styleUrl>#icon-1899-0288D1-labelson</styleUrl>
        <ExtendedData>
          <Data name="總得碗數">
            <value>1.0</value>
          </Data>
          <Data name="得獎菜色">
            <value>綜合滷味  乾麵</value>
          </Data>
          <Data name="地區">
            <value>雲林</value>
          </Data>
          <Data name="菜系">
            <value>台式</value>
          </Data>
          <Data name="推薦評審">
            <value>高靜玉</value>
          </Data>
          <Data name="地址">
            <value>632雲林縣虎尾鎮博愛路5號</value>
          </Data>
          <Data name="營業時間">
            <value>16:30–23:20</value>
          </Data>
          <Data name="電話">
            <value>05 633 3129</value>
          </Data>
        </ExtendedData>
      </Placemark>
      <Placemark>
        <name>番薯仔炊飯</name>
        <address>番薯仔炊飯 炊飯 雲林 台式 高靜玉 640雲林縣斗六市中正路89號</address>
        <description><![CDATA[總得碗數: 1<br>得獎菜色: 炊飯<br>地區: 雲林<br>菜系: 台式<br>推薦評審: 高靜玉<br>地址: 640雲林縣斗六市中正路89號<br>營業時間: 09:00–13:00<br>電話: 05 534 9397]]></description>
        <styleUrl>#icon-1899-0288D1-labelson</styleUrl>
        <ExtendedData>
          <Data name="總得碗數">
            <value>1.0</value>
          </Data>
          <Data name="得獎菜色">
            <value>炊飯</value>
          </Data>
          <Data name="地區">
            <value>雲林</value>
          </Data>
          <Data name="菜系">
            <value>台式</value>
          </Data>
          <Data name="推薦評審">
            <value>高靜玉</value>
          </Data>
          <Data name="地址">
            <value>640雲林縣斗六市中正路89號</value>
          </Data>
          <Data name="營業時間">
            <value>09:00–13:00</value>
          </Data>
          <Data name="電話">
            <value>05 534 9397</value>
          </Data>
        </ExtendedData>
      </Placemark>
      <Placemark>
        <name>新營阿添鵝肉 斗六店 </name>
        <address>新營阿添鵝肉 斗六店  肉燥乾麵 雲林 台式 劉冠廷 640雲林縣斗六市城頂街17號</address>
        <description><![CDATA[總得碗數: 1<br>得獎菜色: 肉燥乾麵<br>地區: 雲林<br>菜系: 台式<br>推薦評審: 劉冠廷<br>地址: 640雲林縣斗六市城頂街17號<br>營業時間: 15:30–22:00<br>電話: 05 535 1815]]></description>
        <styleUrl>#icon-1899-0288D1-labelson</styleUrl>
        <ExtendedData>
          <Data name="總得碗數">
            <value>1.0</value>
          </Data>
          <Data name="得獎菜色">
            <value>肉燥乾麵</value>
          </Data>
          <Data name="地區">
            <value>雲林</value>
          </Data>
          <Data name="菜系">
            <value>台式</value>
          </Data>
          <Data name="推薦評審">
            <value>劉冠廷</value>
          </Data>
          <Data name="地址">
            <value>640雲林縣斗六市城頂街17號</value>
          </Data>
          <Data name="營業時間">
            <value>15:30–22:00</value>
          </Data>
          <Data name="電話">
            <value>05 535 1815</value>
          </Data>
        </ExtendedData>
      </Placemark>
      <Placemark>
        <name>MY Chicken 買去啃黑羽放山雞，黑羽桶仔雞</name>
        <address>MY Chicken 買去啃黑羽放山雞，黑羽桶仔雞 烤雞 嘉義 台式 林佳慧 600嘉義市東區安寮里南興路192-1號</address>
        <description><![CDATA[總得碗數: 1<br>得獎菜色: 烤雞<br>地區: 嘉義<br>菜系: 台式<br>推薦評審: 林佳慧<br>地址: 600嘉義市東區安寮里南興路192-1號<br>營業時間: 10:00–14:00<br>電話: 05 216 6298]]></description>
        <styleUrl>#icon-1899-0288D1-labelson</styleUrl>
        <ExtendedData>
          <Data name="總得碗數">
            <value>1.0</value>
          </Data>
          <Data name="得獎菜色">
            <value>烤雞</value>
          </Data>
          <Data name="地區">
            <value>嘉義</value>
          </Data>
          <Data name="菜系">
            <value>台式</value>
          </Data>
          <Data name="推薦評審">
            <value>林佳慧</value>
          </Data>
          <Data name="地址">
            <value>600嘉義市東區安寮里南興路192-1號</value>
          </Data>
          <Data name="營業時間">
            <value>10:00–14:00</value>
          </Data>
          <Data name="電話">
            <value>05 216 6298</value>
          </Data>
        </ExtendedData>
      </Placemark>
      <Placemark>
        <name>一統土產羊肉</name>
        <address>一統土產羊肉 羊肉湯 沙茶羊肉 嘉義 台式 林佳慧 600嘉義市西區友愛路276號</address>
        <description><![CDATA[總得碗數: 1<br>得獎菜色: 羊肉湯 沙茶羊肉<br>地區: 嘉義<br>菜系: 台式<br>推薦評審: 林佳慧<br>地址: 600嘉義市西區友愛路276號<br>營業時間: 12:00–23:00<br>電話: 05 232 4688]]></description>
        <styleUrl>#icon-1899-0288D1-labelson</styleUrl>
        <ExtendedData>
          <Data name="總得碗數">
            <value>1.0</value>
          </Data>
          <Data name="得獎菜色">
            <value>羊肉湯 沙茶羊肉</value>
          </Data>
          <Data name="地區">
            <value>嘉義</value>
          </Data>
          <Data name="菜系">
            <value>台式</value>
          </Data>
          <Data name="推薦評審">
            <value>林佳慧</value>
          </Data>
          <Data name="地址">
            <value>600嘉義市西區友愛路276號</value>
          </Data>
          <Data name="營業時間">
            <value>12:00–23:00</value>
          </Data>
          <Data name="電話">
            <value>05 232 4688</value>
          </Data>
        </ExtendedData>
      </Placemark>
      <Placemark>
        <name>大人味 日.印咖喱</name>
        <address>大人味 日.印咖喱 日式漢堡排珈哩 嘉義 日式 張小均 (我要征服臺南牛肉湯!!!) 600嘉義市東區中央里成仁街94號</address>
        <description><![CDATA[總得碗數: 1<br>得獎菜色: 日式漢堡排珈哩<br>地區: 嘉義<br>菜系: 日式<br>推薦評審: 張小均 (我要征服臺南牛肉湯!!!)<br>地址: 600嘉義市東區中央里成仁街94號<br>營業時間: 11:00–14:00<br>17:00–20:00<br>電話: ]]></description>
        <styleUrl>#icon-1899-0288D1-labelson</styleUrl>
        <ExtendedData>
          <Data name="總得碗數">
            <value>1.0</value>
          </Data>
          <Data name="得獎菜色">
            <value>日式漢堡排珈哩</value>
          </Data>
          <Data name="地區">
            <value>嘉義</value>
          </Data>
          <Data name="菜系">
            <value>日式</value>
          </Data>
          <Data name="推薦評審">
            <value>張小均 (我要征服臺南牛肉湯!!!)</value>
          </Data>
          <Data name="地址">
            <value>600嘉義市東區中央里成仁街94號</value>
          </Data>
          <Data name="營業時間">
            <value>11:00–14:00
17:00–20:00</value>
          </Data>
          <Data name="電話">
            <value/>
          </Data>
        </ExtendedData>
      </Placemark>
      <Placemark>
        <name>王家祖傳本產牛雜湯</name>
        <address>王家祖傳本產牛雜湯 牛雜湯 嘉義 台式 洪嘉聰 600嘉義市東區忠孝路87號轉進來</address>
        <description><![CDATA[總得碗數: 1<br>得獎菜色: 牛雜湯<br>地區: 嘉義<br>菜系: 台式<br>推薦評審: 洪嘉聰<br>地址: 600嘉義市東區忠孝路87號轉進來<br>營業時間: 06:00–13:00<br>電話: 05 223 6660]]></description>
        <styleUrl>#icon-1899-0288D1-labelson</styleUrl>
        <ExtendedData>
          <Data name="總得碗數">
            <value>1.0</value>
          </Data>
          <Data name="得獎菜色">
            <value>牛雜湯</value>
          </Data>
          <Data name="地區">
            <value>嘉義</value>
          </Data>
          <Data name="菜系">
            <value>台式</value>
          </Data>
          <Data name="推薦評審">
            <value>洪嘉聰</value>
          </Data>
          <Data name="地址">
            <value>600嘉義市東區忠孝路87號轉進來</value>
          </Data>
          <Data name="營業時間">
            <value>06:00–13:00</value>
          </Data>
          <Data name="電話">
            <value>05 223 6660</value>
          </Data>
        </ExtendedData>
      </Placemark>
      <Placemark>
        <name>好口味包子(水晶餃)</name>
        <address>好口味包子(水晶餃) 水晶餃 肉包 嘉義 台式 林佳慧 600嘉義市東區和平路287號</address>
        <description><![CDATA[總得碗數: 1<br>得獎菜色: 水晶餃 肉包<br>地區: 嘉義<br>菜系: 台式<br>推薦評審: 林佳慧<br>地址: 600嘉義市東區和平路287號<br>營業時間: 09:00–18:00<br>電話: 05 227 0899]]></description>
        <styleUrl>#icon-1899-0288D1-labelson</styleUrl>
        <ExtendedData>
          <Data name="總得碗數">
            <value>1.0</value>
          </Data>
          <Data name="得獎菜色">
            <value>水晶餃 肉包</value>
          </Data>
          <Data name="地區">
            <value>嘉義</value>
          </Data>
          <Data name="菜系">
            <value>台式</value>
          </Data>
          <Data name="推薦評審">
            <value>林佳慧</value>
          </Data>
          <Data name="地址">
            <value>600嘉義市東區和平路287號</value>
          </Data>
          <Data name="營業時間">
            <value>09:00–18:00</value>
          </Data>
          <Data name="電話">
            <value>05 227 0899</value>
          </Data>
        </ExtendedData>
      </Placemark>
      <Placemark>
        <name>延平國華米糕</name>
        <address>延平國華米糕 米糕 嘉義 台式 林佳慧 600嘉義市西區國華街96號</address>
        <description><![CDATA[總得碗數: 1<br>得獎菜色: 米糕<br>地區: 嘉義<br>菜系: 台式<br>推薦評審: 林佳慧<br>地址: 600嘉義市西區國華街96號<br>營業時間: 16:00–19:00<br>電話: 05 225 5740]]></description>
        <styleUrl>#icon-1899-0288D1-labelson</styleUrl>
        <ExtendedData>
          <Data name="總得碗數">
            <value>1.0</value>
          </Data>
          <Data name="得獎菜色">
            <value>米糕</value>
          </Data>
          <Data name="地區">
            <value>嘉義</value>
          </Data>
          <Data name="菜系">
            <value>台式</value>
          </Data>
          <Data name="推薦評審">
            <value>林佳慧</value>
          </Data>
          <Data name="地址">
            <value>600嘉義市西區國華街96號</value>
          </Data>
          <Data name="營業時間">
            <value>16:00–19:00</value>
          </Data>
          <Data name="電話">
            <value>05 225 5740</value>
          </Data>
        </ExtendedData>
      </Placemark>
      <Placemark>
        <name>阿川春捲(文化路分店）</name>
        <address>阿川春捲(文化路分店） 春捲 嘉義 台式 林佳慧 600嘉義市西區文化路11號</address>
        <description><![CDATA[總得碗數: 1<br>得獎菜色: 春捲<br>地區: 嘉義<br>菜系: 台式<br>推薦評審: 林佳慧<br>地址: 600嘉義市西區文化路11號<br>營業時間: <br>電話: ]]></description>
        <styleUrl>#icon-1899-0288D1-labelson</styleUrl>
        <ExtendedData>
          <Data name="總得碗數">
            <value>1.0</value>
          </Data>
          <Data name="得獎菜色">
            <value>春捲</value>
          </Data>
          <Data name="地區">
            <value>嘉義</value>
          </Data>
          <Data name="菜系">
            <value>台式</value>
          </Data>
          <Data name="推薦評審">
            <value>林佳慧</value>
          </Data>
          <Data name="地址">
            <value>600嘉義市西區文化路11號</value>
          </Data>
          <Data name="營業時間">
            <value/>
          </Data>
          <Data name="電話">
            <value/>
          </Data>
        </ExtendedData>
      </Placemark>
      <Placemark>
        <name>阿伯烤玉米</name>
        <address>阿伯烤玉米 烤玉米 嘉義 台式 林佳慧 600嘉義市西區中山路532巷53號</address>
        <description><![CDATA[總得碗數: 1<br>得獎菜色: 烤玉米<br>地區: 嘉義<br>菜系: 台式<br>推薦評審: 林佳慧<br>地址: 600嘉義市西區中山路532巷53號<br>營業時間: 16:00–21:30<br>電話: 0935 846 702]]></description>
        <styleUrl>#icon-1899-0288D1-labelson</styleUrl>
        <ExtendedData>
          <Data name="總得碗數">
            <value>1.0</value>
          </Data>
          <Data name="得獎菜色">
            <value>烤玉米</value>
          </Data>
          <Data name="地區">
            <value>嘉義</value>
          </Data>
          <Data name="菜系">
            <value>台式</value>
          </Data>
          <Data name="推薦評審">
            <value>林佳慧</value>
          </Data>
          <Data name="地址">
            <value>600嘉義市西區中山路532巷53號</value>
          </Data>
          <Data name="營業時間">
            <value>16:00–21:30</value>
          </Data>
          <Data name="電話">
            <value>0935 846 702</value>
          </Data>
        </ExtendedData>
      </Placemark>
      <Placemark>
        <name>阿宏米苔目</name>
        <address>阿宏米苔目 炒米苔目 肉絲蛋花湯 嘉義 台式 林佳慧 600嘉義市西區國華街78號</address>
        <description><![CDATA[總得碗數: 1<br>得獎菜色: 炒米苔目 肉絲蛋花湯<br>地區: 嘉義<br>菜系: 台式<br>推薦評審: 林佳慧<br>地址: 600嘉義市西區國華街78號<br>營業時間: 12:30–20:00<br>電話: 05 225 5870]]></description>
        <styleUrl>#icon-1899-0288D1-labelson</styleUrl>
        <ExtendedData>
          <Data name="總得碗數">
            <value>1.0</value>
          </Data>
          <Data name="得獎菜色">
            <value>炒米苔目 肉絲蛋花湯</value>
          </Data>
          <Data name="地區">
            <value>嘉義</value>
          </Data>
          <Data name="菜系">
            <value>台式</value>
          </Data>
          <Data name="推薦評審">
            <value>林佳慧</value>
          </Data>
          <Data name="地址">
            <value>600嘉義市西區國華街78號</value>
          </Data>
          <Data name="營業時間">
            <value>12:30–20:00</value>
          </Data>
          <Data name="電話">
            <value>05 225 5870</value>
          </Data>
        </ExtendedData>
      </Placemark>
      <Placemark>
        <name>阿忠燒餅</name>
        <address>阿忠燒餅 燒餅油條加蛋 嘉義 台式 洪嘉聰 600嘉義市東區共和路52號</address>
        <description><![CDATA[總得碗數: 1<br>得獎菜色: 燒餅油條加蛋<br>地區: 嘉義<br>菜系: 台式<br>推薦評審: 洪嘉聰<br>地址: 600嘉義市東區共和路52號<br>營業時間: 05:30–10:00<br>電話: 05 225 5652]]></description>
        <styleUrl>#icon-1899-0288D1-labelson</styleUrl>
        <ExtendedData>
          <Data name="總得碗數">
            <value>1.0</value>
          </Data>
          <Data name="得獎菜色">
            <value>燒餅油條加蛋</value>
          </Data>
          <Data name="地區">
            <value>嘉義</value>
          </Data>
          <Data name="菜系">
            <value>台式</value>
          </Data>
          <Data name="推薦評審">
            <value>洪嘉聰</value>
          </Data>
          <Data name="地址">
            <value>600嘉義市東區共和路52號</value>
          </Data>
          <Data name="營業時間">
            <value>05:30–10:00</value>
          </Data>
          <Data name="電話">
            <value>05 225 5652</value>
          </Data>
        </ExtendedData>
      </Placemark>
      <Placemark>
        <name>阿榮火雞肉飯</name>
        <address>阿榮火雞肉飯 火雞肉飯 嘉義 台式 韓勾ㄟ金針菇  613嘉義縣朴子市文明路105號</address>
        <description><![CDATA[總得碗數: 1<br>得獎菜色: 火雞肉飯<br>地區: 嘉義<br>菜系: 台式<br>推薦評審: 韓勾ㄟ金針菇 <br>地址: 613嘉義縣朴子市文明路105號<br>營業時間: 10:00–00:00<br>電話: 05 370 3553]]></description>
        <styleUrl>#icon-1899-0288D1-labelson</styleUrl>
        <ExtendedData>
          <Data name="總得碗數">
            <value>1.0</value>
          </Data>
          <Data name="得獎菜色">
            <value>火雞肉飯</value>
          </Data>
          <Data name="地區">
            <value>嘉義</value>
          </Data>
          <Data name="菜系">
            <value>台式</value>
          </Data>
          <Data name="推薦評審">
            <value>韓勾ㄟ金針菇 </value>
          </Data>
          <Data name="地址">
            <value>613嘉義縣朴子市文明路105號</value>
          </Data>
          <Data name="營業時間">
            <value>10:00–00:00</value>
          </Data>
          <Data name="電話">
            <value>05 370 3553</value>
          </Data>
        </ExtendedData>
      </Placemark>
      <Placemark>
        <name>洪牛土產牛肉湯</name>
        <address>洪牛土產牛肉湯 麻油炒牛肉 嘉義 台式 張小均 (我要征服臺南牛肉湯!!!) 600嘉義市西區民族路585號</address>
        <description><![CDATA[總得碗數: 1<br>得獎菜色: 麻油炒牛肉<br>地區: 嘉義<br>菜系: 台式<br>推薦評審: 張小均 (我要征服臺南牛肉湯!!!)<br>地址: 600嘉義市西區民族路585號<br>營業時間: 11:00–20:00<br>電話: 05 225 8121]]></description>
        <styleUrl>#icon-1899-0288D1-labelson</styleUrl>
        <ExtendedData>
          <Data name="總得碗數">
            <value>1.0</value>
          </Data>
          <Data name="得獎菜色">
            <value>麻油炒牛肉</value>
          </Data>
          <Data name="地區">
            <value>嘉義</value>
          </Data>
          <Data name="菜系">
            <value>台式</value>
          </Data>
          <Data name="推薦評審">
            <value>張小均 (我要征服臺南牛肉湯!!!)</value>
          </Data>
          <Data name="地址">
            <value>600嘉義市西區民族路585號</value>
          </Data>
          <Data name="營業時間">
            <value>11:00–20:00</value>
          </Data>
          <Data name="電話">
            <value>05 225 8121</value>
          </Data>
        </ExtendedData>
      </Placemark>
      <Placemark>
        <name>珍珍海產粥</name>
        <address>珍珍海產粥 蚵仔煎 海產粥 煎虱目魚肚 嘉義 台式 林佳慧 600嘉義市東區民族路151號</address>
        <description><![CDATA[總得碗數: 1<br>得獎菜色: 蚵仔煎 海產粥 煎虱目魚肚<br>地區: 嘉義<br>菜系: 台式<br>推薦評審: 林佳慧<br>地址: 600嘉義市東區民族路151號<br>營業時間: 11:00–19:00<br>電話: 0902 233 033]]></description>
        <styleUrl>#icon-1899-0288D1-labelson</styleUrl>
        <ExtendedData>
          <Data name="總得碗數">
            <value>1.0</value>
          </Data>
          <Data name="得獎菜色">
            <value>蚵仔煎 海產粥 煎虱目魚肚</value>
          </Data>
          <Data name="地區">
            <value>嘉義</value>
          </Data>
          <Data name="菜系">
            <value>台式</value>
          </Data>
          <Data name="推薦評審">
            <value>林佳慧</value>
          </Data>
          <Data name="地址">
            <value>600嘉義市東區民族路151號</value>
          </Data>
          <Data name="營業時間">
            <value>11:00–19:00</value>
          </Data>
          <Data name="電話">
            <value>0902 233 033</value>
          </Data>
        </ExtendedData>
      </Placemark>
      <Placemark>
        <name>崇文錦魯麵</name>
        <address>崇文錦魯麵 涼麵 嘉義 台式 番紅花 600嘉義市東區崇文街107號</address>
        <description><![CDATA[總得碗數: 1<br>得獎菜色: 涼麵<br>地區: 嘉義<br>菜系: 台式<br>推薦評審: 番紅花<br>地址: 600嘉義市東區崇文街107號<br>營業時間: 10:30–18:00<br>電話: 05 229 2746]]></description>
        <styleUrl>#icon-1899-0288D1-labelson</styleUrl>
        <ExtendedData>
          <Data name="總得碗數">
            <value>1.0</value>
          </Data>
          <Data name="得獎菜色">
            <value>涼麵</value>
          </Data>
          <Data name="地區">
            <value>嘉義</value>
          </Data>
          <Data name="菜系">
            <value>台式</value>
          </Data>
          <Data name="推薦評審">
            <value>番紅花</value>
          </Data>
          <Data name="地址">
            <value>600嘉義市東區崇文街107號</value>
          </Data>
          <Data name="營業時間">
            <value>10:30–18:00</value>
          </Data>
          <Data name="電話">
            <value>05 229 2746</value>
          </Data>
        </ExtendedData>
      </Placemark>
      <Placemark>
        <name>眼鏡火雞肉飯 </name>
        <address>眼鏡火雞肉飯  火雞肉飯 嘉義 台式 劉克襄 600嘉義市西區西榮街196號</address>
        <description><![CDATA[總得碗數: 1<br>得獎菜色: 火雞肉飯<br>地區: 嘉義<br>菜系: 台式<br>推薦評審: 劉克襄<br>地址: 600嘉義市西區西榮街196號<br>營業時間: 07:00–13:30<br>電話: ]]></description>
        <styleUrl>#icon-1899-0288D1-labelson</styleUrl>
        <ExtendedData>
          <Data name="總得碗數">
            <value>1.0</value>
          </Data>
          <Data name="得獎菜色">
            <value>火雞肉飯</value>
          </Data>
          <Data name="地區">
            <value>嘉義</value>
          </Data>
          <Data name="菜系">
            <value>台式</value>
          </Data>
          <Data name="推薦評審">
            <value>劉克襄</value>
          </Data>
          <Data name="地址">
            <value>600嘉義市西區西榮街196號</value>
          </Data>
          <Data name="營業時間">
            <value>07:00–13:30</value>
          </Data>
          <Data name="電話">
            <value/>
          </Data>
        </ExtendedData>
      </Placemark>
      <Placemark>
        <name>達文化-生炒鴨肉焿</name>
        <address>達文化-生炒鴨肉焿 生炒鴨肉羹 生炒鴨肉 嘉義 台式 林佳慧 600嘉義市西區文化路15-1號</address>
        <description><![CDATA[總得碗數: 1<br>得獎菜色: 生炒鴨肉羹 生炒鴨肉<br>地區: 嘉義<br>菜系: 台式<br>推薦評審: 林佳慧<br>地址: 600嘉義市西區文化路15-1號<br>營業時間: 16:00–00:00<br>電話: 05 222 3506]]></description>
        <styleUrl>#icon-1899-0288D1-labelson</styleUrl>
        <ExtendedData>
          <Data name="總得碗數">
            <value>1.0</value>
          </Data>
          <Data name="得獎菜色">
            <value>生炒鴨肉羹 生炒鴨肉</value>
          </Data>
          <Data name="地區">
            <value>嘉義</value>
          </Data>
          <Data name="菜系">
            <value>台式</value>
          </Data>
          <Data name="推薦評審">
            <value>林佳慧</value>
          </Data>
          <Data name="地址">
            <value>600嘉義市西區文化路15-1號</value>
          </Data>
          <Data name="營業時間">
            <value>16:00–00:00</value>
          </Data>
          <Data name="電話">
            <value>05 222 3506</value>
          </Data>
        </ExtendedData>
      </Placemark>
      <Placemark>
        <name>嘉義人火雞肉飯</name>
        <address>嘉義人火雞肉飯 火雞肉片飯 嘉義 台式 謝孟恭 600嘉義市東區垂楊路157號</address>
        <description><![CDATA[總得碗數: 1<br>得獎菜色: 火雞肉片飯<br>地區: 嘉義<br>菜系: 台式<br>推薦評審: 謝孟恭<br>地址: 600嘉義市東區垂楊路157號<br>營業時間: 05:30–14:00<br>電話: 05 223 1737]]></description>
        <styleUrl>#icon-1899-0288D1-labelson</styleUrl>
        <ExtendedData>
          <Data name="總得碗數">
            <value>1.0</value>
          </Data>
          <Data name="得獎菜色">
            <value>火雞肉片飯</value>
          </Data>
          <Data name="地區">
            <value>嘉義</value>
          </Data>
          <Data name="菜系">
            <value>台式</value>
          </Data>
          <Data name="推薦評審">
            <value>謝孟恭</value>
          </Data>
          <Data name="地址">
            <value>600嘉義市東區垂楊路157號</value>
          </Data>
          <Data name="營業時間">
            <value>05:30–14:00</value>
          </Data>
          <Data name="電話">
            <value>05 223 1737</value>
          </Data>
        </ExtendedData>
      </Placemark>
      <Placemark>
        <name>劉里長火雞肉飯</name>
        <address>劉里長火雞肉飯 火雞肉飯 嘉義 台式 林佳慧 600嘉義市東區光彩街414號</address>
        <description><![CDATA[總得碗數: 1<br>得獎菜色: 火雞肉飯<br>地區: 嘉義<br>菜系: 台式<br>推薦評審: 林佳慧<br>地址: 600嘉義市東區光彩街414號<br>營業時間: 09:00–14:30<br>17:00–19:00<br>電話: 05 222 7669]]></description>
        <styleUrl>#icon-1899-0288D1-labelson</styleUrl>
        <ExtendedData>
          <Data name="總得碗數">
            <value>1.0</value>
          </Data>
          <Data name="得獎菜色">
            <value>火雞肉飯</value>
          </Data>
          <Data name="地區">
            <value>嘉義</value>
          </Data>
          <Data name="菜系">
            <value>台式</value>
          </Data>
          <Data name="推薦評審">
            <value>林佳慧</value>
          </Data>
          <Data name="地址">
            <value>600嘉義市東區光彩街414號</value>
          </Data>
          <Data name="營業時間">
            <value>09:00–14:30
17:00–19:00</value>
          </Data>
          <Data name="電話">
            <value>05 222 7669</value>
          </Data>
        </ExtendedData>
      </Placemark>
      <Placemark>
        <name>羅山生炒鱔魚麵</name>
        <address>羅山生炒鱔魚麵 炒鱔魚麵 嘉義 台式 洪嘉聰 600嘉義市東區延平街270-1號</address>
        <description><![CDATA[總得碗數: 1<br>得獎菜色: 炒鱔魚麵<br>地區: 嘉義<br>菜系: 台式<br>推薦評審: 洪嘉聰<br>地址: 600嘉義市東區延平街270-1號<br>營業時間: 15:00–19:00<br>電話: 05 223 8968]]></description>
        <styleUrl>#icon-1899-0288D1-labelson</styleUrl>
        <ExtendedData>
          <Data name="總得碗數">
            <value>1.0</value>
          </Data>
          <Data name="得獎菜色">
            <value>炒鱔魚麵</value>
          </Data>
          <Data name="地區">
            <value>嘉義</value>
          </Data>
          <Data name="菜系">
            <value>台式</value>
          </Data>
          <Data name="推薦評審">
            <value>洪嘉聰</value>
          </Data>
          <Data name="地址">
            <value>600嘉義市東區延平街270-1號</value>
          </Data>
          <Data name="營業時間">
            <value>15:00–19:00</value>
          </Data>
          <Data name="電話">
            <value>05 223 8968</value>
          </Data>
        </ExtendedData>
      </Placemark>
      <Placemark>
        <name>Moonrock</name>
        <address>Moonrock 炸橄欖鑲肉 台南 台式 蔡舜任 704臺南市北區成功路22巷42弄13號</address>
        <description><![CDATA[總得碗數: 1<br>得獎菜色: 炸橄欖鑲肉<br>地區: 台南<br>菜系: 台式<br>推薦評審: 蔡舜任<br>地址: 704臺南市北區成功路22巷42弄13號<br>營業時間: 20:00–02:00<br>電話: 06 222 9528]]></description>
        <styleUrl>#icon-1899-0288D1-labelson</styleUrl>
        <ExtendedData>
          <Data name="總得碗數">
            <value>1.0</value>
          </Data>
          <Data name="得獎菜色">
            <value>炸橄欖鑲肉</value>
          </Data>
          <Data name="地區">
            <value>台南</value>
          </Data>
          <Data name="菜系">
            <value>台式</value>
          </Data>
          <Data name="推薦評審">
            <value>蔡舜任</value>
          </Data>
          <Data name="地址">
            <value>704臺南市北區成功路22巷42弄13號</value>
          </Data>
          <Data name="營業時間">
            <value>20:00–02:00</value>
          </Data>
          <Data name="電話">
            <value>06 222 9528</value>
          </Data>
        </ExtendedData>
      </Placemark>
      <Placemark>
        <name>一大經濟快餐便當</name>
        <address>一大經濟快餐便當 雞腿便當 台南 台式 蔡舜任 700臺南市中西區府前路一段303號</address>
        <description><![CDATA[總得碗數: 1<br>得獎菜色: 雞腿便當<br>地區: 台南<br>菜系: 台式<br>推薦評審: 蔡舜任<br>地址: 700臺南市中西區府前路一段303號<br>營業時間: 10:00–14:00<br>16:15–20:00<br>電話: 06 213 6562]]></description>
        <styleUrl>#icon-1899-0288D1-labelson</styleUrl>
        <ExtendedData>
          <Data name="總得碗數">
            <value>1.0</value>
          </Data>
          <Data name="得獎菜色">
            <value>雞腿便當</value>
          </Data>
          <Data name="地區">
            <value>台南</value>
          </Data>
          <Data name="菜系">
            <value>台式</value>
          </Data>
          <Data name="推薦評審">
            <value>蔡舜任</value>
          </Data>
          <Data name="地址">
            <value>700臺南市中西區府前路一段303號</value>
          </Data>
          <Data name="營業時間">
            <value>10:00–14:00
16:15–20:00</value>
          </Data>
          <Data name="電話">
            <value>06 213 6562</value>
          </Data>
        </ExtendedData>
      </Placemark>
      <Placemark>
        <name>三大牛肉火鍋（創始店）</name>
        <address>三大牛肉火鍋（創始店） 牛肉火鍋 台南 台式 肥波開吃啦 710臺南市永康區國光三街3號</address>
        <description><![CDATA[總得碗數: 1<br>得獎菜色: 牛肉火鍋<br>地區: 台南<br>菜系: 台式<br>推薦評審: 肥波開吃啦<br>地址: 710臺南市永康區國光三街3號<br>營業時間: 11:00–14:30<br>17:00–21:00<br>電話: 06 271 2411]]></description>
        <styleUrl>#icon-1899-0288D1-labelson</styleUrl>
        <ExtendedData>
          <Data name="總得碗數">
            <value>1.0</value>
          </Data>
          <Data name="得獎菜色">
            <value>牛肉火鍋</value>
          </Data>
          <Data name="地區">
            <value>台南</value>
          </Data>
          <Data name="菜系">
            <value>台式</value>
          </Data>
          <Data name="推薦評審">
            <value>肥波開吃啦</value>
          </Data>
          <Data name="地址">
            <value>710臺南市永康區國光三街3號</value>
          </Data>
          <Data name="營業時間">
            <value>11:00–14:30
17:00–21:00</value>
          </Data>
          <Data name="電話">
            <value>06 271 2411</value>
          </Data>
        </ExtendedData>
      </Placemark>
      <Placemark>
        <name>三赫老麵燒餅</name>
        <address>三赫老麵燒餅 老麵蔥餅加蛋 台南 台式 肥波開吃啦 710臺南市永康區東橋一路298號</address>
        <description><![CDATA[總得碗數: 1<br>得獎菜色: 老麵蔥餅加蛋<br>地區: 台南<br>菜系: 台式<br>推薦評審: 肥波開吃啦<br>地址: 710臺南市永康區東橋一路298號<br>營業時間: 06:30–11:30<br>電話: ]]></description>
        <styleUrl>#icon-1899-0288D1-labelson</styleUrl>
        <ExtendedData>
          <Data name="總得碗數">
            <value>1.0</value>
          </Data>
          <Data name="得獎菜色">
            <value>老麵蔥餅加蛋</value>
          </Data>
          <Data name="地區">
            <value>台南</value>
          </Data>
          <Data name="菜系">
            <value>台式</value>
          </Data>
          <Data name="推薦評審">
            <value>肥波開吃啦</value>
          </Data>
          <Data name="地址">
            <value>710臺南市永康區東橋一路298號</value>
          </Data>
          <Data name="營業時間">
            <value>06:30–11:30</value>
          </Data>
          <Data name="電話">
            <value/>
          </Data>
        </ExtendedData>
      </Placemark>
      <Placemark>
        <name>山美鄭記碗粿魚羹</name>
        <address>山美鄭記碗粿魚羹 魚羹 台南 台式 林裕森 700臺南市中西區開山路301號</address>
        <description><![CDATA[總得碗數: 1<br>得獎菜色: 魚羹<br>地區: 台南<br>菜系: 台式<br>推薦評審: 林裕森<br>地址: 700臺南市中西區開山路301號<br>營業時間: 08:30–17:30<br>電話: 06 214 4210]]></description>
        <styleUrl>#icon-1899-0288D1-labelson</styleUrl>
        <ExtendedData>
          <Data name="總得碗數">
            <value>1.0</value>
          </Data>
          <Data name="得獎菜色">
            <value>魚羹</value>
          </Data>
          <Data name="地區">
            <value>台南</value>
          </Data>
          <Data name="菜系">
            <value>台式</value>
          </Data>
          <Data name="推薦評審">
            <value>林裕森</value>
          </Data>
          <Data name="地址">
            <value>700臺南市中西區開山路301號</value>
          </Data>
          <Data name="營業時間">
            <value>08:30–17:30</value>
          </Data>
          <Data name="電話">
            <value>06 214 4210</value>
          </Data>
        </ExtendedData>
      </Placemark>
      <Placemark>
        <name>公園口紅燒土魠魚羹</name>
        <address>公園口紅燒土魠魚羹 紅燒土魠魚羹 台南 台式 可播兄弟 704臺南市北區公園路265號</address>
        <description><![CDATA[總得碗數: 1<br>得獎菜色: 紅燒土魠魚羹<br>地區: 台南<br>菜系: 台式<br>推薦評審: 可播兄弟<br>地址: 704臺南市北區公園路265號<br>營業時間: 08:30–16:00<br>電話: 06 241 2961]]></description>
        <styleUrl>#icon-1899-0288D1-labelson</styleUrl>
        <ExtendedData>
          <Data name="總得碗數">
            <value>1.0</value>
          </Data>
          <Data name="得獎菜色">
            <value>紅燒土魠魚羹</value>
          </Data>
          <Data name="地區">
            <value>台南</value>
          </Data>
          <Data name="菜系">
            <value>台式</value>
          </Data>
          <Data name="推薦評審">
            <value>可播兄弟</value>
          </Data>
          <Data name="地址">
            <value>704臺南市北區公園路265號</value>
          </Data>
          <Data name="營業時間">
            <value>08:30–16:00</value>
          </Data>
          <Data name="電話">
            <value>06 241 2961</value>
          </Data>
        </ExtendedData>
      </Placemark>
      <Placemark>
        <name>尺二鱔魚意麵</name>
        <address>尺二鱔魚意麵 台南鱔魚意麵 台南 台式 肥波開吃啦 710臺南市永康區忠勇街5號</address>
        <description><![CDATA[總得碗數: 1<br>得獎菜色: 台南鱔魚意麵<br>地區: 台南<br>菜系: 台式<br>推薦評審: 肥波開吃啦<br>地址: 710臺南市永康區忠勇街5號<br>營業時間: 11:00–15:00<br>16:00–20:00<br>電話: 06 312 6229]]></description>
        <styleUrl>#icon-1899-0288D1-labelson</styleUrl>
        <ExtendedData>
          <Data name="總得碗數">
            <value>1.0</value>
          </Data>
          <Data name="得獎菜色">
            <value>台南鱔魚意麵</value>
          </Data>
          <Data name="地區">
            <value>台南</value>
          </Data>
          <Data name="菜系">
            <value>台式</value>
          </Data>
          <Data name="推薦評審">
            <value>肥波開吃啦</value>
          </Data>
          <Data name="地址">
            <value>710臺南市永康區忠勇街5號</value>
          </Data>
          <Data name="營業時間">
            <value>11:00–15:00
16:00–20:00</value>
          </Data>
          <Data name="電話">
            <value>06 312 6229</value>
          </Data>
        </ExtendedData>
      </Placemark>
      <Placemark>
        <name>水仙宮三兄弟魚湯店</name>
        <address>水仙宮三兄弟魚湯店 西瓜綿海魚湯 台南 台式 沈方正 700臺南市中西區國華街三段123號</address>
        <description><![CDATA[總得碗數: 1<br>得獎菜色: 西瓜綿海魚湯<br>地區: 台南<br>菜系: 台式<br>推薦評審: 沈方正<br>地址: 700臺南市中西區國華街三段123號<br>營業時間: 06:00–14:00<br>15:30–20:00<br>電話: 08 780 4726]]></description>
        <styleUrl>#icon-1899-0288D1-labelson</styleUrl>
        <ExtendedData>
          <Data name="總得碗數">
            <value>1.0</value>
          </Data>
          <Data name="得獎菜色">
            <value>西瓜綿海魚湯</value>
          </Data>
          <Data name="地區">
            <value>台南</value>
          </Data>
          <Data name="菜系">
            <value>台式</value>
          </Data>
          <Data name="推薦評審">
            <value>沈方正</value>
          </Data>
          <Data name="地址">
            <value>700臺南市中西區國華街三段123號</value>
          </Data>
          <Data name="營業時間">
            <value>06:00–14:00
15:30–20:00</value>
          </Data>
          <Data name="電話">
            <value>08 780 4726</value>
          </Data>
        </ExtendedData>
      </Placemark>
      <Placemark>
        <name>水仙宮古早味鍋燒麵</name>
        <address>水仙宮古早味鍋燒麵 原味意麵 台南 台式 楊馥如 700臺南市中西區友愛街113號</address>
        <description><![CDATA[總得碗數: 1<br>得獎菜色: 原味意麵<br>地區: 台南<br>菜系: 台式<br>推薦評審: 楊馥如<br>地址: 700臺南市中西區友愛街113號<br>營業時間: 11:00–19:30<br>電話: 06 228 9916]]></description>
        <styleUrl>#icon-1899-0288D1-labelson</styleUrl>
        <ExtendedData>
          <Data name="總得碗數">
            <value>1.0</value>
          </Data>
          <Data name="得獎菜色">
            <value>原味意麵</value>
          </Data>
          <Data name="地區">
            <value>台南</value>
          </Data>
          <Data name="菜系">
            <value>台式</value>
          </Data>
          <Data name="推薦評審">
            <value>楊馥如</value>
          </Data>
          <Data name="地址">
            <value>700臺南市中西區友愛街113號</value>
          </Data>
          <Data name="營業時間">
            <value>11:00–19:30</value>
          </Data>
          <Data name="電話">
            <value>06 228 9916</value>
          </Data>
        </ExtendedData>
      </Placemark>
      <Placemark>
        <name>水仙宮粽葉米糕</name>
        <address>水仙宮粽葉米糕 粽葉米糕 台南 台式 可播兄弟 700臺南市中西區民權路三段44號</address>
        <description><![CDATA[總得碗數: 1<br>得獎菜色: 粽葉米糕<br>地區: 台南<br>菜系: 台式<br>推薦評審: 可播兄弟<br>地址: 700臺南市中西區民權路三段44號<br>營業時間: 16:00–00:30<br>電話: 06 220 2407]]></description>
        <styleUrl>#icon-1899-0288D1-labelson</styleUrl>
        <ExtendedData>
          <Data name="總得碗數">
            <value>1.0</value>
          </Data>
          <Data name="得獎菜色">
            <value>粽葉米糕</value>
          </Data>
          <Data name="地區">
            <value>台南</value>
          </Data>
          <Data name="菜系">
            <value>台式</value>
          </Data>
          <Data name="推薦評審">
            <value>可播兄弟</value>
          </Data>
          <Data name="地址">
            <value>700臺南市中西區民權路三段44號</value>
          </Data>
          <Data name="營業時間">
            <value>16:00–00:30</value>
          </Data>
          <Data name="電話">
            <value>06 220 2407</value>
          </Data>
        </ExtendedData>
      </Placemark>
      <Placemark>
        <name>包成羊肉</name>
        <address>包成羊肉 當歸羊肉湯 台南 台式 沈方正 700臺南市中西區西門路二段7號</address>
        <description><![CDATA[總得碗數: 1<br>得獎菜色: 當歸羊肉湯<br>地區: 台南<br>菜系: 台式<br>推薦評審: 沈方正<br>地址: 700臺南市中西區西門路二段7號<br>營業時間: 05:00–11:00<br>電話: 06 222 8177]]></description>
        <styleUrl>#icon-1899-0288D1-labelson</styleUrl>
        <ExtendedData>
          <Data name="總得碗數">
            <value>1.0</value>
          </Data>
          <Data name="得獎菜色">
            <value>當歸羊肉湯</value>
          </Data>
          <Data name="地區">
            <value>台南</value>
          </Data>
          <Data name="菜系">
            <value>台式</value>
          </Data>
          <Data name="推薦評審">
            <value>沈方正</value>
          </Data>
          <Data name="地址">
            <value>700臺南市中西區西門路二段7號</value>
          </Data>
          <Data name="營業時間">
            <value>05:00–11:00</value>
          </Data>
          <Data name="電話">
            <value>06 222 8177</value>
          </Data>
        </ExtendedData>
      </Placemark>
      <Placemark>
        <name>正宗榨菜肉絲麵（東區直營店）</name>
        <address>正宗榨菜肉絲麵（東區直營店） 榨菜肉絲湯麵                    台南 台式 葉怡蘭 701臺南市東區中華東路三段111號</address>
        <description><![CDATA[總得碗數: 1<br>得獎菜色: 榨菜肉絲湯麵                   <br>地區: 台南<br>菜系: 台式<br>推薦評審: 葉怡蘭<br>地址: 701臺南市東區中華東路三段111號<br>營業時間: 11:00–14:00<br>17:00–21:00<br>電話: 06 267 9962]]></description>
        <styleUrl>#icon-1899-0288D1-labelson</styleUrl>
        <ExtendedData>
          <Data name="總得碗數">
            <value>1.0</value>
          </Data>
          <Data name="得獎菜色">
            <value>榨菜肉絲湯麵                   </value>
          </Data>
          <Data name="地區">
            <value>台南</value>
          </Data>
          <Data name="菜系">
            <value>台式</value>
          </Data>
          <Data name="推薦評審">
            <value>葉怡蘭</value>
          </Data>
          <Data name="地址">
            <value>701臺南市東區中華東路三段111號</value>
          </Data>
          <Data name="營業時間">
            <value>11:00–14:00
17:00–21:00</value>
          </Data>
          <Data name="電話">
            <value>06 267 9962</value>
          </Data>
        </ExtendedData>
      </Placemark>
      <Placemark>
        <name>永記虱目魚丸</name>
        <address>永記虱目魚丸 肉燥飯 台南 台式 蔡舜任 700臺南市中西區開山路82之1號</address>
        <description><![CDATA[總得碗數: 1<br>得獎菜色: 肉燥飯<br>地區: 台南<br>菜系: 台式<br>推薦評審: 蔡舜任<br>地址: 700臺南市中西區開山路82之1號<br>營業時間: 06:30–13:30<br>電話: 06 222 3325]]></description>
        <styleUrl>#icon-1899-0288D1-labelson</styleUrl>
        <ExtendedData>
          <Data name="總得碗數">
            <value>1.0</value>
          </Data>
          <Data name="得獎菜色">
            <value>肉燥飯</value>
          </Data>
          <Data name="地區">
            <value>台南</value>
          </Data>
          <Data name="菜系">
            <value>台式</value>
          </Data>
          <Data name="推薦評審">
            <value>蔡舜任</value>
          </Data>
          <Data name="地址">
            <value>700臺南市中西區開山路82之1號</value>
          </Data>
          <Data name="營業時間">
            <value>06:30–13:30</value>
          </Data>
          <Data name="電話">
            <value>06 222 3325</value>
          </Data>
        </ExtendedData>
      </Placemark>
      <Placemark>
        <name>竹海產</name>
        <address>竹海產 生腸頭 台南 台式 徐仲 700臺南市中西區民族路二段252號</address>
        <description><![CDATA[總得碗數: 1<br>得獎菜色: 生腸頭<br>地區: 台南<br>菜系: 台式<br>推薦評審: 徐仲<br>地址: 700臺南市中西區民族路二段252號<br>營業時間: 17:00–23:00<br>電話: 06 221 0946]]></description>
        <styleUrl>#icon-1899-0288D1-labelson</styleUrl>
        <ExtendedData>
          <Data name="總得碗數">
            <value>1.0</value>
          </Data>
          <Data name="得獎菜色">
            <value>生腸頭</value>
          </Data>
          <Data name="地區">
            <value>台南</value>
          </Data>
          <Data name="菜系">
            <value>台式</value>
          </Data>
          <Data name="推薦評審">
            <value>徐仲</value>
          </Data>
          <Data name="地址">
            <value>700臺南市中西區民族路二段252號</value>
          </Data>
          <Data name="營業時間">
            <value>17:00–23:00</value>
          </Data>
          <Data name="電話">
            <value>06 221 0946</value>
          </Data>
        </ExtendedData>
      </Placemark>
      <Placemark>
        <name>竹記冬菜鴨</name>
        <address>竹記冬菜鴨 冬粉湯＆原味鴨肉切盤 台南 台式 葉怡蘭 700臺南市中西區中山路47號</address>
        <description><![CDATA[總得碗數: 1<br>得獎菜色: 冬粉湯＆原味鴨肉切盤<br>地區: 台南<br>菜系: 台式<br>推薦評審: 葉怡蘭<br>地址: 700臺南市中西區中山路47號<br>營業時間: 12:00–14:30<br>16:30–19:30<br>電話: 06 222 7872]]></description>
        <styleUrl>#icon-1899-0288D1-labelson</styleUrl>
        <ExtendedData>
          <Data name="總得碗數">
            <value>1.0</value>
          </Data>
          <Data name="得獎菜色">
            <value>冬粉湯＆原味鴨肉切盤</value>
          </Data>
          <Data name="地區">
            <value>台南</value>
          </Data>
          <Data name="菜系">
            <value>台式</value>
          </Data>
          <Data name="推薦評審">
            <value>葉怡蘭</value>
          </Data>
          <Data name="地址">
            <value>700臺南市中西區中山路47號</value>
          </Data>
          <Data name="營業時間">
            <value>12:00–14:30
16:30–19:30</value>
          </Data>
          <Data name="電話">
            <value>06 222 7872</value>
          </Data>
        </ExtendedData>
      </Placemark>
      <Placemark>
        <name>佑師絕鼎炒飯專門店</name>
        <address>佑師絕鼎炒飯專門店 火爆小卷炒飯 台南 台式 高靜玉 710臺南市永康區大仁街207-4號</address>
        <description><![CDATA[總得碗數: 1<br>得獎菜色: 火爆小卷炒飯<br>地區: 台南<br>菜系: 台式<br>推薦評審: 高靜玉<br>地址: 710臺南市永康區大仁街207-4號<br>營業時間: 10:30–14:00<br>16:30–20:30<br>電話: 0987 359 677]]></description>
        <styleUrl>#icon-1899-0288D1-labelson</styleUrl>
        <ExtendedData>
          <Data name="總得碗數">
            <value>1.0</value>
          </Data>
          <Data name="得獎菜色">
            <value>火爆小卷炒飯</value>
          </Data>
          <Data name="地區">
            <value>台南</value>
          </Data>
          <Data name="菜系">
            <value>台式</value>
          </Data>
          <Data name="推薦評審">
            <value>高靜玉</value>
          </Data>
          <Data name="地址">
            <value>710臺南市永康區大仁街207-4號</value>
          </Data>
          <Data name="營業時間">
            <value>10:30–14:00
16:30–20:30</value>
          </Data>
          <Data name="電話">
            <value>0987 359 677</value>
          </Data>
        </ExtendedData>
      </Placemark>
      <Placemark>
        <name>你我他之家</name>
        <address>你我他之家 鹽水鴨翅 台南 台式 鍾欣凌 700臺南市中西區西門路一段703巷26號</address>
        <description><![CDATA[總得碗數: 1<br>得獎菜色: 鹽水鴨翅<br>地區: 台南<br>菜系: 台式<br>推薦評審: 鍾欣凌<br>地址: 700臺南市中西區西門路一段703巷26號<br>營業時間: 06 225 1396<br>電話: 06 225 1396]]></description>
        <styleUrl>#icon-1899-0288D1-labelson</styleUrl>
        <ExtendedData>
          <Data name="總得碗數">
            <value>1.0</value>
          </Data>
          <Data name="得獎菜色">
            <value>鹽水鴨翅</value>
          </Data>
          <Data name="地區">
            <value>台南</value>
          </Data>
          <Data name="菜系">
            <value>台式</value>
          </Data>
          <Data name="推薦評審">
            <value>鍾欣凌</value>
          </Data>
          <Data name="地址">
            <value>700臺南市中西區西門路一段703巷26號</value>
          </Data>
          <Data name="營業時間">
            <value>06 225 1396</value>
          </Data>
          <Data name="電話">
            <value>06 225 1396</value>
          </Data>
        </ExtendedData>
      </Placemark>
      <Placemark>
        <name>叁號川味小館創始總店</name>
        <address>叁號川味小館創始總店 滷肉紅薯粉 台南 台式 楊馥如 702臺南市南區鹽埕路291巷27弄3號</address>
        <description><![CDATA[總得碗數: 1<br>得獎菜色: 滷肉紅薯粉<br>地區: 台南<br>菜系: 台式<br>推薦評審: 楊馥如<br>地址: 702臺南市南區鹽埕路291巷27弄3號<br>營業時間: 11:30–14:00<br>16:30–20:00<br>電話: 0981 205 757]]></description>
        <styleUrl>#icon-1899-0288D1-labelson</styleUrl>
        <ExtendedData>
          <Data name="總得碗數">
            <value>1.0</value>
          </Data>
          <Data name="得獎菜色">
            <value>滷肉紅薯粉</value>
          </Data>
          <Data name="地區">
            <value>台南</value>
          </Data>
          <Data name="菜系">
            <value>台式</value>
          </Data>
          <Data name="推薦評審">
            <value>楊馥如</value>
          </Data>
          <Data name="地址">
            <value>702臺南市南區鹽埕路291巷27弄3號</value>
          </Data>
          <Data name="營業時間">
            <value>11:30–14:00
16:30–20:00</value>
          </Data>
          <Data name="電話">
            <value>0981 205 757</value>
          </Data>
        </ExtendedData>
      </Placemark>
      <Placemark>
        <name>和が家日式家庭料理</name>
        <address>和が家日式家庭料理 雞皮仙貝 台南 台式 蔡舜任 700臺南市中西區民權路二段50號</address>
        <description><![CDATA[總得碗數: 1<br>得獎菜色: 雞皮仙貝<br>地區: 台南<br>菜系: 台式<br>推薦評審: 蔡舜任<br>地址: 700臺南市中西區民權路二段50號<br>營業時間: 18:00–00:00<br>電話: 06 221 8818]]></description>
        <styleUrl>#icon-1899-0288D1-labelson</styleUrl>
        <ExtendedData>
          <Data name="總得碗數">
            <value>1.0</value>
          </Data>
          <Data name="得獎菜色">
            <value>雞皮仙貝</value>
          </Data>
          <Data name="地區">
            <value>台南</value>
          </Data>
          <Data name="菜系">
            <value>台式</value>
          </Data>
          <Data name="推薦評審">
            <value>蔡舜任</value>
          </Data>
          <Data name="地址">
            <value>700臺南市中西區民權路二段50號</value>
          </Data>
          <Data name="營業時間">
            <value>18:00–00:00</value>
          </Data>
          <Data name="電話">
            <value>06 221 8818</value>
          </Data>
        </ExtendedData>
      </Placemark>
      <Placemark>
        <name>咖哩鬥陣</name>
        <address>咖哩鬥陣 酸辣豬肉咖哩 台南 台式 郭銘哲 700臺南市中西區普濟街53號</address>
        <description><![CDATA[總得碗數: 1<br>得獎菜色: 酸辣豬肉咖哩<br>地區: 台南<br>菜系: 台式<br>推薦評審: 郭銘哲<br>地址: 700臺南市中西區普濟街53號<br>營業時間: 12:00–14:00<br>18:00–20:00<br>電話: 0920 403 757]]></description>
        <styleUrl>#icon-1899-0288D1-labelson</styleUrl>
        <ExtendedData>
          <Data name="總得碗數">
            <value>1.0</value>
          </Data>
          <Data name="得獎菜色">
            <value>酸辣豬肉咖哩</value>
          </Data>
          <Data name="地區">
            <value>台南</value>
          </Data>
          <Data name="菜系">
            <value>台式</value>
          </Data>
          <Data name="推薦評審">
            <value>郭銘哲</value>
          </Data>
          <Data name="地址">
            <value>700臺南市中西區普濟街53號</value>
          </Data>
          <Data name="營業時間">
            <value>12:00–14:00
18:00–20:00</value>
          </Data>
          <Data name="電話">
            <value>0920 403 757</value>
          </Data>
        </ExtendedData>
      </Placemark>
      <Placemark>
        <name>松大沙茶爐</name>
        <address>松大沙茶爐 牛肉沙茶爐 台南 台式 楊馥如 700臺南市中西區成功路439號</address>
        <description><![CDATA[總得碗數: 1<br>得獎菜色: 牛肉沙茶爐<br>地區: 台南<br>菜系: 台式<br>推薦評審: 楊馥如<br>地址: 700臺南市中西區成功路439號<br>營業時間: 17:00–01:00<br>電話: 06 226 0028]]></description>
        <styleUrl>#icon-1899-0288D1-labelson</styleUrl>
        <ExtendedData>
          <Data name="總得碗數">
            <value>1.0</value>
          </Data>
          <Data name="得獎菜色">
            <value>牛肉沙茶爐</value>
          </Data>
          <Data name="地區">
            <value>台南</value>
          </Data>
          <Data name="菜系">
            <value>台式</value>
          </Data>
          <Data name="推薦評審">
            <value>楊馥如</value>
          </Data>
          <Data name="地址">
            <value>700臺南市中西區成功路439號</value>
          </Data>
          <Data name="營業時間">
            <value>17:00–01:00</value>
          </Data>
          <Data name="電話">
            <value>06 226 0028</value>
          </Data>
        </ExtendedData>
      </Placemark>
      <Placemark>
        <name>炒鱔魚專家</name>
        <address>炒鱔魚專家 鱔魚意麵 台南 台式 宇宙人 701臺南市東區東門路二段314號</address>
        <description><![CDATA[總得碗數: 1<br>得獎菜色: 鱔魚意麵<br>地區: 台南<br>菜系: 台式<br>推薦評審: 宇宙人<br>地址: 701臺南市東區東門路二段314號<br>營業時間: 15:30–20:30<br>電話: 06 269 4287]]></description>
        <styleUrl>#icon-1899-0288D1-labelson</styleUrl>
        <ExtendedData>
          <Data name="總得碗數">
            <value>1.0</value>
          </Data>
          <Data name="得獎菜色">
            <value>鱔魚意麵</value>
          </Data>
          <Data name="地區">
            <value>台南</value>
          </Data>
          <Data name="菜系">
            <value>台式</value>
          </Data>
          <Data name="推薦評審">
            <value>宇宙人</value>
          </Data>
          <Data name="地址">
            <value>701臺南市東區東門路二段314號</value>
          </Data>
          <Data name="營業時間">
            <value>15:30–20:30</value>
          </Data>
          <Data name="電話">
            <value>06 269 4287</value>
          </Data>
        </ExtendedData>
      </Placemark>
      <Placemark>
        <name>芳仔香腸熟肉 </name>
        <address>芳仔香腸熟肉  綜合切料 台南 台式 郭銘哲 702臺南市南區賢南街67號</address>
        <description><![CDATA[總得碗數: 1<br>得獎菜色: 綜合切料<br>地區: 台南<br>菜系: 台式<br>推薦評審: 郭銘哲<br>地址: 702臺南市南區賢南街67號<br>營業時間: 11:30–18:00<br>電話: 06 265 2714]]></description>
        <styleUrl>#icon-1899-0288D1-labelson</styleUrl>
        <ExtendedData>
          <Data name="總得碗數">
            <value>1.0</value>
          </Data>
          <Data name="得獎菜色">
            <value>綜合切料</value>
          </Data>
          <Data name="地區">
            <value>台南</value>
          </Data>
          <Data name="菜系">
            <value>台式</value>
          </Data>
          <Data name="推薦評審">
            <value>郭銘哲</value>
          </Data>
          <Data name="地址">
            <value>702臺南市南區賢南街67號</value>
          </Data>
          <Data name="營業時間">
            <value>11:30–18:00</value>
          </Data>
          <Data name="電話">
            <value>06 265 2714</value>
          </Data>
        </ExtendedData>
      </Placemark>
      <Placemark>
        <name>邱家小卷米粉</name>
        <address>邱家小卷米粉 小卷米粉 台南 台式 蔣勳 700臺南市中西區國華街三段251號</address>
        <description><![CDATA[總得碗數: 1<br>得獎菜色: 小卷米粉<br>地區: 台南<br>菜系: 台式<br>推薦評審: 蔣勳<br>地址: 700臺南市中西區國華街三段251號<br>營業時間: 11:00–17:00<br>電話: 06 221 0517]]></description>
        <styleUrl>#icon-1899-0288D1-labelson</styleUrl>
        <ExtendedData>
          <Data name="總得碗數">
            <value>1.0</value>
          </Data>
          <Data name="得獎菜色">
            <value>小卷米粉</value>
          </Data>
          <Data name="地區">
            <value>台南</value>
          </Data>
          <Data name="菜系">
            <value>台式</value>
          </Data>
          <Data name="推薦評審">
            <value>蔣勳</value>
          </Data>
          <Data name="地址">
            <value>700臺南市中西區國華街三段251號</value>
          </Data>
          <Data name="營業時間">
            <value>11:00–17:00</value>
          </Data>
          <Data name="電話">
            <value>06 221 0517</value>
          </Data>
        </ExtendedData>
      </Placemark>
      <Placemark>
        <name>阿元羊肉店</name>
        <address>阿元羊肉店 溫體羊肉料理 台南 台式 陳泰銘 710臺南市永康區中華路659-3號</address>
        <description><![CDATA[總得碗數: 1<br>得獎菜色: 溫體羊肉料理<br>地區: 台南<br>菜系: 台式<br>推薦評審: 陳泰銘<br>地址: 710臺南市永康區中華路659-3號<br>營業時間: 17:00–00:00<br>電話: 06 233 4083]]></description>
        <styleUrl>#icon-1899-0288D1-labelson</styleUrl>
        <ExtendedData>
          <Data name="總得碗數">
            <value>1.0</value>
          </Data>
          <Data name="得獎菜色">
            <value>溫體羊肉料理</value>
          </Data>
          <Data name="地區">
            <value>台南</value>
          </Data>
          <Data name="菜系">
            <value>台式</value>
          </Data>
          <Data name="推薦評審">
            <value>陳泰銘</value>
          </Data>
          <Data name="地址">
            <value>710臺南市永康區中華路659-3號</value>
          </Data>
          <Data name="營業時間">
            <value>17:00–00:00</value>
          </Data>
          <Data name="電話">
            <value>06 233 4083</value>
          </Data>
        </ExtendedData>
      </Placemark>
      <Placemark>
        <name>阿牛牛肉湯</name>
        <address>阿牛牛肉湯 牛雜湯 台南 台式 葉怡蘭 701臺南市東區小東路250-3號</address>
        <description><![CDATA[總得碗數: 1<br>得獎菜色: 牛雜湯<br>地區: 台南<br>菜系: 台式<br>推薦評審: 葉怡蘭<br>地址: 701臺南市東區小東路250-3號<br>營業時間: 06:30–21:00<br>電話: 06 274 4707]]></description>
        <styleUrl>#icon-1899-0288D1-labelson</styleUrl>
        <ExtendedData>
          <Data name="總得碗數">
            <value>1.0</value>
          </Data>
          <Data name="得獎菜色">
            <value>牛雜湯</value>
          </Data>
          <Data name="地區">
            <value>台南</value>
          </Data>
          <Data name="菜系">
            <value>台式</value>
          </Data>
          <Data name="推薦評審">
            <value>葉怡蘭</value>
          </Data>
          <Data name="地址">
            <value>701臺南市東區小東路250-3號</value>
          </Data>
          <Data name="營業時間">
            <value>06:30–21:00</value>
          </Data>
          <Data name="電話">
            <value>06 274 4707</value>
          </Data>
        </ExtendedData>
      </Placemark>
      <Placemark>
        <name>阿助麻豆碗粿</name>
        <address>阿助麻豆碗粿 碗粿 肉羹 台南 台式 宇宙人 721臺南市麻豆區平等路59號</address>
        <description><![CDATA[總得碗數: 1<br>得獎菜色: 碗粿 肉羹<br>地區: 台南<br>菜系: 台式<br>推薦評審: 宇宙人<br>地址: 721臺南市麻豆區平等路59號<br>營業時間: 06:00–13:00<br>電話: 06 572 0883]]></description>
        <styleUrl>#icon-1899-0288D1-labelson</styleUrl>
        <ExtendedData>
          <Data name="總得碗數">
            <value>1.0</value>
          </Data>
          <Data name="得獎菜色">
            <value>碗粿 肉羹</value>
          </Data>
          <Data name="地區">
            <value>台南</value>
          </Data>
          <Data name="菜系">
            <value>台式</value>
          </Data>
          <Data name="推薦評審">
            <value>宇宙人</value>
          </Data>
          <Data name="地址">
            <value>721臺南市麻豆區平等路59號</value>
          </Data>
          <Data name="營業時間">
            <value>06:00–13:00</value>
          </Data>
          <Data name="電話">
            <value>06 572 0883</value>
          </Data>
        </ExtendedData>
      </Placemark>
      <Placemark>
        <name>阿財牛肉湯</name>
        <address>阿財牛肉湯 牛肉湯 台南 台式 迪拉 708臺南市安平區古堡街5號</address>
        <description><![CDATA[總得碗數: 1<br>得獎菜色: 牛肉湯<br>地區: 台南<br>菜系: 台式<br>推薦評審: 迪拉<br>地址: 708臺南市安平區古堡街5號<br>營業時間: 12:00–21:00<br>電話: 06 226 1252]]></description>
        <styleUrl>#icon-1899-0288D1-labelson</styleUrl>
        <ExtendedData>
          <Data name="總得碗數">
            <value>1.0</value>
          </Data>
          <Data name="得獎菜色">
            <value>牛肉湯</value>
          </Data>
          <Data name="地區">
            <value>台南</value>
          </Data>
          <Data name="菜系">
            <value>台式</value>
          </Data>
          <Data name="推薦評審">
            <value>迪拉</value>
          </Data>
          <Data name="地址">
            <value>708臺南市安平區古堡街5號</value>
          </Data>
          <Data name="營業時間">
            <value>12:00–21:00</value>
          </Data>
          <Data name="電話">
            <value>06 226 1252</value>
          </Data>
        </ExtendedData>
      </Placemark>
      <Placemark>
        <name>阿財點心(詹)</name>
        <address>阿財點心(詹) 香腸熟肉 台南 台式 謝忠道 700臺南市中西區友愛街206巷6號沙卡里巴(康寧)市場內</address>
        <description><![CDATA[總得碗數: 1<br>得獎菜色: 香腸熟肉<br>地區: 台南<br>菜系: 台式<br>推薦評審: 謝忠道<br>地址: 700臺南市中西區友愛街206巷6號沙卡里巴(康寧)市場內<br>營業時間: 10:30–17:00<br>電話: 06 224 6673]]></description>
        <styleUrl>#icon-1899-0288D1-labelson</styleUrl>
        <ExtendedData>
          <Data name="總得碗數">
            <value>1.0</value>
          </Data>
          <Data name="得獎菜色">
            <value>香腸熟肉</value>
          </Data>
          <Data name="地區">
            <value>台南</value>
          </Data>
          <Data name="菜系">
            <value>台式</value>
          </Data>
          <Data name="推薦評審">
            <value>謝忠道</value>
          </Data>
          <Data name="地址">
            <value>700臺南市中西區友愛街206巷6號沙卡里巴(康寧)市場內</value>
          </Data>
          <Data name="營業時間">
            <value>10:30–17:00</value>
          </Data>
          <Data name="電話">
            <value>06 224 6673</value>
          </Data>
        </ExtendedData>
      </Placemark>
      <Placemark>
        <name>阿義米粿</name>
        <address>阿義米粿 煎魚腸  台南 台式 番紅花 718臺南市關廟區忠孝街68號</address>
        <description><![CDATA[總得碗數: 1<br>得獎菜色: 煎魚腸 <br>地區: 台南<br>菜系: 台式<br>推薦評審: 番紅花<br>地址: 718臺南市關廟區忠孝街68號<br>營業時間: 06:30–10:30<br>電話: 06 596 0292]]></description>
        <styleUrl>#icon-1899-0288D1-labelson</styleUrl>
        <ExtendedData>
          <Data name="總得碗數">
            <value>1.0</value>
          </Data>
          <Data name="得獎菜色">
            <value>煎魚腸 </value>
          </Data>
          <Data name="地區">
            <value>台南</value>
          </Data>
          <Data name="菜系">
            <value>台式</value>
          </Data>
          <Data name="推薦評審">
            <value>番紅花</value>
          </Data>
          <Data name="地址">
            <value>718臺南市關廟區忠孝街68號</value>
          </Data>
          <Data name="營業時間">
            <value>06:30–10:30</value>
          </Data>
          <Data name="電話">
            <value>06 596 0292</value>
          </Data>
        </ExtendedData>
      </Placemark>
      <Placemark>
        <name>阿龍香腸熟肉</name>
        <address>阿龍香腸熟肉 台南肉燥飯 台南 台式 肥波開吃啦 700臺南市中西區保安路34號</address>
        <description><![CDATA[總得碗數: 1<br>得獎菜色: 台南肉燥飯<br>地區: 台南<br>菜系: 台式<br>推薦評審: 肥波開吃啦<br>地址: 700臺南市中西區保安路34號<br>營業時間: 10:30–19:00<br>電話: ]]></description>
        <styleUrl>#icon-1899-0288D1-labelson</styleUrl>
        <ExtendedData>
          <Data name="總得碗數">
            <value>1.0</value>
          </Data>
          <Data name="得獎菜色">
            <value>台南肉燥飯</value>
          </Data>
          <Data name="地區">
            <value>台南</value>
          </Data>
          <Data name="菜系">
            <value>台式</value>
          </Data>
          <Data name="推薦評審">
            <value>肥波開吃啦</value>
          </Data>
          <Data name="地址">
            <value>700臺南市中西區保安路34號</value>
          </Data>
          <Data name="營業時間">
            <value>10:30–19:00</value>
          </Data>
          <Data name="電話">
            <value/>
          </Data>
        </ExtendedData>
      </Placemark>
      <Placemark>
        <name>阿鳳肉粿</name>
        <address>阿鳳肉粿 肉粿 台南 台式 韓勾ㄟ金針菇  712臺南市新化區太平里中正路605號</address>
        <description><![CDATA[總得碗數: 1<br>得獎菜色: 肉粿<br>地區: 台南<br>菜系: 台式<br>推薦評審: 韓勾ㄟ金針菇 <br>地址: 712臺南市新化區太平里中正路605號<br>營業時間: 11:45–18:30<br>電話: 0989 595 128]]></description>
        <styleUrl>#icon-1899-0288D1-labelson</styleUrl>
        <ExtendedData>
          <Data name="總得碗數">
            <value>1.0</value>
          </Data>
          <Data name="得獎菜色">
            <value>肉粿</value>
          </Data>
          <Data name="地區">
            <value>台南</value>
          </Data>
          <Data name="菜系">
            <value>台式</value>
          </Data>
          <Data name="推薦評審">
            <value>韓勾ㄟ金針菇 </value>
          </Data>
          <Data name="地址">
            <value>712臺南市新化區太平里中正路605號</value>
          </Data>
          <Data name="營業時間">
            <value>11:45–18:30</value>
          </Data>
          <Data name="電話">
            <value>0989 595 128</value>
          </Data>
        </ExtendedData>
      </Placemark>
      <Placemark>
        <name>度小月擔仔麵 中正旗艦店</name>
        <address>度小月擔仔麵 中正旗艦店 台灣老味白菜魯 台南 台式 謝忠道 700臺南市中西區中正路101號</address>
        <description><![CDATA[總得碗數: 1<br>得獎菜色: 台灣老味白菜魯<br>地區: 台南<br>菜系: 台式<br>推薦評審: 謝忠道<br>地址: 700臺南市中西區中正路101號<br>營業時間: 11:00–14:20<br>17:00–20:40<br>電話: 06 220 0858]]></description>
        <styleUrl>#icon-1899-0288D1-labelson</styleUrl>
        <ExtendedData>
          <Data name="總得碗數">
            <value>1.0</value>
          </Data>
          <Data name="得獎菜色">
            <value>台灣老味白菜魯</value>
          </Data>
          <Data name="地區">
            <value>台南</value>
          </Data>
          <Data name="菜系">
            <value>台式</value>
          </Data>
          <Data name="推薦評審">
            <value>謝忠道</value>
          </Data>
          <Data name="地址">
            <value>700臺南市中西區中正路101號</value>
          </Data>
          <Data name="營業時間">
            <value>11:00–14:20
17:00–20:40</value>
          </Data>
          <Data name="電話">
            <value>06 220 0858</value>
          </Data>
        </ExtendedData>
      </Placemark>
      <Placemark>
        <name>美鮮牛肉湯</name>
        <address>美鮮牛肉湯 牛肉蛋炒飯(不加菜) 台南 台式 張小均 (我要征服臺南牛肉湯!!!) 702臺南市南區新興路419之1號</address>
        <description><![CDATA[總得碗數: 1<br>得獎菜色: 牛肉蛋炒飯(不加菜)<br>地區: 台南<br>菜系: 台式<br>推薦評審: 張小均 (我要征服臺南牛肉湯!!!)<br>地址: 702臺南市南區新興路419之1號<br>營業時間: 24小時營業<br>電話: 0908 315 238]]></description>
        <styleUrl>#icon-1899-0288D1-labelson</styleUrl>
        <ExtendedData>
          <Data name="總得碗數">
            <value>1.0</value>
          </Data>
          <Data name="得獎菜色">
            <value>牛肉蛋炒飯(不加菜)</value>
          </Data>
          <Data name="地區">
            <value>台南</value>
          </Data>
          <Data name="菜系">
            <value>台式</value>
          </Data>
          <Data name="推薦評審">
            <value>張小均 (我要征服臺南牛肉湯!!!)</value>
          </Data>
          <Data name="地址">
            <value>702臺南市南區新興路419之1號</value>
          </Data>
          <Data name="營業時間">
            <value>24小時營業</value>
          </Data>
          <Data name="電話">
            <value>0908 315 238</value>
          </Data>
        </ExtendedData>
      </Placemark>
      <Placemark>
        <name>海安牛肉食堂</name>
        <address>海安牛肉食堂 五花牛肉湯 台南 台式 番紅花 700臺南市中西區海安路一段27號</address>
        <description><![CDATA[總得碗數: 1<br>得獎菜色: 五花牛肉湯<br>地區: 台南<br>菜系: 台式<br>推薦評審: 番紅花<br>地址: 700臺南市中西區海安路一段27號<br>營業時間: 09:00–20:30<br>電話: 06 223 7118]]></description>
        <styleUrl>#icon-1899-0288D1-labelson</styleUrl>
        <ExtendedData>
          <Data name="總得碗數">
            <value>1.0</value>
          </Data>
          <Data name="得獎菜色">
            <value>五花牛肉湯</value>
          </Data>
          <Data name="地區">
            <value>台南</value>
          </Data>
          <Data name="菜系">
            <value>台式</value>
          </Data>
          <Data name="推薦評審">
            <value>番紅花</value>
          </Data>
          <Data name="地址">
            <value>700臺南市中西區海安路一段27號</value>
          </Data>
          <Data name="營業時間">
            <value>09:00–20:30</value>
          </Data>
          <Data name="電話">
            <value>06 223 7118</value>
          </Data>
        </ExtendedData>
      </Placemark>
      <Placemark>
        <name>烏家庄</name>
        <address>烏家庄 鹽焗雞 台南 台式 楊馥如 700臺南市中西區永華路一段78號</address>
        <description><![CDATA[總得碗數: 1<br>得獎菜色: 鹽焗雞<br>地區: 台南<br>菜系: 台式<br>推薦評審: 楊馥如<br>地址: 700臺南市中西區永華路一段78號<br>營業時間: 11:30–14:00<br>16:00–22:00<br>電話: 06 229 6500]]></description>
        <styleUrl>#icon-1899-0288D1-labelson</styleUrl>
        <ExtendedData>
          <Data name="總得碗數">
            <value>1.0</value>
          </Data>
          <Data name="得獎菜色">
            <value>鹽焗雞</value>
          </Data>
          <Data name="地區">
            <value>台南</value>
          </Data>
          <Data name="菜系">
            <value>台式</value>
          </Data>
          <Data name="推薦評審">
            <value>楊馥如</value>
          </Data>
          <Data name="地址">
            <value>700臺南市中西區永華路一段78號</value>
          </Data>
          <Data name="營業時間">
            <value>11:30–14:00
16:00–22:00</value>
          </Data>
          <Data name="電話">
            <value>06 229 6500</value>
          </Data>
        </ExtendedData>
      </Placemark>
      <Placemark>
        <name>清子香腸熟肉</name>
        <address>清子香腸熟肉 豬肺和豬肺粿雙拼 台南 台式 徐仲 700臺南市中西區民族路二段248號</address>
        <description><![CDATA[總得碗數: 1<br>得獎菜色: 豬肺和豬肺粿雙拼<br>地區: 台南<br>菜系: 台式<br>推薦評審: 徐仲<br>地址: 700臺南市中西區民族路二段248號<br>營業時間: 11:00–19:00<br>電話: 06 220 6158]]></description>
        <styleUrl>#icon-1899-0288D1-labelson</styleUrl>
        <ExtendedData>
          <Data name="總得碗數">
            <value>1.0</value>
          </Data>
          <Data name="得獎菜色">
            <value>豬肺和豬肺粿雙拼</value>
          </Data>
          <Data name="地區">
            <value>台南</value>
          </Data>
          <Data name="菜系">
            <value>台式</value>
          </Data>
          <Data name="推薦評審">
            <value>徐仲</value>
          </Data>
          <Data name="地址">
            <value>700臺南市中西區民族路二段248號</value>
          </Data>
          <Data name="營業時間">
            <value>11:00–19:00</value>
          </Data>
          <Data name="電話">
            <value>06 220 6158</value>
          </Data>
        </ExtendedData>
      </Placemark>
      <Placemark>
        <name>許記小館（榮譽店）</name>
        <address>許記小館（榮譽店） 豆乳雞 台南 台式 蔡舜任 701臺南市東區榮譽街110號</address>
        <description><![CDATA[總得碗數: 1<br>得獎菜色: 豆乳雞<br>地區: 台南<br>菜系: 台式<br>推薦評審: 蔡舜任<br>地址: 701臺南市東區榮譽街110號<br>營業時間: 11:00–14:00<br>17:00–21:00<br>電話: 06 289 0683]]></description>
        <styleUrl>#icon-1899-0288D1-labelson</styleUrl>
        <ExtendedData>
          <Data name="總得碗數">
            <value>1.0</value>
          </Data>
          <Data name="得獎菜色">
            <value>豆乳雞</value>
          </Data>
          <Data name="地區">
            <value>台南</value>
          </Data>
          <Data name="菜系">
            <value>台式</value>
          </Data>
          <Data name="推薦評審">
            <value>蔡舜任</value>
          </Data>
          <Data name="地址">
            <value>701臺南市東區榮譽街110號</value>
          </Data>
          <Data name="營業時間">
            <value>11:00–14:00
17:00–21:00</value>
          </Data>
          <Data name="電話">
            <value>06 289 0683</value>
          </Data>
        </ExtendedData>
      </Placemark>
      <Placemark>
        <name>陳家汕頭意麵</name>
        <address>陳家汕頭意麵 魚冊魚餃湯 台南 台式 葉怡蘭 704臺南市北區公園南路6號</address>
        <description><![CDATA[總得碗數: 1<br>得獎菜色: 魚冊魚餃湯<br>地區: 台南<br>菜系: 台式<br>推薦評審: 葉怡蘭<br>地址: 704臺南市北區公園南路6號<br>營業時間: 07:30–14:30<br>電話: 06 226 0449]]></description>
        <styleUrl>#icon-1899-0288D1-labelson</styleUrl>
        <ExtendedData>
          <Data name="總得碗數">
            <value>1.0</value>
          </Data>
          <Data name="得獎菜色">
            <value>魚冊魚餃湯</value>
          </Data>
          <Data name="地區">
            <value>台南</value>
          </Data>
          <Data name="菜系">
            <value>台式</value>
          </Data>
          <Data name="推薦評審">
            <value>葉怡蘭</value>
          </Data>
          <Data name="地址">
            <value>704臺南市北區公園南路6號</value>
          </Data>
          <Data name="營業時間">
            <value>07:30–14:30</value>
          </Data>
          <Data name="電話">
            <value>06 226 0449</value>
          </Data>
        </ExtendedData>
      </Placemark>
      <Placemark>
        <name>魚壽司</name>
        <address>魚壽司 鮮蚵醋 台南 台式 楊馥如 700臺南市中西區府前路一段29號</address>
        <description><![CDATA[總得碗數: 1<br>得獎菜色: 鮮蚵醋<br>地區: 台南<br>菜系: 台式<br>推薦評審: 楊馥如<br>地址: 700臺南市中西區府前路一段29號<br>營業時間: 18:00–01:00<br>電話: 06 213 6837]]></description>
        <styleUrl>#icon-1899-0288D1-labelson</styleUrl>
        <ExtendedData>
          <Data name="總得碗數">
            <value>1.0</value>
          </Data>
          <Data name="得獎菜色">
            <value>鮮蚵醋</value>
          </Data>
          <Data name="地區">
            <value>台南</value>
          </Data>
          <Data name="菜系">
            <value>台式</value>
          </Data>
          <Data name="推薦評審">
            <value>楊馥如</value>
          </Data>
          <Data name="地址">
            <value>700臺南市中西區府前路一段29號</value>
          </Data>
          <Data name="營業時間">
            <value>18:00–01:00</value>
          </Data>
          <Data name="電話">
            <value>06 213 6837</value>
          </Data>
        </ExtendedData>
      </Placemark>
      <Placemark>
        <name>單子葉家庭料理 </name>
        <address>單子葉家庭料理  當日菜單 台南 台式 楊馥如 701臺南市東區育樂街201-3號1樓</address>
        <description><![CDATA[總得碗數: 1<br>得獎菜色: 當日菜單<br>地區: 台南<br>菜系: 台式<br>推薦評審: 楊馥如<br>地址: 701臺南市東區育樂街201-3號1樓<br>營業時間: 11:00–20:00<br>電話: 0933 591 087]]></description>
        <styleUrl>#icon-1899-0288D1-labelson</styleUrl>
        <ExtendedData>
          <Data name="總得碗數">
            <value>1.0</value>
          </Data>
          <Data name="得獎菜色">
            <value>當日菜單</value>
          </Data>
          <Data name="地區">
            <value>台南</value>
          </Data>
          <Data name="菜系">
            <value>台式</value>
          </Data>
          <Data name="推薦評審">
            <value>楊馥如</value>
          </Data>
          <Data name="地址">
            <value>701臺南市東區育樂街201-3號1樓</value>
          </Data>
          <Data name="營業時間">
            <value>11:00–20:00</value>
          </Data>
          <Data name="電話">
            <value>0933 591 087</value>
          </Data>
        </ExtendedData>
      </Placemark>
      <Placemark>
        <name>朝清麵店•現做春捲</name>
        <address>朝清麵店•現做春捲 潤餅 台南 台式 劉克襄 730臺南市新營區三民路36號</address>
        <description><![CDATA[總得碗數: 1<br>得獎菜色: 潤餅<br>地區: 台南<br>菜系: 台式<br>推薦評審: 劉克襄<br>地址: 730臺南市新營區三民路36號<br>營業時間: 06:00–10:30<br>電話: 0973 078 254]]></description>
        <styleUrl>#icon-1899-0288D1-labelson</styleUrl>
        <ExtendedData>
          <Data name="總得碗數">
            <value>1.0</value>
          </Data>
          <Data name="得獎菜色">
            <value>潤餅</value>
          </Data>
          <Data name="地區">
            <value>台南</value>
          </Data>
          <Data name="菜系">
            <value>台式</value>
          </Data>
          <Data name="推薦評審">
            <value>劉克襄</value>
          </Data>
          <Data name="地址">
            <value>730臺南市新營區三民路36號</value>
          </Data>
          <Data name="營業時間">
            <value>06:00–10:30</value>
          </Data>
          <Data name="電話">
            <value>0973 078 254</value>
          </Data>
        </ExtendedData>
      </Placemark>
      <Placemark>
        <name>進福炒鱔魚專家</name>
        <address>進福炒鱔魚專家 炒鱔魚 台南 台式 謝忠道 700臺南市中西區府前路一段46號</address>
        <description><![CDATA[總得碗數: 1<br>得獎菜色: 炒鱔魚<br>地區: 台南<br>菜系: 台式<br>推薦評審: 謝忠道<br>地址: 700臺南市中西區府前路一段46號<br>營業時間: 10:30–23:00<br>電話: 06 221 0671]]></description>
        <styleUrl>#icon-1899-0288D1-labelson</styleUrl>
        <ExtendedData>
          <Data name="總得碗數">
            <value>1.0</value>
          </Data>
          <Data name="得獎菜色">
            <value>炒鱔魚</value>
          </Data>
          <Data name="地區">
            <value>台南</value>
          </Data>
          <Data name="菜系">
            <value>台式</value>
          </Data>
          <Data name="推薦評審">
            <value>謝忠道</value>
          </Data>
          <Data name="地址">
            <value>700臺南市中西區府前路一段46號</value>
          </Data>
          <Data name="營業時間">
            <value>10:30–23:00</value>
          </Data>
          <Data name="電話">
            <value>06 221 0671</value>
          </Data>
        </ExtendedData>
      </Placemark>
      <Placemark>
        <name>開元紅燒𩵚魠魚羹</name>
        <address>開元紅燒𩵚魠魚羹 豆腐＋特製調料 台南 台式 蔡舜任 704臺南市北區開元路307號</address>
        <description><![CDATA[總得碗數: 1<br>得獎菜色: 豆腐＋特製調料<br>地區: 台南<br>菜系: 台式<br>推薦評審: 蔡舜任<br>地址: 704臺南市北區開元路307號<br>營業時間: 09:00–18:30<br>電話: 06 237 3195]]></description>
        <styleUrl>#icon-1899-0288D1-labelson</styleUrl>
        <ExtendedData>
          <Data name="總得碗數">
            <value>1.0</value>
          </Data>
          <Data name="得獎菜色">
            <value>豆腐＋特製調料</value>
          </Data>
          <Data name="地區">
            <value>台南</value>
          </Data>
          <Data name="菜系">
            <value>台式</value>
          </Data>
          <Data name="推薦評審">
            <value>蔡舜任</value>
          </Data>
          <Data name="地址">
            <value>704臺南市北區開元路307號</value>
          </Data>
          <Data name="營業時間">
            <value>09:00–18:30</value>
          </Data>
          <Data name="電話">
            <value>06 237 3195</value>
          </Data>
        </ExtendedData>
      </Placemark>
      <Placemark>
        <name>圓環牛肉湯</name>
        <address>圓環牛肉湯 薑絲牛肉（小辣） 台南 台式 蔡舜任 700臺南市中西區府前路二段153號</address>
        <description><![CDATA[總得碗數: 1<br>得獎菜色: 薑絲牛肉（小辣）<br>地區: 台南<br>菜系: 台式<br>推薦評審: 蔡舜任<br>地址: 700臺南市中西區府前路二段153號<br>營業時間: 05:00–13:00<br>電話: 0927 040 505]]></description>
        <styleUrl>#icon-1899-0288D1-labelson</styleUrl>
        <ExtendedData>
          <Data name="總得碗數">
            <value>1.0</value>
          </Data>
          <Data name="得獎菜色">
            <value>薑絲牛肉（小辣）</value>
          </Data>
          <Data name="地區">
            <value>台南</value>
          </Data>
          <Data name="菜系">
            <value>台式</value>
          </Data>
          <Data name="推薦評審">
            <value>蔡舜任</value>
          </Data>
          <Data name="地址">
            <value>700臺南市中西區府前路二段153號</value>
          </Data>
          <Data name="營業時間">
            <value>05:00–13:00</value>
          </Data>
          <Data name="電話">
            <value>0927 040 505</value>
          </Data>
        </ExtendedData>
      </Placemark>
      <Placemark>
        <name>煙鵝店</name>
        <address>煙鵝店 煙鵝 台南 台式 蔣勳 700臺南市中西區金華路四段160號</address>
        <description><![CDATA[總得碗數: 1<br>得獎菜色: 煙鵝<br>地區: 台南<br>菜系: 台式<br>推薦評審: 蔣勳<br>地址: 700臺南市中西區金華路四段160號<br>營業時間: 16:30–20:00<br>電話: 06 221 1343]]></description>
        <styleUrl>#icon-1899-0288D1-labelson</styleUrl>
        <ExtendedData>
          <Data name="總得碗數">
            <value>1.0</value>
          </Data>
          <Data name="得獎菜色">
            <value>煙鵝</value>
          </Data>
          <Data name="地區">
            <value>台南</value>
          </Data>
          <Data name="菜系">
            <value>台式</value>
          </Data>
          <Data name="推薦評審">
            <value>蔣勳</value>
          </Data>
          <Data name="地址">
            <value>700臺南市中西區金華路四段160號</value>
          </Data>
          <Data name="營業時間">
            <value>16:30–20:00</value>
          </Data>
          <Data name="電話">
            <value>06 221 1343</value>
          </Data>
        </ExtendedData>
      </Placemark>
      <Placemark>
        <name>裕農清燉牛肉麵</name>
        <address>裕農清燉牛肉麵 清燉牛肉湯 台南 台式 楊馥如 701臺南市東區裕農路296之14號</address>
        <description><![CDATA[總得碗數: 1<br>得獎菜色: 清燉牛肉湯<br>地區: 台南<br>菜系: 台式<br>推薦評審: 楊馥如<br>地址: 701臺南市東區裕農路296之14號<br>營業時間: 11:00–20:00<br>電話: 06 208 3079]]></description>
        <styleUrl>#icon-1899-0288D1-labelson</styleUrl>
        <ExtendedData>
          <Data name="總得碗數">
            <value>1.0</value>
          </Data>
          <Data name="得獎菜色">
            <value>清燉牛肉湯</value>
          </Data>
          <Data name="地區">
            <value>台南</value>
          </Data>
          <Data name="菜系">
            <value>台式</value>
          </Data>
          <Data name="推薦評審">
            <value>楊馥如</value>
          </Data>
          <Data name="地址">
            <value>701臺南市東區裕農路296之14號</value>
          </Data>
          <Data name="營業時間">
            <value>11:00–20:00</value>
          </Data>
          <Data name="電話">
            <value>06 208 3079</value>
          </Data>
        </ExtendedData>
      </Placemark>
      <Placemark>
        <name>福州香胡椒餅</name>
        <address>福州香胡椒餅 胡椒餅 台南 台式 楊馥如 704臺南市北區西門路三段107之1號</address>
        <description><![CDATA[總得碗數: 1<br>得獎菜色: 胡椒餅<br>地區: 台南<br>菜系: 台式<br>推薦評審: 楊馥如<br>地址: 704臺南市北區西門路三段107之1號<br>營業時間: 14:00–19:30<br>電話: 0921 218 578]]></description>
        <styleUrl>#icon-1899-0288D1-labelson</styleUrl>
        <ExtendedData>
          <Data name="總得碗數">
            <value>1.0</value>
          </Data>
          <Data name="得獎菜色">
            <value>胡椒餅</value>
          </Data>
          <Data name="地區">
            <value>台南</value>
          </Data>
          <Data name="菜系">
            <value>台式</value>
          </Data>
          <Data name="推薦評審">
            <value>楊馥如</value>
          </Data>
          <Data name="地址">
            <value>704臺南市北區西門路三段107之1號</value>
          </Data>
          <Data name="營業時間">
            <value>14:00–19:30</value>
          </Data>
          <Data name="電話">
            <value>0921 218 578</value>
          </Data>
        </ExtendedData>
      </Placemark>
      <Placemark>
        <name>蓮霧腳羊肉</name>
        <address>蓮霧腳羊肉 羊肉湯 台南 台式 韓勾ㄟ金針菇  712臺南市新化區中正路361號</address>
        <description><![CDATA[總得碗數: 1<br>得獎菜色: 羊肉湯<br>地區: 台南<br>菜系: 台式<br>推薦評審: 韓勾ㄟ金針菇 <br>地址: 712臺南市新化區中正路361號<br>營業時間: 05:00–13:00<br>電話: 0937 789 004]]></description>
        <styleUrl>#icon-1899-0288D1-labelson</styleUrl>
        <ExtendedData>
          <Data name="總得碗數">
            <value>1.0</value>
          </Data>
          <Data name="得獎菜色">
            <value>羊肉湯</value>
          </Data>
          <Data name="地區">
            <value>台南</value>
          </Data>
          <Data name="菜系">
            <value>台式</value>
          </Data>
          <Data name="推薦評審">
            <value>韓勾ㄟ金針菇 </value>
          </Data>
          <Data name="地址">
            <value>712臺南市新化區中正路361號</value>
          </Data>
          <Data name="營業時間">
            <value>05:00–13:00</value>
          </Data>
          <Data name="電話">
            <value>0937 789 004</value>
          </Data>
        </ExtendedData>
      </Placemark>
      <Placemark>
        <name>鎮傳四神湯</name>
        <address>鎮傳四神湯 四神湯 碗粿 台南 台式 番紅花 700臺南市中西區民族路二段365號</address>
        <description><![CDATA[總得碗數: 1<br>得獎菜色: 四神湯 碗粿<br>地區: 台南<br>菜系: 台式<br>推薦評審: 番紅花<br>地址: 700臺南市中西區民族路二段365號<br>營業時間: 11:30–20:00<br>電話: 06 220 9686]]></description>
        <styleUrl>#icon-1899-0288D1-labelson</styleUrl>
        <ExtendedData>
          <Data name="總得碗數">
            <value>1.0</value>
          </Data>
          <Data name="得獎菜色">
            <value>四神湯 碗粿</value>
          </Data>
          <Data name="地區">
            <value>台南</value>
          </Data>
          <Data name="菜系">
            <value>台式</value>
          </Data>
          <Data name="推薦評審">
            <value>番紅花</value>
          </Data>
          <Data name="地址">
            <value>700臺南市中西區民族路二段365號</value>
          </Data>
          <Data name="營業時間">
            <value>11:30–20:00</value>
          </Data>
          <Data name="電話">
            <value>06 220 9686</value>
          </Data>
        </ExtendedData>
      </Placemark>
      <Placemark>
        <name>353汕頭香Q麵</name>
        <address>353汕頭香Q麵 汕頭麵 高雄 台式 迪拉 803高雄市鹽埕區新樂街221-1號</address>
        <description><![CDATA[總得碗數: 1<br>得獎菜色: 汕頭麵<br>地區: 高雄<br>菜系: 台式<br>推薦評審: 迪拉<br>地址: 803高雄市鹽埕區新樂街221-1號<br>營業時間: 17:00–00:00<br>電話: 07 551 6333]]></description>
        <styleUrl>#icon-1899-0288D1-labelson</styleUrl>
        <ExtendedData>
          <Data name="總得碗數">
            <value>1.0</value>
          </Data>
          <Data name="得獎菜色">
            <value>汕頭麵</value>
          </Data>
          <Data name="地區">
            <value>高雄</value>
          </Data>
          <Data name="菜系">
            <value>台式</value>
          </Data>
          <Data name="推薦評審">
            <value>迪拉</value>
          </Data>
          <Data name="地址">
            <value>803高雄市鹽埕區新樂街221-1號</value>
          </Data>
          <Data name="營業時間">
            <value>17:00–00:00</value>
          </Data>
          <Data name="電話">
            <value>07 551 6333</value>
          </Data>
        </ExtendedData>
      </Placemark>
      <Placemark>
        <name>55年老店豬血湯</name>
        <address>55年老店豬血湯 大腸豬血湯 高雄 台式 吳寶春 800高雄市新興區大同一路221號</address>
        <description><![CDATA[總得碗數: 1<br>得獎菜色: 大腸豬血湯<br>地區: 高雄<br>菜系: 台式<br>推薦評審: 吳寶春<br>地址: 800高雄市新興區大同一路221號<br>營業時間: 08:00–19:30<br>電話: 07 221 3069]]></description>
        <styleUrl>#icon-1899-0288D1-labelson</styleUrl>
        <ExtendedData>
          <Data name="總得碗數">
            <value>1.0</value>
          </Data>
          <Data name="得獎菜色">
            <value>大腸豬血湯</value>
          </Data>
          <Data name="地區">
            <value>高雄</value>
          </Data>
          <Data name="菜系">
            <value>台式</value>
          </Data>
          <Data name="推薦評審">
            <value>吳寶春</value>
          </Data>
          <Data name="地址">
            <value>800高雄市新興區大同一路221號</value>
          </Data>
          <Data name="營業時間">
            <value>08:00–19:30</value>
          </Data>
          <Data name="電話">
            <value>07 221 3069</value>
          </Data>
        </ExtendedData>
      </Placemark>
      <Placemark>
        <name>Chào Hà Nội - 河內創意料理</name>
        <address>Chào Hà Nội - 河內創意料理 特定牛肉河粉 高雄 台式 張小均 (我要征服臺南牛肉湯!!!) 811高雄市楠梓區惠民路342號</address>
        <description><![CDATA[總得碗數: 1<br>得獎菜色: 特定牛肉河粉<br>地區: 高雄<br>菜系: 台式<br>推薦評審: 張小均 (我要征服臺南牛肉湯!!!)<br>地址: 811高雄市楠梓區惠民路342號<br>營業時間: 11:00–15:00<br>17:00–20:30<br>電話: 0916 198 017]]></description>
        <styleUrl>#icon-1899-0288D1-labelson</styleUrl>
        <ExtendedData>
          <Data name="總得碗數">
            <value>1.0</value>
          </Data>
          <Data name="得獎菜色">
            <value>特定牛肉河粉</value>
          </Data>
          <Data name="地區">
            <value>高雄</value>
          </Data>
          <Data name="菜系">
            <value>台式</value>
          </Data>
          <Data name="推薦評審">
            <value>張小均 (我要征服臺南牛肉湯!!!)</value>
          </Data>
          <Data name="地址">
            <value>811高雄市楠梓區惠民路342號</value>
          </Data>
          <Data name="營業時間">
            <value>11:00–15:00
17:00–20:30</value>
          </Data>
          <Data name="電話">
            <value>0916 198 017</value>
          </Data>
        </ExtendedData>
      </Placemark>
      <Placemark>
        <name>七分香古早味臭豆腐</name>
        <address>七分香古早味臭豆腐 臭豆腐 高雄 台式 吳寶春 807高雄市苓雅區輔仁路123號</address>
        <description><![CDATA[總得碗數: 1<br>得獎菜色: 臭豆腐<br>地區: 高雄<br>菜系: 台式<br>推薦評審: 吳寶春<br>地址: 807高雄市苓雅區輔仁路123號<br>營業時間: 12:00–19:00<br>電話: 0930 265 332]]></description>
        <styleUrl>#icon-1899-0288D1-labelson</styleUrl>
        <ExtendedData>
          <Data name="總得碗數">
            <value>1.0</value>
          </Data>
          <Data name="得獎菜色">
            <value>臭豆腐</value>
          </Data>
          <Data name="地區">
            <value>高雄</value>
          </Data>
          <Data name="菜系">
            <value>台式</value>
          </Data>
          <Data name="推薦評審">
            <value>吳寶春</value>
          </Data>
          <Data name="地址">
            <value>807高雄市苓雅區輔仁路123號</value>
          </Data>
          <Data name="營業時間">
            <value>12:00–19:00</value>
          </Data>
          <Data name="電話">
            <value>0930 265 332</value>
          </Data>
        </ExtendedData>
      </Placemark>
      <Placemark>
        <name>七美麵店</name>
        <address>七美麵店 乾麵 豬頭皮 高雄 台式 黃鐙輝 807高雄市三民區大豐一路93號</address>
        <description><![CDATA[總得碗數: 1<br>得獎菜色: 乾麵 豬頭皮<br>地區: 高雄<br>菜系: 台式<br>推薦評審: 黃鐙輝<br>地址: 807高雄市三民區大豐一路93號<br>營業時間: 10:00–21:30<br>電話: 07 381 3832]]></description>
        <styleUrl>#icon-1899-0288D1-labelson</styleUrl>
        <ExtendedData>
          <Data name="總得碗數">
            <value>1.0</value>
          </Data>
          <Data name="得獎菜色">
            <value>乾麵 豬頭皮</value>
          </Data>
          <Data name="地區">
            <value>高雄</value>
          </Data>
          <Data name="菜系">
            <value>台式</value>
          </Data>
          <Data name="推薦評審">
            <value>黃鐙輝</value>
          </Data>
          <Data name="地址">
            <value>807高雄市三民區大豐一路93號</value>
          </Data>
          <Data name="營業時間">
            <value>10:00–21:30</value>
          </Data>
          <Data name="電話">
            <value>07 381 3832</value>
          </Data>
        </ExtendedData>
      </Placemark>
      <Placemark>
        <name>三塊厝鴨肉飯</name>
        <address>三塊厝鴨肉飯 當歸下水湯 高雄 台式 洪嘉聰 807高雄市三民區三民街192號</address>
        <description><![CDATA[總得碗數: 1<br>得獎菜色: 當歸下水湯<br>地區: 高雄<br>菜系: 台式<br>推薦評審: 洪嘉聰<br>地址: 807高雄市三民區三民街192號<br>營業時間: 11:30–15:00<br>16:30–19:00<br>電話: 07 271 0188]]></description>
        <styleUrl>#icon-1899-0288D1-labelson</styleUrl>
        <ExtendedData>
          <Data name="總得碗數">
            <value>1.0</value>
          </Data>
          <Data name="得獎菜色">
            <value>當歸下水湯</value>
          </Data>
          <Data name="地區">
            <value>高雄</value>
          </Data>
          <Data name="菜系">
            <value>台式</value>
          </Data>
          <Data name="推薦評審">
            <value>洪嘉聰</value>
          </Data>
          <Data name="地址">
            <value>807高雄市三民區三民街192號</value>
          </Data>
          <Data name="營業時間">
            <value>11:30–15:00
16:30–19:00</value>
          </Data>
          <Data name="電話">
            <value>07 271 0188</value>
          </Data>
        </ExtendedData>
      </Placemark>
      <Placemark>
        <name>上品齋素麵坊</name>
        <address>上品齋素麵坊 養生芝麻拌麵 高雄 台式 簡天才 801高雄市前金區青年二路128號</address>
        <description><![CDATA[總得碗數: 1<br>得獎菜色: 養生芝麻拌麵<br>地區: 高雄<br>菜系: 台式<br>推薦評審: 簡天才<br>地址: 801高雄市前金區青年二路128號<br>營業時間: 11:00–14:00<br>16:30–19:30<br>電話: 07 215 2582]]></description>
        <styleUrl>#icon-1899-0288D1-labelson</styleUrl>
        <ExtendedData>
          <Data name="總得碗數">
            <value>1.0</value>
          </Data>
          <Data name="得獎菜色">
            <value>養生芝麻拌麵</value>
          </Data>
          <Data name="地區">
            <value>高雄</value>
          </Data>
          <Data name="菜系">
            <value>台式</value>
          </Data>
          <Data name="推薦評審">
            <value>簡天才</value>
          </Data>
          <Data name="地址">
            <value>801高雄市前金區青年二路128號</value>
          </Data>
          <Data name="營業時間">
            <value>11:00–14:00
16:30–19:30</value>
          </Data>
          <Data name="電話">
            <value>07 215 2582</value>
          </Data>
        </ExtendedData>
      </Placemark>
      <Placemark>
        <name>下一鍋水煎包</name>
        <address>下一鍋水煎包 水煎包 高雄 台式 薛舜迪 803高雄市鹽埕區大禮街24號</address>
        <description><![CDATA[總得碗數: 1<br>得獎菜色: 水煎包<br>地區: 高雄<br>菜系: 台式<br>推薦評審: 薛舜迪<br>地址: 803高雄市鹽埕區大禮街24號<br>營業時間: 14:00–18:30<br>電話: 0915 010 853]]></description>
        <styleUrl>#icon-1899-0288D1-labelson</styleUrl>
        <ExtendedData>
          <Data name="總得碗數">
            <value>1.0</value>
          </Data>
          <Data name="得獎菜色">
            <value>水煎包</value>
          </Data>
          <Data name="地區">
            <value>高雄</value>
          </Data>
          <Data name="菜系">
            <value>台式</value>
          </Data>
          <Data name="推薦評審">
            <value>薛舜迪</value>
          </Data>
          <Data name="地址">
            <value>803高雄市鹽埕區大禮街24號</value>
          </Data>
          <Data name="營業時間">
            <value>14:00–18:30</value>
          </Data>
          <Data name="電話">
            <value>0915 010 853</value>
          </Data>
        </ExtendedData>
      </Placemark>
      <Placemark>
        <name>于家水餃大王</name>
        <address>于家水餃大王 水餃 高雄 台式 洪嘉聰 802高雄市苓雅區永昌街48號</address>
        <description><![CDATA[總得碗數: 1<br>得獎菜色: 水餃<br>地區: 高雄<br>菜系: 台式<br>推薦評審: 洪嘉聰<br>地址: 802高雄市苓雅區永昌街48號<br>營業時間: 14:00–22:30<br>電話: 0939 164 186]]></description>
        <styleUrl>#icon-1899-0288D1-labelson</styleUrl>
        <ExtendedData>
          <Data name="總得碗數">
            <value>1.0</value>
          </Data>
          <Data name="得獎菜色">
            <value>水餃</value>
          </Data>
          <Data name="地區">
            <value>高雄</value>
          </Data>
          <Data name="菜系">
            <value>台式</value>
          </Data>
          <Data name="推薦評審">
            <value>洪嘉聰</value>
          </Data>
          <Data name="地址">
            <value>802高雄市苓雅區永昌街48號</value>
          </Data>
          <Data name="營業時間">
            <value>14:00–22:30</value>
          </Data>
          <Data name="電話">
            <value>0939 164 186</value>
          </Data>
        </ExtendedData>
      </Placemark>
      <Placemark>
        <name>大社嘉義黑香腸 </name>
        <address>大社嘉義黑香腸  黑香腸、皇帝豆糯米腸 高雄 台式 郭銘哲 815高雄市大社區中山路7號</address>
        <description><![CDATA[總得碗數: 1<br>得獎菜色: 黑香腸、皇帝豆糯米腸<br>地區: 高雄<br>菜系: 台式<br>推薦評審: 郭銘哲<br>地址: 815高雄市大社區中山路7號<br>營業時間: 14:00–19:00<br>電話: 0912 117 718]]></description>
        <styleUrl>#icon-1899-0288D1-labelson</styleUrl>
        <ExtendedData>
          <Data name="總得碗數">
            <value>1.0</value>
          </Data>
          <Data name="得獎菜色">
            <value>黑香腸、皇帝豆糯米腸</value>
          </Data>
          <Data name="地區">
            <value>高雄</value>
          </Data>
          <Data name="菜系">
            <value>台式</value>
          </Data>
          <Data name="推薦評審">
            <value>郭銘哲</value>
          </Data>
          <Data name="地址">
            <value>815高雄市大社區中山路7號</value>
          </Data>
          <Data name="營業時間">
            <value>14:00–19:00</value>
          </Data>
          <Data name="電話">
            <value>0912 117 718</value>
          </Data>
        </ExtendedData>
      </Placemark>
      <Placemark>
        <name>大義街無名麵店</name>
        <address>大義街無名麵店 乾麵 高雄 台式 郭銘哲 803高雄市鹽埕區大義街64號</address>
        <description><![CDATA[總得碗數: 1<br>得獎菜色: 乾麵<br>地區: 高雄<br>菜系: 台式<br>推薦評審: 郭銘哲<br>地址: 803高雄市鹽埕區大義街64號<br>營業時間: 10:30–19:00<br>電話: 07 532 2176]]></description>
        <styleUrl>#icon-1899-0288D1-labelson</styleUrl>
        <ExtendedData>
          <Data name="總得碗數">
            <value>1.0</value>
          </Data>
          <Data name="得獎菜色">
            <value>乾麵</value>
          </Data>
          <Data name="地區">
            <value>高雄</value>
          </Data>
          <Data name="菜系">
            <value>台式</value>
          </Data>
          <Data name="推薦評審">
            <value>郭銘哲</value>
          </Data>
          <Data name="地址">
            <value>803高雄市鹽埕區大義街64號</value>
          </Data>
          <Data name="營業時間">
            <value>10:30–19:00</value>
          </Data>
          <Data name="電話">
            <value>07 532 2176</value>
          </Data>
        </ExtendedData>
      </Placemark>
      <Placemark>
        <name>小南碗粿</name>
        <address>小南碗粿 碗粿 高雄 台式 簡天才 801高雄市前金區自強二路89號</address>
        <description><![CDATA[總得碗數: 1<br>得獎菜色: 碗粿<br>地區: 高雄<br>菜系: 台式<br>推薦評審: 簡天才<br>地址: 801高雄市前金區自強二路89號<br>營業時間: 08:00–18:30<br>電話: 07 282 8354]]></description>
        <styleUrl>#icon-1899-0288D1-labelson</styleUrl>
        <ExtendedData>
          <Data name="總得碗數">
            <value>1.0</value>
          </Data>
          <Data name="得獎菜色">
            <value>碗粿</value>
          </Data>
          <Data name="地區">
            <value>高雄</value>
          </Data>
          <Data name="菜系">
            <value>台式</value>
          </Data>
          <Data name="推薦評審">
            <value>簡天才</value>
          </Data>
          <Data name="地址">
            <value>801高雄市前金區自強二路89號</value>
          </Data>
          <Data name="營業時間">
            <value>08:00–18:30</value>
          </Data>
          <Data name="電話">
            <value>07 282 8354</value>
          </Data>
        </ExtendedData>
      </Placemark>
      <Placemark>
        <name>小園日本料理</name>
        <address>小園日本料理 炸雞塊 高雄 台式 洪嘉聰 801高雄市前金區文武二街176號</address>
        <description><![CDATA[總得碗數: 1<br>得獎菜色: 炸雞塊<br>地區: 高雄<br>菜系: 台式<br>推薦評審: 洪嘉聰<br>地址: 801高雄市前金區文武二街176號<br>營業時間: 11:00–14:00<br>17:30–21:00<br>電話: 07 251 2103]]></description>
        <styleUrl>#icon-1899-0288D1-labelson</styleUrl>
        <ExtendedData>
          <Data name="總得碗數">
            <value>1.0</value>
          </Data>
          <Data name="得獎菜色">
            <value>炸雞塊</value>
          </Data>
          <Data name="地區">
            <value>高雄</value>
          </Data>
          <Data name="菜系">
            <value>台式</value>
          </Data>
          <Data name="推薦評審">
            <value>洪嘉聰</value>
          </Data>
          <Data name="地址">
            <value>801高雄市前金區文武二街176號</value>
          </Data>
          <Data name="營業時間">
            <value>11:00–14:00
17:30–21:00</value>
          </Data>
          <Data name="電話">
            <value>07 251 2103</value>
          </Data>
        </ExtendedData>
      </Placemark>
      <Placemark>
        <name>山壹旗魚食製所YAMA ICHI Tempura</name>
        <address>山壹旗魚食製所YAMA ICHI Tempura 全炸綜合 高雄 台式 郭銘哲 803高雄市鹽埕區瀨南街141-7號鹽一市場乙-23、24號攤</address>
        <description><![CDATA[總得碗數: 1<br>得獎菜色: 全炸綜合<br>地區: 高雄<br>菜系: 台式<br>推薦評審: 郭銘哲<br>地址: 803高雄市鹽埕區瀨南街141-7號鹽一市場乙-23、24號攤<br>營業時間: 08:00–12:00<br>17:00–20:00<br>電話: 0963 510 993]]></description>
        <styleUrl>#icon-1899-0288D1-labelson</styleUrl>
        <ExtendedData>
          <Data name="總得碗數">
            <value>1.0</value>
          </Data>
          <Data name="得獎菜色">
            <value>全炸綜合</value>
          </Data>
          <Data name="地區">
            <value>高雄</value>
          </Data>
          <Data name="菜系">
            <value>台式</value>
          </Data>
          <Data name="推薦評審">
            <value>郭銘哲</value>
          </Data>
          <Data name="地址">
            <value>803高雄市鹽埕區瀨南街141-7號鹽一市場乙-23、24號攤</value>
          </Data>
          <Data name="營業時間">
            <value>08:00–12:00
17:00–20:00</value>
          </Data>
          <Data name="電話">
            <value>0963 510 993</value>
          </Data>
        </ExtendedData>
      </Placemark>
      <Placemark>
        <name>中都外省麵</name>
        <address>中都外省麵 牛肉麵、乾麵 高雄 台式 薛舜迪 807高雄市三民區中都街63號</address>
        <description><![CDATA[總得碗數: 1<br>得獎菜色: 牛肉麵、乾麵<br>地區: 高雄<br>菜系: 台式<br>推薦評審: 薛舜迪<br>地址: 807高雄市三民區中都街63號<br>營業時間: 11:00–15:00<br>16:00–21:00<br>電話: ]]></description>
        <styleUrl>#icon-1899-0288D1-labelson</styleUrl>
        <ExtendedData>
          <Data name="總得碗數">
            <value>1.0</value>
          </Data>
          <Data name="得獎菜色">
            <value>牛肉麵、乾麵</value>
          </Data>
          <Data name="地區">
            <value>高雄</value>
          </Data>
          <Data name="菜系">
            <value>台式</value>
          </Data>
          <Data name="推薦評審">
            <value>薛舜迪</value>
          </Data>
          <Data name="地址">
            <value>807高雄市三民區中都街63號</value>
          </Data>
          <Data name="營業時間">
            <value>11:00–15:00
16:00–21:00</value>
          </Data>
          <Data name="電話">
            <value/>
          </Data>
        </ExtendedData>
      </Placemark>
      <Placemark>
        <name>方家古早味雞蛋酥</name>
        <address>方家古早味雞蛋酥 原味雞蛋酥 高雄 台式 陳陸寬 807高雄市三民區大連街129號騎樓下</address>
        <description><![CDATA[總得碗數: 1<br>得獎菜色: 原味雞蛋酥<br>地區: 高雄<br>菜系: 台式<br>推薦評審: 陳陸寬<br>地址: 807高雄市三民區大連街129號騎樓下<br>營業時間: 13:00–19:00<br>電話: 0917 117 091]]></description>
        <styleUrl>#icon-1899-0288D1-labelson</styleUrl>
        <ExtendedData>
          <Data name="總得碗數">
            <value>1.0</value>
          </Data>
          <Data name="得獎菜色">
            <value>原味雞蛋酥</value>
          </Data>
          <Data name="地區">
            <value>高雄</value>
          </Data>
          <Data name="菜系">
            <value>台式</value>
          </Data>
          <Data name="推薦評審">
            <value>陳陸寬</value>
          </Data>
          <Data name="地址">
            <value>807高雄市三民區大連街129號騎樓下</value>
          </Data>
          <Data name="營業時間">
            <value>13:00–19:00</value>
          </Data>
          <Data name="電話">
            <value>0917 117 091</value>
          </Data>
        </ExtendedData>
      </Placemark>
      <Placemark>
        <name>月娥鴨肉</name>
        <address>月娥鴨肉 鴨肉麵、滷味切盤 高雄 台式 薛舜迪 801高雄市前金區自強二路72號</address>
        <description><![CDATA[總得碗數: 1<br>得獎菜色: 鴨肉麵、滷味切盤<br>地區: 高雄<br>菜系: 台式<br>推薦評審: 薛舜迪<br>地址: 801高雄市前金區自強二路72號<br>營業時間: 11:00–19:30<br>電話: 07 211 4602]]></description>
        <styleUrl>#icon-1899-0288D1-labelson</styleUrl>
        <ExtendedData>
          <Data name="總得碗數">
            <value>1.0</value>
          </Data>
          <Data name="得獎菜色">
            <value>鴨肉麵、滷味切盤</value>
          </Data>
          <Data name="地區">
            <value>高雄</value>
          </Data>
          <Data name="菜系">
            <value>台式</value>
          </Data>
          <Data name="推薦評審">
            <value>薛舜迪</value>
          </Data>
          <Data name="地址">
            <value>801高雄市前金區自強二路72號</value>
          </Data>
          <Data name="營業時間">
            <value>11:00–19:30</value>
          </Data>
          <Data name="電話">
            <value>07 211 4602</value>
          </Data>
        </ExtendedData>
      </Placemark>
      <Placemark>
        <name>古早味碗粿土魠魚羹</name>
        <address>古早味碗粿土魠魚羹 碗粿 高雄 台式 吳寶春 806高雄市前鎮區民權二路469號</address>
        <description><![CDATA[總得碗數: 1<br>得獎菜色: 碗粿<br>地區: 高雄<br>菜系: 台式<br>推薦評審: 吳寶春<br>地址: 806高雄市前鎮區民權二路469號<br>營業時間: 06:00–12:30<br>電話: ]]></description>
        <styleUrl>#icon-1899-0288D1-labelson</styleUrl>
        <ExtendedData>
          <Data name="總得碗數">
            <value>1.0</value>
          </Data>
          <Data name="得獎菜色">
            <value>碗粿</value>
          </Data>
          <Data name="地區">
            <value>高雄</value>
          </Data>
          <Data name="菜系">
            <value>台式</value>
          </Data>
          <Data name="推薦評審">
            <value>吳寶春</value>
          </Data>
          <Data name="地址">
            <value>806高雄市前鎮區民權二路469號</value>
          </Data>
          <Data name="營業時間">
            <value>06:00–12:30</value>
          </Data>
          <Data name="電話">
            <value/>
          </Data>
        </ExtendedData>
      </Placemark>
      <Placemark>
        <name>古早味謝家肉粽</name>
        <address>古早味謝家肉粽 鹼粽 高雄 台式 吳寶春 807高雄市三民區大豐一路286號</address>
        <description><![CDATA[總得碗數: 1<br>得獎菜色: 鹼粽<br>地區: 高雄<br>菜系: 台式<br>推薦評審: 吳寶春<br>地址: 807高雄市三民區大豐一路286號<br>營業時間: 08:30–18:30<br>電話: 07 380 0001]]></description>
        <styleUrl>#icon-1899-0288D1-labelson</styleUrl>
        <ExtendedData>
          <Data name="總得碗數">
            <value>1.0</value>
          </Data>
          <Data name="得獎菜色">
            <value>鹼粽</value>
          </Data>
          <Data name="地區">
            <value>高雄</value>
          </Data>
          <Data name="菜系">
            <value>台式</value>
          </Data>
          <Data name="推薦評審">
            <value>吳寶春</value>
          </Data>
          <Data name="地址">
            <value>807高雄市三民區大豐一路286號</value>
          </Data>
          <Data name="營業時間">
            <value>08:30–18:30</value>
          </Data>
          <Data name="電話">
            <value>07 380 0001</value>
          </Data>
        </ExtendedData>
      </Placemark>
      <Placemark>
        <name>右昌肉圓</name>
        <address>右昌肉圓 肉圓 高雄 台式 黃鐙輝 811高雄市楠梓區右昌街261號</address>
        <description><![CDATA[總得碗數: 1<br>得獎菜色: 肉圓<br>地區: 高雄<br>菜系: 台式<br>推薦評審: 黃鐙輝<br>地址: 811高雄市楠梓區右昌街261號<br>營業時間: 06:00–18:00<br>電話: 07 363 0361]]></description>
        <styleUrl>#icon-1899-0288D1-labelson</styleUrl>
        <ExtendedData>
          <Data name="總得碗數">
            <value>1.0</value>
          </Data>
          <Data name="得獎菜色">
            <value>肉圓</value>
          </Data>
          <Data name="地區">
            <value>高雄</value>
          </Data>
          <Data name="菜系">
            <value>台式</value>
          </Data>
          <Data name="推薦評審">
            <value>黃鐙輝</value>
          </Data>
          <Data name="地址">
            <value>811高雄市楠梓區右昌街261號</value>
          </Data>
          <Data name="營業時間">
            <value>06:00–18:00</value>
          </Data>
          <Data name="電話">
            <value>07 363 0361</value>
          </Data>
        </ExtendedData>
      </Placemark>
      <Placemark>
        <name>全鵝肉海鮮</name>
        <address>全鵝肉海鮮 鹹酥鴨舌頭 高雄 台式 洪嘉聰 800高雄市新興區八德一路69號</address>
        <description><![CDATA[總得碗數: 1<br>得獎菜色: 鹹酥鴨舌頭<br>地區: 高雄<br>菜系: 台式<br>推薦評審: 洪嘉聰<br>地址: 800高雄市新興區八德一路69號<br>營業時間: 17:00–22:00<br>電話: 07 236 1589]]></description>
        <styleUrl>#icon-1899-0288D1-labelson</styleUrl>
        <ExtendedData>
          <Data name="總得碗數">
            <value>1.0</value>
          </Data>
          <Data name="得獎菜色">
            <value>鹹酥鴨舌頭</value>
          </Data>
          <Data name="地區">
            <value>高雄</value>
          </Data>
          <Data name="菜系">
            <value>台式</value>
          </Data>
          <Data name="推薦評審">
            <value>洪嘉聰</value>
          </Data>
          <Data name="地址">
            <value>800高雄市新興區八德一路69號</value>
          </Data>
          <Data name="營業時間">
            <value>17:00–22:00</value>
          </Data>
          <Data name="電話">
            <value>07 236 1589</value>
          </Data>
        </ExtendedData>
      </Placemark>
      <Placemark>
        <name>朱媽媽牛肉湯</name>
        <address>朱媽媽牛肉湯 蒜頭牛肉湯 高雄 台式 張小均 (我要征服臺南牛肉湯!!!) 829高雄市湖內區中山路一段160號</address>
        <description><![CDATA[總得碗數: 1<br>得獎菜色: 蒜頭牛肉湯<br>地區: 高雄<br>菜系: 台式<br>推薦評審: 張小均 (我要征服臺南牛肉湯!!!)<br>地址: 829高雄市湖內區中山路一段160號<br>營業時間: 07:30–19:00<br>電話: 0937 367 029]]></description>
        <styleUrl>#icon-1899-0288D1-labelson</styleUrl>
        <ExtendedData>
          <Data name="總得碗數">
            <value>1.0</value>
          </Data>
          <Data name="得獎菜色">
            <value>蒜頭牛肉湯</value>
          </Data>
          <Data name="地區">
            <value>高雄</value>
          </Data>
          <Data name="菜系">
            <value>台式</value>
          </Data>
          <Data name="推薦評審">
            <value>張小均 (我要征服臺南牛肉湯!!!)</value>
          </Data>
          <Data name="地址">
            <value>829高雄市湖內區中山路一段160號</value>
          </Data>
          <Data name="營業時間">
            <value>07:30–19:00</value>
          </Data>
          <Data name="電話">
            <value>0937 367 029</value>
          </Data>
        </ExtendedData>
      </Placemark>
      <Placemark>
        <name>汕頭泉成沙茶火鍋(高雄美麗島中山總店)</name>
        <address>汕頭泉成沙茶火鍋(高雄美麗島中山總店) 汕頭扁魚鍋 高雄 中式 韓勾ㄟ金針菇  800高雄市新興區中山橫路7號</address>
        <description><![CDATA[總得碗數: 1<br>得獎菜色: 汕頭扁魚鍋<br>地區: 高雄<br>菜系: 中式<br>推薦評審: 韓勾ㄟ金針菇 <br>地址: 800高雄市新興區中山橫路7號<br>營業時間: 11:00–01:00<br>電話: 07 288 5599]]></description>
        <styleUrl>#icon-1899-0288D1-labelson</styleUrl>
        <ExtendedData>
          <Data name="總得碗數">
            <value>1.0</value>
          </Data>
          <Data name="得獎菜色">
            <value>汕頭扁魚鍋</value>
          </Data>
          <Data name="地區">
            <value>高雄</value>
          </Data>
          <Data name="菜系">
            <value>中式</value>
          </Data>
          <Data name="推薦評審">
            <value>韓勾ㄟ金針菇 </value>
          </Data>
          <Data name="地址">
            <value>800高雄市新興區中山橫路7號</value>
          </Data>
          <Data name="營業時間">
            <value>11:00–01:00</value>
          </Data>
          <Data name="電話">
            <value>07 288 5599</value>
          </Data>
        </ExtendedData>
      </Placemark>
      <Placemark>
        <name>米院子油飯</name>
        <address>米院子油飯 鴨肉油飯 高雄 台式 李易 800高雄市新興區南海街30號</address>
        <description><![CDATA[總得碗數: 1<br>得獎菜色: 鴨肉油飯<br>地區: 高雄<br>菜系: 台式<br>推薦評審: 李易<br>地址: 800高雄市新興區南海街30號<br>營業時間: 10:45–17:00<br>電話: 07 222 6699]]></description>
        <styleUrl>#icon-1899-0288D1-labelson</styleUrl>
        <ExtendedData>
          <Data name="總得碗數">
            <value>1.0</value>
          </Data>
          <Data name="得獎菜色">
            <value>鴨肉油飯</value>
          </Data>
          <Data name="地區">
            <value>高雄</value>
          </Data>
          <Data name="菜系">
            <value>台式</value>
          </Data>
          <Data name="推薦評審">
            <value>李易</value>
          </Data>
          <Data name="地址">
            <value>800高雄市新興區南海街30號</value>
          </Data>
          <Data name="營業時間">
            <value>10:45–17:00</value>
          </Data>
          <Data name="電話">
            <value>07 222 6699</value>
          </Data>
        </ExtendedData>
      </Placemark>
      <Placemark>
        <name>老二腿庫飯</name>
        <address>老二腿庫飯 煎虱目魚腸 高雄 台式 陳陸寬 802高雄市苓雅區興中二路118號</address>
        <description><![CDATA[總得碗數: 1<br>得獎菜色: 煎虱目魚腸<br>地區: 高雄<br>菜系: 台式<br>推薦評審: 陳陸寬<br>地址: 802高雄市苓雅區興中二路118號<br>營業時間: 20:00–03:00<br>電話: 07 333 2779]]></description>
        <styleUrl>#icon-1899-0288D1-labelson</styleUrl>
        <ExtendedData>
          <Data name="總得碗數">
            <value>1.0</value>
          </Data>
          <Data name="得獎菜色">
            <value>煎虱目魚腸</value>
          </Data>
          <Data name="地區">
            <value>高雄</value>
          </Data>
          <Data name="菜系">
            <value>台式</value>
          </Data>
          <Data name="推薦評審">
            <value>陳陸寬</value>
          </Data>
          <Data name="地址">
            <value>802高雄市苓雅區興中二路118號</value>
          </Data>
          <Data name="營業時間">
            <value>20:00–03:00</value>
          </Data>
          <Data name="電話">
            <value>07 333 2779</value>
          </Data>
        </ExtendedData>
      </Placemark>
      <Placemark>
        <name>老紀牛肉館</name>
        <address>老紀牛肉館 鮮牛肉麵 蔥爆牛肉 高雄 台式 馬世芳 804高雄市鼓山區明華路222-1號</address>
        <description><![CDATA[總得碗數: 1<br>得獎菜色: 鮮牛肉麵 蔥爆牛肉<br>地區: 高雄<br>菜系: 台式<br>推薦評審: 馬世芳<br>地址: 804高雄市鼓山區明華路222-1號<br>營業時間: 14:30–19:00<br>電話: 08 232 2210]]></description>
        <styleUrl>#icon-1899-0288D1-labelson</styleUrl>
        <ExtendedData>
          <Data name="總得碗數">
            <value>1.0</value>
          </Data>
          <Data name="得獎菜色">
            <value>鮮牛肉麵 蔥爆牛肉</value>
          </Data>
          <Data name="地區">
            <value>高雄</value>
          </Data>
          <Data name="菜系">
            <value>台式</value>
          </Data>
          <Data name="推薦評審">
            <value>馬世芳</value>
          </Data>
          <Data name="地址">
            <value>804高雄市鼓山區明華路222-1號</value>
          </Data>
          <Data name="營業時間">
            <value>14:30–19:00</value>
          </Data>
          <Data name="電話">
            <value>08 232 2210</value>
          </Data>
        </ExtendedData>
      </Placemark>
      <Placemark>
        <name>老蔡虱目魚粥</name>
        <address>老蔡虱目魚粥 虱目魚粥 雞肉飯 肉燥飯 高雄 台式 陳泰銘 803高雄市鹽埕區瀨南街201號</address>
        <description><![CDATA[總得碗數: 1<br>得獎菜色: 虱目魚粥 雞肉飯 肉燥飯<br>地區: 高雄<br>菜系: 台式<br>推薦評審: 陳泰銘<br>地址: 803高雄市鹽埕區瀨南街201號<br>營業時間: 06:00–13:30<br>電話: 07 551 9689]]></description>
        <styleUrl>#icon-1899-0288D1-labelson</styleUrl>
        <ExtendedData>
          <Data name="總得碗數">
            <value>1.0</value>
          </Data>
          <Data name="得獎菜色">
            <value>虱目魚粥 雞肉飯 肉燥飯</value>
          </Data>
          <Data name="地區">
            <value>高雄</value>
          </Data>
          <Data name="菜系">
            <value>台式</value>
          </Data>
          <Data name="推薦評審">
            <value>陳泰銘</value>
          </Data>
          <Data name="地址">
            <value>803高雄市鹽埕區瀨南街201號</value>
          </Data>
          <Data name="營業時間">
            <value>06:00–13:30</value>
          </Data>
          <Data name="電話">
            <value>07 551 9689</value>
          </Data>
        </ExtendedData>
      </Placemark>
      <Placemark>
        <name>君腳庫飯</name>
        <address>君腳庫飯 腳庫飯 高雄 台式 簡天才 807高雄市三民區漢口街103號</address>
        <description><![CDATA[總得碗數: 1<br>得獎菜色: 腳庫飯<br>地區: 高雄<br>菜系: 台式<br>推薦評審: 簡天才<br>地址: 807高雄市三民區漢口街103號<br>營業時間: 10:30–20:30<br>電話: 0979 777 818]]></description>
        <styleUrl>#icon-1899-0288D1-labelson</styleUrl>
        <ExtendedData>
          <Data name="總得碗數">
            <value>1.0</value>
          </Data>
          <Data name="得獎菜色">
            <value>腳庫飯</value>
          </Data>
          <Data name="地區">
            <value>高雄</value>
          </Data>
          <Data name="菜系">
            <value>台式</value>
          </Data>
          <Data name="推薦評審">
            <value>簡天才</value>
          </Data>
          <Data name="地址">
            <value>807高雄市三民區漢口街103號</value>
          </Data>
          <Data name="營業時間">
            <value>10:30–20:30</value>
          </Data>
          <Data name="電話">
            <value>0979 777 818</value>
          </Data>
        </ExtendedData>
      </Placemark>
      <Placemark>
        <name>味津排骨大王</name>
        <address>味津排骨大王 綜合飯（排骨加雞腿魚排組合） 高雄 台式 薛舜迪 807高雄市三民區中庸街57號</address>
        <description><![CDATA[總得碗數: 1<br>得獎菜色: 綜合飯（排骨加雞腿魚排組合）<br>地區: 高雄<br>菜系: 台式<br>推薦評審: 薛舜迪<br>地址: 807高雄市三民區中庸街57號<br>營業時間: 10:30–14:00<br>16:30–19:30<br>電話: 07 231 2919]]></description>
        <styleUrl>#icon-1899-0288D1-labelson</styleUrl>
        <ExtendedData>
          <Data name="總得碗數">
            <value>1.0</value>
          </Data>
          <Data name="得獎菜色">
            <value>綜合飯（排骨加雞腿魚排組合）</value>
          </Data>
          <Data name="地區">
            <value>高雄</value>
          </Data>
          <Data name="菜系">
            <value>台式</value>
          </Data>
          <Data name="推薦評審">
            <value>薛舜迪</value>
          </Data>
          <Data name="地址">
            <value>807高雄市三民區中庸街57號</value>
          </Data>
          <Data name="營業時間">
            <value>10:30–14:00
16:30–19:30</value>
          </Data>
          <Data name="電話">
            <value>07 231 2919</value>
          </Data>
        </ExtendedData>
      </Placemark>
      <Placemark>
        <name>和合樂屋日式蔬食</name>
        <address>和合樂屋日式蔬食 綜合壽司 高雄 素食 顏博文 807高雄市三民區鼎瑞街110號</address>
        <description><![CDATA[總得碗數: 1<br>得獎菜色: 綜合壽司<br>地區: 高雄<br>菜系: 素食<br>推薦評審: 顏博文<br>地址: 807高雄市三民區鼎瑞街110號<br>營業時間: 11:30–14:00<br>17:30–21:00<br>電話: 07 310 2111]]></description>
        <styleUrl>#icon-1899-0288D1-labelson</styleUrl>
        <ExtendedData>
          <Data name="總得碗數">
            <value>1.0</value>
          </Data>
          <Data name="得獎菜色">
            <value>綜合壽司</value>
          </Data>
          <Data name="地區">
            <value>高雄</value>
          </Data>
          <Data name="菜系">
            <value>素食</value>
          </Data>
          <Data name="推薦評審">
            <value>顏博文</value>
          </Data>
          <Data name="地址">
            <value>807高雄市三民區鼎瑞街110號</value>
          </Data>
          <Data name="營業時間">
            <value>11:30–14:00
17:30–21:00</value>
          </Data>
          <Data name="電話">
            <value>07 310 2111</value>
          </Data>
        </ExtendedData>
      </Placemark>
      <Placemark>
        <name>咖啡序事曲</name>
        <address>咖啡序事曲 咖哩雞腿排餐 高雄 台式 吳寶春 802高雄市苓雅區永定街85號</address>
        <description><![CDATA[總得碗數: 1<br>得獎菜色: 咖哩雞腿排餐<br>地區: 高雄<br>菜系: 台式<br>推薦評審: 吳寶春<br>地址: 802高雄市苓雅區永定街85號<br>營業時間: 08:00–17:00<br>電話: 07 536 3618]]></description>
        <styleUrl>#icon-1899-0288D1-labelson</styleUrl>
        <ExtendedData>
          <Data name="總得碗數">
            <value>1.0</value>
          </Data>
          <Data name="得獎菜色">
            <value>咖哩雞腿排餐</value>
          </Data>
          <Data name="地區">
            <value>高雄</value>
          </Data>
          <Data name="菜系">
            <value>台式</value>
          </Data>
          <Data name="推薦評審">
            <value>吳寶春</value>
          </Data>
          <Data name="地址">
            <value>802高雄市苓雅區永定街85號</value>
          </Data>
          <Data name="營業時間">
            <value>08:00–17:00</value>
          </Data>
          <Data name="電話">
            <value>07 536 3618</value>
          </Data>
        </ExtendedData>
      </Placemark>
      <Placemark>
        <name>旻哥古早味-自由店</name>
        <address>旻哥古早味-自由店 炙燒比目魚牛肉燥飯 高雄 台式 黃鐙輝 813高雄市左營區重立路495號-3號</address>
        <description><![CDATA[總得碗數: 1<br>得獎菜色: 炙燒比目魚牛肉燥飯<br>地區: 高雄<br>菜系: 台式<br>推薦評審: 黃鐙輝<br>地址: 813高雄市左營區重立路495號-3號<br>營業時間: 17:00–00:00<br>電話: 07 350 7181]]></description>
        <styleUrl>#icon-1899-0288D1-labelson</styleUrl>
        <ExtendedData>
          <Data name="總得碗數">
            <value>1.0</value>
          </Data>
          <Data name="得獎菜色">
            <value>炙燒比目魚牛肉燥飯</value>
          </Data>
          <Data name="地區">
            <value>高雄</value>
          </Data>
          <Data name="菜系">
            <value>台式</value>
          </Data>
          <Data name="推薦評審">
            <value>黃鐙輝</value>
          </Data>
          <Data name="地址">
            <value>813高雄市左營區重立路495號-3號</value>
          </Data>
          <Data name="營業時間">
            <value>17:00–00:00</value>
          </Data>
          <Data name="電話">
            <value>07 350 7181</value>
          </Data>
        </ExtendedData>
      </Placemark>
      <Placemark>
        <name>金大麵食坊</name>
        <address>金大麵食坊 鮮肉餛飩乾麵 高雄 台式 黃鐙輝 802高雄市苓雅區六合路42-8號</address>
        <description><![CDATA[總得碗數: 1<br>得獎菜色: 鮮肉餛飩乾麵<br>地區: 高雄<br>菜系: 台式<br>推薦評審: 黃鐙輝<br>地址: 802高雄市苓雅區六合路42-8號<br>營業時間: 10:30–20:00<br>電話: 07 222 9671]]></description>
        <styleUrl>#icon-1899-0288D1-labelson</styleUrl>
        <ExtendedData>
          <Data name="總得碗數">
            <value>1.0</value>
          </Data>
          <Data name="得獎菜色">
            <value>鮮肉餛飩乾麵</value>
          </Data>
          <Data name="地區">
            <value>高雄</value>
          </Data>
          <Data name="菜系">
            <value>台式</value>
          </Data>
          <Data name="推薦評審">
            <value>黃鐙輝</value>
          </Data>
          <Data name="地址">
            <value>802高雄市苓雅區六合路42-8號</value>
          </Data>
          <Data name="營業時間">
            <value>10:30–20:00</value>
          </Data>
          <Data name="電話">
            <value>07 222 9671</value>
          </Data>
        </ExtendedData>
      </Placemark>
      <Placemark>
        <name>阿男燒烤</name>
        <address>阿男燒烤 燒烤各品 高雄 台式 肥波開吃啦 803高雄市鹽埕區新樂街229-1號</address>
        <description><![CDATA[總得碗數: 1<br>得獎菜色: 燒烤各品<br>地區: 高雄<br>菜系: 台式<br>推薦評審: 肥波開吃啦<br>地址: 803高雄市鹽埕區新樂街229-1號<br>營業時間: 18:00–23:30<br>電話: 07 561 8929]]></description>
        <styleUrl>#icon-1899-0288D1-labelson</styleUrl>
        <ExtendedData>
          <Data name="總得碗數">
            <value>1.0</value>
          </Data>
          <Data name="得獎菜色">
            <value>燒烤各品</value>
          </Data>
          <Data name="地區">
            <value>高雄</value>
          </Data>
          <Data name="菜系">
            <value>台式</value>
          </Data>
          <Data name="推薦評審">
            <value>肥波開吃啦</value>
          </Data>
          <Data name="地址">
            <value>803高雄市鹽埕區新樂街229-1號</value>
          </Data>
          <Data name="營業時間">
            <value>18:00–23:30</value>
          </Data>
          <Data name="電話">
            <value>07 561 8929</value>
          </Data>
        </ExtendedData>
      </Placemark>
      <Placemark>
        <name>阿亮飯糰</name>
        <address>阿亮飯糰 綜合飯糰 高雄 台式 簡天才 813高雄市左營區富國路255號</address>
        <description><![CDATA[總得碗數: 1<br>得獎菜色: 綜合飯糰<br>地區: 高雄<br>菜系: 台式<br>推薦評審: 簡天才<br>地址: 813高雄市左營區富國路255號<br>營業時間: 06:00–11:00<br>電話: 0920 038 622]]></description>
        <styleUrl>#icon-1899-0288D1-labelson</styleUrl>
        <ExtendedData>
          <Data name="總得碗數">
            <value>1.0</value>
          </Data>
          <Data name="得獎菜色">
            <value>綜合飯糰</value>
          </Data>
          <Data name="地區">
            <value>高雄</value>
          </Data>
          <Data name="菜系">
            <value>台式</value>
          </Data>
          <Data name="推薦評審">
            <value>簡天才</value>
          </Data>
          <Data name="地址">
            <value>813高雄市左營區富國路255號</value>
          </Data>
          <Data name="營業時間">
            <value>06:00–11:00</value>
          </Data>
          <Data name="電話">
            <value>0920 038 622</value>
          </Data>
        </ExtendedData>
      </Placemark>
      <Placemark>
        <name>阿財雞絲麵</name>
        <address>阿財雞絲麵 乾雞絲麵、黑白切 高雄 台式 薛舜迪 803高雄市鹽埕區壽星街11號</address>
        <description><![CDATA[總得碗數: 1<br>得獎菜色: 乾雞絲麵、黑白切<br>地區: 高雄<br>菜系: 台式<br>推薦評審: 薛舜迪<br>地址: 803高雄市鹽埕區壽星街11號<br>營業時間: 11:30–21:00<br>電話: 07 521 5151]]></description>
        <styleUrl>#icon-1899-0288D1-labelson</styleUrl>
        <ExtendedData>
          <Data name="總得碗數">
            <value>1.0</value>
          </Data>
          <Data name="得獎菜色">
            <value>乾雞絲麵、黑白切</value>
          </Data>
          <Data name="地區">
            <value>高雄</value>
          </Data>
          <Data name="菜系">
            <value>台式</value>
          </Data>
          <Data name="推薦評審">
            <value>薛舜迪</value>
          </Data>
          <Data name="地址">
            <value>803高雄市鹽埕區壽星街11號</value>
          </Data>
          <Data name="營業時間">
            <value>11:30–21:00</value>
          </Data>
          <Data name="電話">
            <value>07 521 5151</value>
          </Data>
        </ExtendedData>
      </Placemark>
      <Placemark>
        <name>阿得肉燥飯</name>
        <address>阿得肉燥飯 鮮魚湯 高雄 台式 吳寶春 806高雄市前鎮區復興三路439號</address>
        <description><![CDATA[總得碗數: 1<br>得獎菜色: 鮮魚湯<br>地區: 高雄<br>菜系: 台式<br>推薦評審: 吳寶春<br>地址: 806高雄市前鎮區復興三路439號<br>營業時間: 06:00–21:00<br>電話: 07 331 6876]]></description>
        <styleUrl>#icon-1899-0288D1-labelson</styleUrl>
        <ExtendedData>
          <Data name="總得碗數">
            <value>1.0</value>
          </Data>
          <Data name="得獎菜色">
            <value>鮮魚湯</value>
          </Data>
          <Data name="地區">
            <value>高雄</value>
          </Data>
          <Data name="菜系">
            <value>台式</value>
          </Data>
          <Data name="推薦評審">
            <value>吳寶春</value>
          </Data>
          <Data name="地址">
            <value>806高雄市前鎮區復興三路439號</value>
          </Data>
          <Data name="營業時間">
            <value>06:00–21:00</value>
          </Data>
          <Data name="電話">
            <value>07 331 6876</value>
          </Data>
        </ExtendedData>
      </Placemark>
      <Placemark>
        <name>阿惠虱目魚米粉</name>
        <address>阿惠虱目魚米粉 虱目魚綜合湯 高雄 台式 郭銘哲 801高雄市前金區仁德街279號</address>
        <description><![CDATA[總得碗數: 1<br>得獎菜色: 虱目魚綜合湯<br>地區: 高雄<br>菜系: 台式<br>推薦評審: 郭銘哲<br>地址: 801高雄市前金區仁德街279號<br>營業時間: 05:00–11:30<br>電話: 07 241 0578]]></description>
        <styleUrl>#icon-1899-0288D1-labelson</styleUrl>
        <ExtendedData>
          <Data name="總得碗數">
            <value>1.0</value>
          </Data>
          <Data name="得獎菜色">
            <value>虱目魚綜合湯</value>
          </Data>
          <Data name="地區">
            <value>高雄</value>
          </Data>
          <Data name="菜系">
            <value>台式</value>
          </Data>
          <Data name="推薦評審">
            <value>郭銘哲</value>
          </Data>
          <Data name="地址">
            <value>801高雄市前金區仁德街279號</value>
          </Data>
          <Data name="營業時間">
            <value>05:00–11:30</value>
          </Data>
          <Data name="電話">
            <value>07 241 0578</value>
          </Data>
        </ExtendedData>
      </Placemark>
      <Placemark>
        <name>阿萬意麵</name>
        <address>阿萬意麵 乾意麵、肉羹 高雄 台式 薛舜迪 807高雄市三民區三民街184號</address>
        <description><![CDATA[總得碗數: 1<br>得獎菜色: 乾意麵、肉羹<br>地區: 高雄<br>菜系: 台式<br>推薦評審: 薛舜迪<br>地址: 807高雄市三民區三民街184號<br>營業時間: 15:30–21:00<br>電話: 07 231 3207]]></description>
        <styleUrl>#icon-1899-0288D1-labelson</styleUrl>
        <ExtendedData>
          <Data name="總得碗數">
            <value>1.0</value>
          </Data>
          <Data name="得獎菜色">
            <value>乾意麵、肉羹</value>
          </Data>
          <Data name="地區">
            <value>高雄</value>
          </Data>
          <Data name="菜系">
            <value>台式</value>
          </Data>
          <Data name="推薦評審">
            <value>薛舜迪</value>
          </Data>
          <Data name="地址">
            <value>807高雄市三民區三民街184號</value>
          </Data>
          <Data name="營業時間">
            <value>15:30–21:00</value>
          </Data>
          <Data name="電話">
            <value>07 231 3207</value>
          </Data>
        </ExtendedData>
      </Placemark>
      <Placemark>
        <name>阿嬤ㄟ麻油雞飯</name>
        <address>阿嬤ㄟ麻油雞飯 麻油雞飯 高雄 台式 Lulu 黃路梓茵 804高雄市鼓山區裕誠路1128號</address>
        <description><![CDATA[總得碗數: 1<br>得獎菜色: 麻油雞飯<br>地區: 高雄<br>菜系: 台式<br>推薦評審: Lulu 黃路梓茵<br>地址: 804高雄市鼓山區裕誠路1128號<br>營業時間: 17:00–00:00<br>電話: 0938 795 280]]></description>
        <styleUrl>#icon-1899-0288D1-labelson</styleUrl>
        <ExtendedData>
          <Data name="總得碗數">
            <value>1.0</value>
          </Data>
          <Data name="得獎菜色">
            <value>麻油雞飯</value>
          </Data>
          <Data name="地區">
            <value>高雄</value>
          </Data>
          <Data name="菜系">
            <value>台式</value>
          </Data>
          <Data name="推薦評審">
            <value>Lulu 黃路梓茵</value>
          </Data>
          <Data name="地址">
            <value>804高雄市鼓山區裕誠路1128號</value>
          </Data>
          <Data name="營業時間">
            <value>17:00–00:00</value>
          </Data>
          <Data name="電話">
            <value>0938 795 280</value>
          </Data>
        </ExtendedData>
      </Placemark>
      <Placemark>
        <name>阿霞燒肉飯</name>
        <address>阿霞燒肉飯 燒肉飯 高雄 台式 薛舜迪 800高雄市新興區復興一路70號</address>
        <description><![CDATA[總得碗數: 1<br>得獎菜色: 燒肉飯<br>地區: 高雄<br>菜系: 台式<br>推薦評審: 薛舜迪<br>地址: 800高雄市新興區復興一路70號<br>營業時間: 11:00–15:00<br>16:00–19:30<br>電話: 07 236 1516]]></description>
        <styleUrl>#icon-1899-0288D1-labelson</styleUrl>
        <ExtendedData>
          <Data name="總得碗數">
            <value>1.0</value>
          </Data>
          <Data name="得獎菜色">
            <value>燒肉飯</value>
          </Data>
          <Data name="地區">
            <value>高雄</value>
          </Data>
          <Data name="菜系">
            <value>台式</value>
          </Data>
          <Data name="推薦評審">
            <value>薛舜迪</value>
          </Data>
          <Data name="地址">
            <value>800高雄市新興區復興一路70號</value>
          </Data>
          <Data name="營業時間">
            <value>11:00–15:00
16:00–19:30</value>
          </Data>
          <Data name="電話">
            <value>07 236 1516</value>
          </Data>
        </ExtendedData>
      </Placemark>
      <Placemark>
        <name>阿蘭古早味</name>
        <address>阿蘭古早味 綜合湯、炒米粉 高雄 台式 江振誠 800高雄市新興區南華路40-32號</address>
        <description><![CDATA[總得碗數: 1<br>得獎菜色: 綜合湯、炒米粉<br>地區: 高雄<br>菜系: 台式<br>推薦評審: 江振誠<br>地址: 800高雄市新興區南華路40-32號<br>營業時間: 06:30–14:00<br>電話: 0913 555 893]]></description>
        <styleUrl>#icon-1899-0288D1-labelson</styleUrl>
        <ExtendedData>
          <Data name="總得碗數">
            <value>1.0</value>
          </Data>
          <Data name="得獎菜色">
            <value>綜合湯、炒米粉</value>
          </Data>
          <Data name="地區">
            <value>高雄</value>
          </Data>
          <Data name="菜系">
            <value>台式</value>
          </Data>
          <Data name="推薦評審">
            <value>江振誠</value>
          </Data>
          <Data name="地址">
            <value>800高雄市新興區南華路40-32號</value>
          </Data>
          <Data name="營業時間">
            <value>06:30–14:00</value>
          </Data>
          <Data name="電話">
            <value>0913 555 893</value>
          </Data>
        </ExtendedData>
      </Placemark>
      <Placemark>
        <name>侯記鴨肉飯</name>
        <address>侯記鴨肉飯 鴨肉飯、當歸下水湯 高雄 台式 薛舜迪 807高雄市三民區自強一路201號</address>
        <description><![CDATA[總得碗數: 1<br>得獎菜色: 鴨肉飯、當歸下水湯<br>地區: 高雄<br>菜系: 台式<br>推薦評審: 薛舜迪<br>地址: 807高雄市三民區自強一路201號<br>營業時間: 10:00–19:30<br>電話: 07 282 7588]]></description>
        <styleUrl>#icon-1899-0288D1-labelson</styleUrl>
        <ExtendedData>
          <Data name="總得碗數">
            <value>1.0</value>
          </Data>
          <Data name="得獎菜色">
            <value>鴨肉飯、當歸下水湯</value>
          </Data>
          <Data name="地區">
            <value>高雄</value>
          </Data>
          <Data name="菜系">
            <value>台式</value>
          </Data>
          <Data name="推薦評審">
            <value>薛舜迪</value>
          </Data>
          <Data name="地址">
            <value>807高雄市三民區自強一路201號</value>
          </Data>
          <Data name="營業時間">
            <value>10:00–19:30</value>
          </Data>
          <Data name="電話">
            <value>07 282 7588</value>
          </Data>
        </ExtendedData>
      </Placemark>
      <Placemark>
        <name>前金廟切仔担</name>
        <address>前金廟切仔担 各色台式風味料盤、担仔麵 高雄 台式 郭銘哲 801高雄市前金區成功一路386號</address>
        <description><![CDATA[總得碗數: 1<br>得獎菜色: 各色台式風味料盤、担仔麵<br>地區: 高雄<br>菜系: 台式<br>推薦評審: 郭銘哲<br>地址: 801高雄市前金區成功一路386號<br>營業時間: 11:00–23:00<br>電話: 0919 619 903]]></description>
        <styleUrl>#icon-1899-0288D1-labelson</styleUrl>
        <ExtendedData>
          <Data name="總得碗數">
            <value>1.0</value>
          </Data>
          <Data name="得獎菜色">
            <value>各色台式風味料盤、担仔麵</value>
          </Data>
          <Data name="地區">
            <value>高雄</value>
          </Data>
          <Data name="菜系">
            <value>台式</value>
          </Data>
          <Data name="推薦評審">
            <value>郭銘哲</value>
          </Data>
          <Data name="地址">
            <value>801高雄市前金區成功一路386號</value>
          </Data>
          <Data name="營業時間">
            <value>11:00–23:00</value>
          </Data>
          <Data name="電話">
            <value>0919 619 903</value>
          </Data>
        </ExtendedData>
      </Placemark>
      <Placemark>
        <name>勇伯冬粉豬舌</name>
        <address>勇伯冬粉豬舌 豬舌冬粉 高雄 台式 黃鐙輝 803高雄市鹽埕區必信街56-1號</address>
        <description><![CDATA[總得碗數: 1<br>得獎菜色: 豬舌冬粉<br>地區: 高雄<br>菜系: 台式<br>推薦評審: 黃鐙輝<br>地址: 803高雄市鹽埕區必信街56-1號<br>營業時間: 07:00–14:00<br>電話: 07 531 2520]]></description>
        <styleUrl>#icon-1899-0288D1-labelson</styleUrl>
        <ExtendedData>
          <Data name="總得碗數">
            <value>1.0</value>
          </Data>
          <Data name="得獎菜色">
            <value>豬舌冬粉</value>
          </Data>
          <Data name="地區">
            <value>高雄</value>
          </Data>
          <Data name="菜系">
            <value>台式</value>
          </Data>
          <Data name="推薦評審">
            <value>黃鐙輝</value>
          </Data>
          <Data name="地址">
            <value>803高雄市鹽埕區必信街56-1號</value>
          </Data>
          <Data name="營業時間">
            <value>07:00–14:00</value>
          </Data>
          <Data name="電話">
            <value>07 531 2520</value>
          </Data>
        </ExtendedData>
      </Placemark>
      <Placemark>
        <name>姚家蘭州拉麵</name>
        <address>姚家蘭州拉麵 辣雞麵 高雄 中式 吳寶春 800高雄市新興區青年一路176巷12號</address>
        <description><![CDATA[總得碗數: 1<br>得獎菜色: 辣雞麵<br>地區: 高雄<br>菜系: 中式<br>推薦評審: 吳寶春<br>地址: 800高雄市新興區青年一路176巷12號<br>營業時間: 11:30–14:00<br>17:30–20:30<br>電話: 07 223 2789]]></description>
        <styleUrl>#icon-1899-0288D1-labelson</styleUrl>
        <ExtendedData>
          <Data name="總得碗數">
            <value>1.0</value>
          </Data>
          <Data name="得獎菜色">
            <value>辣雞麵</value>
          </Data>
          <Data name="地區">
            <value>高雄</value>
          </Data>
          <Data name="菜系">
            <value>中式</value>
          </Data>
          <Data name="推薦評審">
            <value>吳寶春</value>
          </Data>
          <Data name="地址">
            <value>800高雄市新興區青年一路176巷12號</value>
          </Data>
          <Data name="營業時間">
            <value>11:30–14:00
17:30–20:30</value>
          </Data>
          <Data name="電話">
            <value>07 223 2789</value>
          </Data>
        </ExtendedData>
      </Placemark>
      <Placemark>
        <name>高雄清真潮州牛雜餐廳</name>
        <address>高雄清真潮州牛雜餐廳 牛肉燴飯 高雄 中式 肥波開吃啦 802高雄市苓雅區建軍路13號</address>
        <description><![CDATA[總得碗數: 1<br>得獎菜色: 牛肉燴飯<br>地區: 高雄<br>菜系: 中式<br>推薦評審: 肥波開吃啦<br>地址: 802高雄市苓雅區建軍路13號<br>營業時間: 10:30–21:00<br>電話: 0975 273 590]]></description>
        <styleUrl>#icon-1899-0288D1-labelson</styleUrl>
        <ExtendedData>
          <Data name="總得碗數">
            <value>1.0</value>
          </Data>
          <Data name="得獎菜色">
            <value>牛肉燴飯</value>
          </Data>
          <Data name="地區">
            <value>高雄</value>
          </Data>
          <Data name="菜系">
            <value>中式</value>
          </Data>
          <Data name="推薦評審">
            <value>肥波開吃啦</value>
          </Data>
          <Data name="地址">
            <value>802高雄市苓雅區建軍路13號</value>
          </Data>
          <Data name="營業時間">
            <value>10:30–21:00</value>
          </Data>
          <Data name="電話">
            <value>0975 273 590</value>
          </Data>
        </ExtendedData>
      </Placemark>
      <Placemark>
        <name>國民市場阿蘭雞肉</name>
        <address>國民市場阿蘭雞肉 燻雞 高雄 台式 洪嘉聰 802高雄市苓雅區青年一路163之8號</address>
        <description><![CDATA[總得碗數: 1<br>得獎菜色: 燻雞<br>地區: 高雄<br>菜系: 台式<br>推薦評審: 洪嘉聰<br>地址: 802高雄市苓雅區青年一路163之8號<br>營業時間: 07:30–17:00<br>電話: 0988 618 458]]></description>
        <styleUrl>#icon-1899-0288D1-labelson</styleUrl>
        <ExtendedData>
          <Data name="總得碗數">
            <value>1.0</value>
          </Data>
          <Data name="得獎菜色">
            <value>燻雞</value>
          </Data>
          <Data name="地區">
            <value>高雄</value>
          </Data>
          <Data name="菜系">
            <value>台式</value>
          </Data>
          <Data name="推薦評審">
            <value>洪嘉聰</value>
          </Data>
          <Data name="地址">
            <value>802高雄市苓雅區青年一路163之8號</value>
          </Data>
          <Data name="營業時間">
            <value>07:30–17:00</value>
          </Data>
          <Data name="電話">
            <value>0988 618 458</value>
          </Data>
        </ExtendedData>
      </Placemark>
      <Placemark>
        <name>曹家麵館</name>
        <address>曹家麵館 麻辣大腸乾麵 高雄 台式 黃鐙輝 807高雄市三民區正忠路148號</address>
        <description><![CDATA[總得碗數: 1<br>得獎菜色: 麻辣大腸乾麵<br>地區: 高雄<br>菜系: 台式<br>推薦評審: 黃鐙輝<br>地址: 807高雄市三民區正忠路148號<br>營業時間: 06:30–14:00<br>17:00–22:30<br>電話: 07 395 6873]]></description>
        <styleUrl>#icon-1899-0288D1-labelson</styleUrl>
        <ExtendedData>
          <Data name="總得碗數">
            <value>1.0</value>
          </Data>
          <Data name="得獎菜色">
            <value>麻辣大腸乾麵</value>
          </Data>
          <Data name="地區">
            <value>高雄</value>
          </Data>
          <Data name="菜系">
            <value>台式</value>
          </Data>
          <Data name="推薦評審">
            <value>黃鐙輝</value>
          </Data>
          <Data name="地址">
            <value>807高雄市三民區正忠路148號</value>
          </Data>
          <Data name="營業時間">
            <value>06:30–14:00
17:00–22:30</value>
          </Data>
          <Data name="電話">
            <value>07 395 6873</value>
          </Data>
        </ExtendedData>
      </Placemark>
      <Placemark>
        <name>郭家肉燥飯</name>
        <address>郭家肉燥飯 滷虱目魚肚 高雄 台式 簡天才 800高雄市新興區錦田路39號</address>
        <description><![CDATA[總得碗數: 1<br>得獎菜色: 滷虱目魚肚<br>地區: 高雄<br>菜系: 台式<br>推薦評審: 簡天才<br>地址: 800高雄市新興區錦田路39號<br>營業時間: 04:00–14:00<br>電話: 07 227 4373]]></description>
        <styleUrl>#icon-1899-0288D1-labelson</styleUrl>
        <ExtendedData>
          <Data name="總得碗數">
            <value>1.0</value>
          </Data>
          <Data name="得獎菜色">
            <value>滷虱目魚肚</value>
          </Data>
          <Data name="地區">
            <value>高雄</value>
          </Data>
          <Data name="菜系">
            <value>台式</value>
          </Data>
          <Data name="推薦評審">
            <value>簡天才</value>
          </Data>
          <Data name="地址">
            <value>800高雄市新興區錦田路39號</value>
          </Data>
          <Data name="營業時間">
            <value>04:00–14:00</value>
          </Data>
          <Data name="電話">
            <value>07 227 4373</value>
          </Data>
        </ExtendedData>
      </Placemark>
      <Placemark>
        <name>郭海產</name>
        <address>郭海產 高麗菜酸炒鮢過魚 高雄 台式 楊馥如 807高雄市三民區大順二路614號</address>
        <description><![CDATA[總得碗數: 1<br>得獎菜色: 高麗菜酸炒鮢過魚<br>地區: 高雄<br>菜系: 台式<br>推薦評審: 楊馥如<br>地址: 807高雄市三民區大順二路614號<br>營業時間: 17:00–00:30<br>電話: 07 383 5645]]></description>
        <styleUrl>#icon-1899-0288D1-labelson</styleUrl>
        <ExtendedData>
          <Data name="總得碗數">
            <value>1.0</value>
          </Data>
          <Data name="得獎菜色">
            <value>高麗菜酸炒鮢過魚</value>
          </Data>
          <Data name="地區">
            <value>高雄</value>
          </Data>
          <Data name="菜系">
            <value>台式</value>
          </Data>
          <Data name="推薦評審">
            <value>楊馥如</value>
          </Data>
          <Data name="地址">
            <value>807高雄市三民區大順二路614號</value>
          </Data>
          <Data name="營業時間">
            <value>17:00–00:30</value>
          </Data>
          <Data name="電話">
            <value>07 383 5645</value>
          </Data>
        </ExtendedData>
      </Placemark>
      <Placemark>
        <name>曾記廚房</name>
        <address>曾記廚房 魚翅羹 高雄 台式 蔣勳 803高雄市鹽埕區新樂街162號</address>
        <description><![CDATA[總得碗數: 1<br>得獎菜色: 魚翅羹<br>地區: 高雄<br>菜系: 台式<br>推薦評審: 蔣勳<br>地址: 803高雄市鹽埕區新樂街162號<br>營業時間: 11:00–14:00<br>17:00–20:00<br>電話: 07 531 2881]]></description>
        <styleUrl>#icon-1899-0288D1-labelson</styleUrl>
        <ExtendedData>
          <Data name="總得碗數">
            <value>1.0</value>
          </Data>
          <Data name="得獎菜色">
            <value>魚翅羹</value>
          </Data>
          <Data name="地區">
            <value>高雄</value>
          </Data>
          <Data name="菜系">
            <value>台式</value>
          </Data>
          <Data name="推薦評審">
            <value>蔣勳</value>
          </Data>
          <Data name="地址">
            <value>803高雄市鹽埕區新樂街162號</value>
          </Data>
          <Data name="營業時間">
            <value>11:00–14:00
17:00–20:00</value>
          </Data>
          <Data name="電話">
            <value>07 531 2881</value>
          </Data>
        </ExtendedData>
      </Placemark>
      <Placemark>
        <name>新營鵝肉吃懷念</name>
        <address>新營鵝肉吃懷念 鹹水鵝 高雄 台式 洪嘉聰 800高雄市新興區大同一路225號</address>
        <description><![CDATA[總得碗數: 1<br>得獎菜色: 鹹水鵝<br>地區: 高雄<br>菜系: 台式<br>推薦評審: 洪嘉聰<br>地址: 800高雄市新興區大同一路225號<br>營業時間: 12:00–14:00<br>17:00–21:00<br>電話: 07 241 9380]]></description>
        <styleUrl>#icon-1899-0288D1-labelson</styleUrl>
        <ExtendedData>
          <Data name="總得碗數">
            <value>1.0</value>
          </Data>
          <Data name="得獎菜色">
            <value>鹹水鵝</value>
          </Data>
          <Data name="地區">
            <value>高雄</value>
          </Data>
          <Data name="菜系">
            <value>台式</value>
          </Data>
          <Data name="推薦評審">
            <value>洪嘉聰</value>
          </Data>
          <Data name="地址">
            <value>800高雄市新興區大同一路225號</value>
          </Data>
          <Data name="營業時間">
            <value>12:00–14:00
17:00–21:00</value>
          </Data>
          <Data name="電話">
            <value>07 241 9380</value>
          </Data>
        </ExtendedData>
      </Placemark>
      <Placemark>
        <name>楊家肉圓．刈包</name>
        <address>楊家肉圓．刈包 肉圓加刈包 高雄 台式 陳陸寬 800高雄市新興區六合二路57號</address>
        <description><![CDATA[總得碗數: 1<br>得獎菜色: 肉圓加刈包<br>地區: 高雄<br>菜系: 台式<br>推薦評審: 陳陸寬<br>地址: 800高雄市新興區六合二路57號<br>營業時間: 18:30–01:00<br>電話: 0965 709 965]]></description>
        <styleUrl>#icon-1899-0288D1-labelson</styleUrl>
        <ExtendedData>
          <Data name="總得碗數">
            <value>1.0</value>
          </Data>
          <Data name="得獎菜色">
            <value>肉圓加刈包</value>
          </Data>
          <Data name="地區">
            <value>高雄</value>
          </Data>
          <Data name="菜系">
            <value>台式</value>
          </Data>
          <Data name="推薦評審">
            <value>陳陸寬</value>
          </Data>
          <Data name="地址">
            <value>800高雄市新興區六合二路57號</value>
          </Data>
          <Data name="營業時間">
            <value>18:30–01:00</value>
          </Data>
          <Data name="電話">
            <value>0965 709 965</value>
          </Data>
        </ExtendedData>
      </Placemark>
      <Placemark>
        <name>萬來豬血湯</name>
        <address>萬來豬血湯 大腸豬血湯 炒米粉 高雄 台式 黃鐙輝 807高雄市三民區建工路222號</address>
        <description><![CDATA[總得碗數: 1<br>得獎菜色: 大腸豬血湯 炒米粉<br>地區: 高雄<br>菜系: 台式<br>推薦評審: 黃鐙輝<br>地址: 807高雄市三民區建工路222號<br>營業時間: 10:00–17:10<br>電話: 07 383 7077]]></description>
        <styleUrl>#icon-1899-0288D1-labelson</styleUrl>
        <ExtendedData>
          <Data name="總得碗數">
            <value>1.0</value>
          </Data>
          <Data name="得獎菜色">
            <value>大腸豬血湯 炒米粉</value>
          </Data>
          <Data name="地區">
            <value>高雄</value>
          </Data>
          <Data name="菜系">
            <value>台式</value>
          </Data>
          <Data name="推薦評審">
            <value>黃鐙輝</value>
          </Data>
          <Data name="地址">
            <value>807高雄市三民區建工路222號</value>
          </Data>
          <Data name="營業時間">
            <value>10:00–17:10</value>
          </Data>
          <Data name="電話">
            <value>07 383 7077</value>
          </Data>
        </ExtendedData>
      </Placemark>
      <Placemark>
        <name>鼎盛號-三民店</name>
        <address>鼎盛號-三民店 排骨炒飯 高雄 台式 黃鐙輝 80781高雄市三民區正忠路245號</address>
        <description><![CDATA[總得碗數: 1<br>得獎菜色: 排骨炒飯<br>地區: 高雄<br>菜系: 台式<br>推薦評審: 黃鐙輝<br>地址: 80781高雄市三民區正忠路245號<br>營業時間: 11:00–14:00<br>17:00–21:00<br>電話: 07 396 3257]]></description>
        <styleUrl>#icon-1899-0288D1-labelson</styleUrl>
        <ExtendedData>
          <Data name="總得碗數">
            <value>1.0</value>
          </Data>
          <Data name="得獎菜色">
            <value>排骨炒飯</value>
          </Data>
          <Data name="地區">
            <value>高雄</value>
          </Data>
          <Data name="菜系">
            <value>台式</value>
          </Data>
          <Data name="推薦評審">
            <value>黃鐙輝</value>
          </Data>
          <Data name="地址">
            <value>80781高雄市三民區正忠路245號</value>
          </Data>
          <Data name="營業時間">
            <value>11:00–14:00
17:00–21:00</value>
          </Data>
          <Data name="電話">
            <value>07 396 3257</value>
          </Data>
        </ExtendedData>
      </Placemark>
      <Placemark>
        <name>嘟嘟炒鱔魚意麵</name>
        <address>嘟嘟炒鱔魚意麵 乾炒鱔魚麵 高雄 台式 陳陸寬 807高雄市三民區哈爾濱街101號</address>
        <description><![CDATA[總得碗數: 1<br>得獎菜色: 乾炒鱔魚麵<br>地區: 高雄<br>菜系: 台式<br>推薦評審: 陳陸寬<br>地址: 807高雄市三民區哈爾濱街101號<br>營業時間: 17:00–22:00<br>電話: 0987 041 113]]></description>
        <styleUrl>#icon-1899-0288D1-labelson</styleUrl>
        <ExtendedData>
          <Data name="總得碗數">
            <value>1.0</value>
          </Data>
          <Data name="得獎菜色">
            <value>乾炒鱔魚麵</value>
          </Data>
          <Data name="地區">
            <value>高雄</value>
          </Data>
          <Data name="菜系">
            <value>台式</value>
          </Data>
          <Data name="推薦評審">
            <value>陳陸寬</value>
          </Data>
          <Data name="地址">
            <value>807高雄市三民區哈爾濱街101號</value>
          </Data>
          <Data name="營業時間">
            <value>17:00–22:00</value>
          </Data>
          <Data name="電話">
            <value>0987 041 113</value>
          </Data>
        </ExtendedData>
      </Placemark>
      <Placemark>
        <name>旗山秀明豬心冬粉</name>
        <address>旗山秀明豬心冬粉 豬舌乾冬粉 高雄 台式 馬世芳 842高雄市旗山區永平街41號</address>
        <description><![CDATA[總得碗數: 1<br>得獎菜色: 豬舌乾冬粉<br>地區: 高雄<br>菜系: 台式<br>推薦評審: 馬世芳<br>地址: 842高雄市旗山區永平街41號<br>營業時間: 06:00–13:30<br>電話: 08 232 7292]]></description>
        <styleUrl>#icon-1899-0288D1-labelson</styleUrl>
        <ExtendedData>
          <Data name="總得碗數">
            <value>1.0</value>
          </Data>
          <Data name="得獎菜色">
            <value>豬舌乾冬粉</value>
          </Data>
          <Data name="地區">
            <value>高雄</value>
          </Data>
          <Data name="菜系">
            <value>台式</value>
          </Data>
          <Data name="推薦評審">
            <value>馬世芳</value>
          </Data>
          <Data name="地址">
            <value>842高雄市旗山區永平街41號</value>
          </Data>
          <Data name="營業時間">
            <value>06:00–13:30</value>
          </Data>
          <Data name="電話">
            <value>08 232 7292</value>
          </Data>
        </ExtendedData>
      </Placemark>
      <Placemark>
        <name>滿香屋牛肉麵</name>
        <address>滿香屋牛肉麵 鮮菇牛肉麵 高雄 台式 張小均 (我要征服臺南牛肉湯!!!) 801高雄市前金區榮安街14號</address>
        <description><![CDATA[總得碗數: 1<br>得獎菜色: 鮮菇牛肉麵<br>地區: 高雄<br>菜系: 台式<br>推薦評審: 張小均 (我要征服臺南牛肉湯!!!)<br>地址: 801高雄市前金區榮安街14號<br>營業時間: 11:00–20:00<br>電話: 07 231 4562]]></description>
        <styleUrl>#icon-1899-0288D1-labelson</styleUrl>
        <ExtendedData>
          <Data name="總得碗數">
            <value>1.0</value>
          </Data>
          <Data name="得獎菜色">
            <value>鮮菇牛肉麵</value>
          </Data>
          <Data name="地區">
            <value>高雄</value>
          </Data>
          <Data name="菜系">
            <value>台式</value>
          </Data>
          <Data name="推薦評審">
            <value>張小均 (我要征服臺南牛肉湯!!!)</value>
          </Data>
          <Data name="地址">
            <value>801高雄市前金區榮安街14號</value>
          </Data>
          <Data name="營業時間">
            <value>11:00–20:00</value>
          </Data>
          <Data name="電話">
            <value>07 231 4562</value>
          </Data>
        </ExtendedData>
      </Placemark>
      <Placemark>
        <name>樂嘉早餐店</name>
        <address>樂嘉早餐店 蛋餅 高雄 台式 吳寶春 800高雄市新興區復興二路187號</address>
        <description><![CDATA[總得碗數: 1<br>得獎菜色: 蛋餅<br>地區: 高雄<br>菜系: 台式<br>推薦評審: 吳寶春<br>地址: 800高雄市新興區復興二路187號<br>營業時間: 06:00–13:00<br>電話: 0906 269 176]]></description>
        <styleUrl>#icon-1899-0288D1-labelson</styleUrl>
        <ExtendedData>
          <Data name="總得碗數">
            <value>1.0</value>
          </Data>
          <Data name="得獎菜色">
            <value>蛋餅</value>
          </Data>
          <Data name="地區">
            <value>高雄</value>
          </Data>
          <Data name="菜系">
            <value>台式</value>
          </Data>
          <Data name="推薦評審">
            <value>吳寶春</value>
          </Data>
          <Data name="地址">
            <value>800高雄市新興區復興二路187號</value>
          </Data>
          <Data name="營業時間">
            <value>06:00–13:00</value>
          </Data>
          <Data name="電話">
            <value>0906 269 176</value>
          </Data>
        </ExtendedData>
      </Placemark>
      <Placemark>
        <name>鄭家切仔麵</name>
        <address>鄭家切仔麵 黑白切 乾麵 湯米粉 高雄 台式 陳泰銘 803高雄市鹽埕區新樂街201巷5號</address>
        <description><![CDATA[總得碗數: 1<br>得獎菜色: 黑白切 乾麵 湯米粉<br>地區: 高雄<br>菜系: 台式<br>推薦評審: 陳泰銘<br>地址: 803高雄市鹽埕區新樂街201巷5號<br>營業時間: 08:00–15:00<br>電話: 07 561 0706]]></description>
        <styleUrl>#icon-1899-0288D1-labelson</styleUrl>
        <ExtendedData>
          <Data name="總得碗數">
            <value>1.0</value>
          </Data>
          <Data name="得獎菜色">
            <value>黑白切 乾麵 湯米粉</value>
          </Data>
          <Data name="地區">
            <value>高雄</value>
          </Data>
          <Data name="菜系">
            <value>台式</value>
          </Data>
          <Data name="推薦評審">
            <value>陳泰銘</value>
          </Data>
          <Data name="地址">
            <value>803高雄市鹽埕區新樂街201巷5號</value>
          </Data>
          <Data name="營業時間">
            <value>08:00–15:00</value>
          </Data>
          <Data name="電話">
            <value>07 561 0706</value>
          </Data>
        </ExtendedData>
      </Placemark>
      <Placemark>
        <name>興隆居</name>
        <address>興隆居 湯包 高雄 台式 薛舜迪 801高雄市前金區六合二路186號</address>
        <description><![CDATA[總得碗數: 1<br>得獎菜色: 湯包<br>地區: 高雄<br>菜系: 台式<br>推薦評審: 薛舜迪<br>地址: 801高雄市前金區六合二路186號<br>營業時間: 04:30–11:30<br>電話: 07 261 6787]]></description>
        <styleUrl>#icon-1899-0288D1-labelson</styleUrl>
        <ExtendedData>
          <Data name="總得碗數">
            <value>1.0</value>
          </Data>
          <Data name="得獎菜色">
            <value>湯包</value>
          </Data>
          <Data name="地區">
            <value>高雄</value>
          </Data>
          <Data name="菜系">
            <value>台式</value>
          </Data>
          <Data name="推薦評審">
            <value>薛舜迪</value>
          </Data>
          <Data name="地址">
            <value>801高雄市前金區六合二路186號</value>
          </Data>
          <Data name="營業時間">
            <value>04:30–11:30</value>
          </Data>
          <Data name="電話">
            <value>07 261 6787</value>
          </Data>
        </ExtendedData>
      </Placemark>
      <Placemark>
        <name>鴨肉和</name>
        <address>鴨肉和 當歸鴨心湯 高雄 台式 簡天才 807高雄市三民區建國三路395-1號</address>
        <description><![CDATA[總得碗數: 1<br>得獎菜色: 當歸鴨心湯<br>地區: 高雄<br>菜系: 台式<br>推薦評審: 簡天才<br>地址: 807高雄市三民區建國三路395-1號<br>營業時間: 10:30–20:00<br>電話: 07 281 2988]]></description>
        <styleUrl>#icon-1899-0288D1-labelson</styleUrl>
        <ExtendedData>
          <Data name="總得碗數">
            <value>1.0</value>
          </Data>
          <Data name="得獎菜色">
            <value>當歸鴨心湯</value>
          </Data>
          <Data name="地區">
            <value>高雄</value>
          </Data>
          <Data name="菜系">
            <value>台式</value>
          </Data>
          <Data name="推薦評審">
            <value>簡天才</value>
          </Data>
          <Data name="地址">
            <value>807高雄市三民區建國三路395-1號</value>
          </Data>
          <Data name="營業時間">
            <value>10:30–20:00</value>
          </Data>
          <Data name="電話">
            <value>07 281 2988</value>
          </Data>
        </ExtendedData>
      </Placemark>
      <Placemark>
        <name>爵士冰城 大連店</name>
        <address>爵士冰城 大連店 驚奇鹹酥雞 高雄 台式 陳陸寬 807高雄市三民區大連街297號</address>
        <description><![CDATA[總得碗數: 1<br>得獎菜色: 驚奇鹹酥雞<br>地區: 高雄<br>菜系: 台式<br>推薦評審: 陳陸寬<br>地址: 807高雄市三民區大連街297號<br>營業時間: 11:00–21:00<br>電話: 07 322 0807]]></description>
        <styleUrl>#icon-1899-0288D1-labelson</styleUrl>
        <ExtendedData>
          <Data name="總得碗數">
            <value>1.0</value>
          </Data>
          <Data name="得獎菜色">
            <value>驚奇鹹酥雞</value>
          </Data>
          <Data name="地區">
            <value>高雄</value>
          </Data>
          <Data name="菜系">
            <value>台式</value>
          </Data>
          <Data name="推薦評審">
            <value>陳陸寬</value>
          </Data>
          <Data name="地址">
            <value>807高雄市三民區大連街297號</value>
          </Data>
          <Data name="營業時間">
            <value>11:00–21:00</value>
          </Data>
          <Data name="電話">
            <value>07 322 0807</value>
          </Data>
        </ExtendedData>
      </Placemark>
      <Placemark>
        <name>謙稻sign in</name>
        <address>謙稻sign in 老爺爺酸白菜鍋燒意麵 高雄 台式 簡天才 813高雄市左營區子華路45號</address>
        <description><![CDATA[總得碗數: 1<br>得獎菜色: 老爺爺酸白菜鍋燒意麵<br>地區: 高雄<br>菜系: 台式<br>推薦評審: 簡天才<br>地址: 813高雄市左營區子華路45號<br>營業時間: 11:00–13:00<br>17:30–21:30<br>電話: 0936 199 045]]></description>
        <styleUrl>#icon-1899-0288D1-labelson</styleUrl>
        <ExtendedData>
          <Data name="總得碗數">
            <value>1.0</value>
          </Data>
          <Data name="得獎菜色">
            <value>老爺爺酸白菜鍋燒意麵</value>
          </Data>
          <Data name="地區">
            <value>高雄</value>
          </Data>
          <Data name="菜系">
            <value>台式</value>
          </Data>
          <Data name="推薦評審">
            <value>簡天才</value>
          </Data>
          <Data name="地址">
            <value>813高雄市左營區子華路45號</value>
          </Data>
          <Data name="營業時間">
            <value>11:00–13:00
17:30–21:30</value>
          </Data>
          <Data name="電話">
            <value>0936 199 045</value>
          </Data>
        </ExtendedData>
      </Placemark>
      <Placemark>
        <name>藍世界啤酒屋 Focus PUB</name>
        <address>藍世界啤酒屋 Focus PUB 牛三寶乾拌麵、剁絲黃瓜牛肉煎餃、家常熱炒 高雄 台式 郭銘哲 803高雄市鹽埕區五福四路88號</address>
        <description><![CDATA[總得碗數: 1<br>得獎菜色: 牛三寶乾拌麵、剁絲黃瓜牛肉煎餃、家常熱炒<br>地區: 高雄<br>菜系: 台式<br>推薦評審: 郭銘哲<br>地址: 803高雄市鹽埕區五福四路88號<br>營業時間: 19:00–03:00<br>電話: 07 561 6901]]></description>
        <styleUrl>#icon-1899-0288D1-labelson</styleUrl>
        <ExtendedData>
          <Data name="總得碗數">
            <value>1.0</value>
          </Data>
          <Data name="得獎菜色">
            <value>牛三寶乾拌麵、剁絲黃瓜牛肉煎餃、家常熱炒</value>
          </Data>
          <Data name="地區">
            <value>高雄</value>
          </Data>
          <Data name="菜系">
            <value>台式</value>
          </Data>
          <Data name="推薦評審">
            <value>郭銘哲</value>
          </Data>
          <Data name="地址">
            <value>803高雄市鹽埕區五福四路88號</value>
          </Data>
          <Data name="營業時間">
            <value>19:00–03:00</value>
          </Data>
          <Data name="電話">
            <value>07 561 6901</value>
          </Data>
        </ExtendedData>
      </Placemark>
      <Placemark>
        <name>饌食-台南小吃</name>
        <address>饌食-台南小吃 虱目魚肚丸 高雄 台式 高靜玉 800高雄市新興區復橫一路110號</address>
        <description><![CDATA[總得碗數: 1<br>得獎菜色: 虱目魚肚丸<br>地區: 高雄<br>菜系: 台式<br>推薦評審: 高靜玉<br>地址: 800高雄市新興區復橫一路110號<br>營業時間: 06:15–13:30<br>電話: 07 226 0985]]></description>
        <styleUrl>#icon-1899-0288D1-labelson</styleUrl>
        <ExtendedData>
          <Data name="總得碗數">
            <value>1.0</value>
          </Data>
          <Data name="得獎菜色">
            <value>虱目魚肚丸</value>
          </Data>
          <Data name="地區">
            <value>高雄</value>
          </Data>
          <Data name="菜系">
            <value>台式</value>
          </Data>
          <Data name="推薦評審">
            <value>高靜玉</value>
          </Data>
          <Data name="地址">
            <value>800高雄市新興區復橫一路110號</value>
          </Data>
          <Data name="營業時間">
            <value>06:15–13:30</value>
          </Data>
          <Data name="電話">
            <value>07 226 0985</value>
          </Data>
        </ExtendedData>
      </Placemark>
      <Placemark>
        <name>麵點麵</name>
        <address>麵點麵 粗乾麵 高雄 台式 吳寶春 813高雄市左營區果峰街1巷1號</address>
        <description><![CDATA[總得碗數: 1<br>得獎菜色: 粗乾麵<br>地區: 高雄<br>菜系: 台式<br>推薦評審: 吳寶春<br>地址: 813高雄市左營區果峰街1巷1號<br>營業時間: 10:30–15:00<br>17:00–21:30<br>電話: 07 582 5608]]></description>
        <styleUrl>#icon-1899-0288D1-labelson</styleUrl>
        <ExtendedData>
          <Data name="總得碗數">
            <value>1.0</value>
          </Data>
          <Data name="得獎菜色">
            <value>粗乾麵</value>
          </Data>
          <Data name="地區">
            <value>高雄</value>
          </Data>
          <Data name="菜系">
            <value>台式</value>
          </Data>
          <Data name="推薦評審">
            <value>吳寶春</value>
          </Data>
          <Data name="地址">
            <value>813高雄市左營區果峰街1巷1號</value>
          </Data>
          <Data name="營業時間">
            <value>10:30–15:00
17:00–21:30</value>
          </Data>
          <Data name="電話">
            <value>07 582 5608</value>
          </Data>
        </ExtendedData>
      </Placemark>
      <Placemark>
        <name>鶴笙麵屋手工日式蕎麥麵</name>
        <address>鶴笙麵屋手工日式蕎麥麵 手工日式蕎麥麵 高雄 台式 郭銘哲 807高雄市三民區新民路124號</address>
        <description><![CDATA[總得碗數: 1<br>得獎菜色: 手工日式蕎麥麵<br>地區: 高雄<br>菜系: 台式<br>推薦評審: 郭銘哲<br>地址: 807高雄市三民區新民路124號<br>營業時間: 12:00–14:00<br>17:00–20:00<br>電話: 07 383 5029]]></description>
        <styleUrl>#icon-1899-0288D1-labelson</styleUrl>
        <ExtendedData>
          <Data name="總得碗數">
            <value>1.0</value>
          </Data>
          <Data name="得獎菜色">
            <value>手工日式蕎麥麵</value>
          </Data>
          <Data name="地區">
            <value>高雄</value>
          </Data>
          <Data name="菜系">
            <value>台式</value>
          </Data>
          <Data name="推薦評審">
            <value>郭銘哲</value>
          </Data>
          <Data name="地址">
            <value>807高雄市三民區新民路124號</value>
          </Data>
          <Data name="營業時間">
            <value>12:00–14:00
17:00–20:00</value>
          </Data>
          <Data name="電話">
            <value>07 383 5029</value>
          </Data>
        </ExtendedData>
      </Placemark>
      <Placemark>
        <name>一級棒牛肉麵</name>
        <address>一級棒牛肉麵 滑蛋牛肉麵 屏東 台式 劉冠廷 900屏東縣屏東市公園路35號</address>
        <description><![CDATA[總得碗數: 1<br>得獎菜色: 滑蛋牛肉麵<br>地區: 屏東<br>菜系: 台式<br>推薦評審: 劉冠廷<br>地址: 900屏東縣屏東市公園路35號<br>營業時間: 11:00–14:30<br>17:00–20:30<br>電話: 08 734 7211]]></description>
        <styleUrl>#icon-1899-0288D1-labelson</styleUrl>
        <ExtendedData>
          <Data name="總得碗數">
            <value>1.0</value>
          </Data>
          <Data name="得獎菜色">
            <value>滑蛋牛肉麵</value>
          </Data>
          <Data name="地區">
            <value>屏東</value>
          </Data>
          <Data name="菜系">
            <value>台式</value>
          </Data>
          <Data name="推薦評審">
            <value>劉冠廷</value>
          </Data>
          <Data name="地址">
            <value>900屏東縣屏東市公園路35號</value>
          </Data>
          <Data name="營業時間">
            <value>11:00–14:30
17:00–20:30</value>
          </Data>
          <Data name="電話">
            <value>08 734 7211</value>
          </Data>
        </ExtendedData>
      </Placemark>
      <Placemark>
        <name>大嫂的店-五十年傳統清蒸 肉圓</name>
        <address>大嫂的店-五十年傳統清蒸 肉圓 肉圓 屏東 台式 劉冠廷 906屏東縣高樹鄉南興路184號</address>
        <description><![CDATA[總得碗數: 1<br>得獎菜色: 肉圓<br>地區: 屏東<br>菜系: 台式<br>推薦評審: 劉冠廷<br>地址: 906屏東縣高樹鄉南興路184號<br>營業時間: 05:00–11:30<br>電話: 08 796 7739]]></description>
        <styleUrl>#icon-1899-0288D1-labelson</styleUrl>
        <ExtendedData>
          <Data name="總得碗數">
            <value>1.0</value>
          </Data>
          <Data name="得獎菜色">
            <value>肉圓</value>
          </Data>
          <Data name="地區">
            <value>屏東</value>
          </Data>
          <Data name="菜系">
            <value>台式</value>
          </Data>
          <Data name="推薦評審">
            <value>劉冠廷</value>
          </Data>
          <Data name="地址">
            <value>906屏東縣高樹鄉南興路184號</value>
          </Data>
          <Data name="營業時間">
            <value>05:00–11:30</value>
          </Data>
          <Data name="電話">
            <value>08 796 7739</value>
          </Data>
        </ExtendedData>
      </Placemark>
      <Placemark>
        <name>文記肉圓</name>
        <address>文記肉圓 肉圓 屏東 台式 沈方正 920屏東縣潮州鎮建基路177號</address>
        <description><![CDATA[總得碗數: 1<br>得獎菜色: 肉圓<br>地區: 屏東<br>菜系: 台式<br>推薦評審: 沈方正<br>地址: 920屏東縣潮州鎮建基路177號<br>營業時間: 10:00–19:30<br>電話: 08 780 4726]]></description>
        <styleUrl>#icon-1899-0288D1-labelson</styleUrl>
        <ExtendedData>
          <Data name="總得碗數">
            <value>1.0</value>
          </Data>
          <Data name="得獎菜色">
            <value>肉圓</value>
          </Data>
          <Data name="地區">
            <value>屏東</value>
          </Data>
          <Data name="菜系">
            <value>台式</value>
          </Data>
          <Data name="推薦評審">
            <value>沈方正</value>
          </Data>
          <Data name="地址">
            <value>920屏東縣潮州鎮建基路177號</value>
          </Data>
          <Data name="營業時間">
            <value>10:00–19:30</value>
          </Data>
          <Data name="電話">
            <value>08 780 4726</value>
          </Data>
        </ExtendedData>
      </Placemark>
      <Placemark>
        <name>武聖酵素臭豆腐</name>
        <address>武聖酵素臭豆腐 臭豆腐 屏東 台式 劉冠廷 900屏東縣屏東市重慶路56號</address>
        <description><![CDATA[總得碗數: 1<br>得獎菜色: 臭豆腐<br>地區: 屏東<br>菜系: 台式<br>推薦評審: 劉冠廷<br>地址: 900屏東縣屏東市重慶路56號<br>營業時間: 16:00–22:00<br>電話: 0978 708 055]]></description>
        <styleUrl>#icon-1899-0288D1-labelson</styleUrl>
        <ExtendedData>
          <Data name="總得碗數">
            <value>1.0</value>
          </Data>
          <Data name="得獎菜色">
            <value>臭豆腐</value>
          </Data>
          <Data name="地區">
            <value>屏東</value>
          </Data>
          <Data name="菜系">
            <value>台式</value>
          </Data>
          <Data name="推薦評審">
            <value>劉冠廷</value>
          </Data>
          <Data name="地址">
            <value>900屏東縣屏東市重慶路56號</value>
          </Data>
          <Data name="營業時間">
            <value>16:00–22:00</value>
          </Data>
          <Data name="電話">
            <value>0978 708 055</value>
          </Data>
        </ExtendedData>
      </Placemark>
      <Placemark>
        <name>美菊麵店</name>
        <address>美菊麵店 乾麵 屏東 台式 蔡舜任 900屏東縣屏東市協和東路99號</address>
        <description><![CDATA[總得碗數: 1<br>得獎菜色: 乾麵<br>地區: 屏東<br>菜系: 台式<br>推薦評審: 蔡舜任<br>地址: 900屏東縣屏東市協和東路99號<br>營業時間: 11:00–18:30<br>電話: ]]></description>
        <styleUrl>#icon-1899-0288D1-labelson</styleUrl>
        <ExtendedData>
          <Data name="總得碗數">
            <value>1.0</value>
          </Data>
          <Data name="得獎菜色">
            <value>乾麵</value>
          </Data>
          <Data name="地區">
            <value>屏東</value>
          </Data>
          <Data name="菜系">
            <value>台式</value>
          </Data>
          <Data name="推薦評審">
            <value>蔡舜任</value>
          </Data>
          <Data name="地址">
            <value>900屏東縣屏東市協和東路99號</value>
          </Data>
          <Data name="營業時間">
            <value>11:00–18:30</value>
          </Data>
          <Data name="電話">
            <value/>
          </Data>
        </ExtendedData>
      </Placemark>
      <Placemark>
        <name>高樹26年蔥油餅第二代</name>
        <address>高樹26年蔥油餅第二代 蔥油餅 屏東 台式 劉冠廷 906屏東縣高樹鄉</address>
        <description><![CDATA[總得碗數: 1<br>得獎菜色: 蔥油餅<br>地區: 屏東<br>菜系: 台式<br>推薦評審: 劉冠廷<br>地址: 906屏東縣高樹鄉<br>營業時間: 13:00–17:00<br>電話: 0925 110 206]]></description>
        <styleUrl>#icon-1899-0288D1-labelson</styleUrl>
        <ExtendedData>
          <Data name="總得碗數">
            <value>1.0</value>
          </Data>
          <Data name="得獎菜色">
            <value>蔥油餅</value>
          </Data>
          <Data name="地區">
            <value>屏東</value>
          </Data>
          <Data name="菜系">
            <value>台式</value>
          </Data>
          <Data name="推薦評審">
            <value>劉冠廷</value>
          </Data>
          <Data name="地址">
            <value>906屏東縣高樹鄉</value>
          </Data>
          <Data name="營業時間">
            <value>13:00–17:00</value>
          </Data>
          <Data name="電話">
            <value>0925 110 206</value>
          </Data>
        </ExtendedData>
      </Placemark>
      <Placemark>
        <name>高樹煎餃</name>
        <address>高樹煎餃 煎餃 屏東 台式 劉冠廷 906屏東縣高樹鄉華光路20號</address>
        <description><![CDATA[總得碗數: 1<br>得獎菜色: 煎餃<br>地區: 屏東<br>菜系: 台式<br>推薦評審: 劉冠廷<br>地址: 906屏東縣高樹鄉華光路20號<br>營業時間: 06:00–11:30<br>電話: 08 796 0354]]></description>
        <styleUrl>#icon-1899-0288D1-labelson</styleUrl>
        <ExtendedData>
          <Data name="總得碗數">
            <value>1.0</value>
          </Data>
          <Data name="得獎菜色">
            <value>煎餃</value>
          </Data>
          <Data name="地區">
            <value>屏東</value>
          </Data>
          <Data name="菜系">
            <value>台式</value>
          </Data>
          <Data name="推薦評審">
            <value>劉冠廷</value>
          </Data>
          <Data name="地址">
            <value>906屏東縣高樹鄉華光路20號</value>
          </Data>
          <Data name="營業時間">
            <value>06:00–11:30</value>
          </Data>
          <Data name="電話">
            <value>08 796 0354</value>
          </Data>
        </ExtendedData>
      </Placemark>
      <Placemark>
        <name>國華麵館</name>
        <address>國華麵館 豬軟管（食道） 屏東 台式 徐仲 905屏東縣屏東市重慶路56-1號</address>
        <description><![CDATA[總得碗數: 1<br>得獎菜色: 豬軟管（食道）<br>地區: 屏東<br>菜系: 台式<br>推薦評審: 徐仲<br>地址: 905屏東縣屏東市重慶路56-1號<br>營業時間: 11:00–15:00<br>17:00–21:00<br>電話: 08 765 6584]]></description>
        <styleUrl>#icon-1899-0288D1-labelson</styleUrl>
        <ExtendedData>
          <Data name="總得碗數">
            <value>1.0</value>
          </Data>
          <Data name="得獎菜色">
            <value>豬軟管（食道）</value>
          </Data>
          <Data name="地區">
            <value>屏東</value>
          </Data>
          <Data name="菜系">
            <value>台式</value>
          </Data>
          <Data name="推薦評審">
            <value>徐仲</value>
          </Data>
          <Data name="地址">
            <value>905屏東縣屏東市重慶路56-1號</value>
          </Data>
          <Data name="營業時間">
            <value>11:00–15:00
17:00–21:00</value>
          </Data>
          <Data name="電話">
            <value>08 765 6584</value>
          </Data>
        </ExtendedData>
      </Placemark>
      <Placemark>
        <name>菊子 Wouli 889（菊子窩裡）</name>
        <address>菊子 Wouli 889（菊子窩裡） 大陳饃糍、炒糕 屏東 台式 郭銘哲 900屏東縣屏東市北區市場57號</address>
        <description><![CDATA[總得碗數: 1<br>得獎菜色: 大陳饃糍、炒糕<br>地區: 屏東<br>菜系: 台式<br>推薦評審: 郭銘哲<br>地址: 900屏東縣屏東市北區市場57號<br>營業時間: 15:00–19:00<br>電話: ]]></description>
        <styleUrl>#icon-1899-0288D1-labelson</styleUrl>
        <ExtendedData>
          <Data name="總得碗數">
            <value>1.0</value>
          </Data>
          <Data name="得獎菜色">
            <value>大陳饃糍、炒糕</value>
          </Data>
          <Data name="地區">
            <value>屏東</value>
          </Data>
          <Data name="菜系">
            <value>台式</value>
          </Data>
          <Data name="推薦評審">
            <value>郭銘哲</value>
          </Data>
          <Data name="地址">
            <value>900屏東縣屏東市北區市場57號</value>
          </Data>
          <Data name="營業時間">
            <value>15:00–19:00</value>
          </Data>
          <Data name="電話">
            <value/>
          </Data>
        </ExtendedData>
      </Placemark>
      <Placemark>
        <name>一香飲食店 麻醬麵</name>
        <address>一香飲食店 麻醬麵 餛飩湯 宜蘭 台式 江振誠 260宜蘭縣宜蘭市康樂路137巷7號</address>
        <description><![CDATA[總得碗數: 1<br>得獎菜色: 餛飩湯<br>地區: 宜蘭<br>菜系: 台式<br>推薦評審: 江振誠<br>地址: 260宜蘭縣宜蘭市康樂路137巷7號<br>營業時間: 06:30–16:30<br>電話: 03 932 3289]]></description>
        <styleUrl>#icon-1899-0288D1-labelson</styleUrl>
        <ExtendedData>
          <Data name="總得碗數">
            <value>1.0</value>
          </Data>
          <Data name="得獎菜色">
            <value>餛飩湯</value>
          </Data>
          <Data name="地區">
            <value>宜蘭</value>
          </Data>
          <Data name="菜系">
            <value>台式</value>
          </Data>
          <Data name="推薦評審">
            <value>江振誠</value>
          </Data>
          <Data name="地址">
            <value>260宜蘭縣宜蘭市康樂路137巷7號</value>
          </Data>
          <Data name="營業時間">
            <value>06:30–16:30</value>
          </Data>
          <Data name="電話">
            <value>03 932 3289</value>
          </Data>
        </ExtendedData>
      </Placemark>
      <Placemark>
        <name>上讚麵民生店</name>
        <address>上讚麵民生店 餛飩乾麵 宜蘭 台式 林家漢 265宜蘭縣羅東鎮民生路150號</address>
        <description><![CDATA[總得碗數: 1<br>得獎菜色: 餛飩乾麵<br>地區: 宜蘭<br>菜系: 台式<br>推薦評審: 林家漢<br>地址: 265宜蘭縣羅東鎮民生路150號<br>營業時間: 07:00–13:30<br>電話: 03 955 8498]]></description>
        <styleUrl>#icon-1899-0288D1-labelson</styleUrl>
        <ExtendedData>
          <Data name="總得碗數">
            <value>1.0</value>
          </Data>
          <Data name="得獎菜色">
            <value>餛飩乾麵</value>
          </Data>
          <Data name="地區">
            <value>宜蘭</value>
          </Data>
          <Data name="菜系">
            <value>台式</value>
          </Data>
          <Data name="推薦評審">
            <value>林家漢</value>
          </Data>
          <Data name="地址">
            <value>265宜蘭縣羅東鎮民生路150號</value>
          </Data>
          <Data name="營業時間">
            <value>07:00–13:30</value>
          </Data>
          <Data name="電話">
            <value>03 955 8498</value>
          </Data>
        </ExtendedData>
      </Placemark>
      <Placemark>
        <name>大成羊排麵牛肉麵 </name>
        <address>大成羊排麵牛肉麵  羊排麵 宜蘭 台式 林家漢 260宜蘭市新民路31號</address>
        <description><![CDATA[總得碗數: 1<br>得獎菜色: 羊排麵<br>地區: 宜蘭<br>菜系: 台式<br>推薦評審: 林家漢<br>地址: 260宜蘭市新民路31號<br>營業時間: 11:00-14:00<br>17:00-20:00<br>電話: 03 936 9007]]></description>
        <styleUrl>#icon-1899-0288D1-labelson</styleUrl>
        <ExtendedData>
          <Data name="總得碗數">
            <value>1.0</value>
          </Data>
          <Data name="得獎菜色">
            <value>羊排麵</value>
          </Data>
          <Data name="地區">
            <value>宜蘭</value>
          </Data>
          <Data name="菜系">
            <value>台式</value>
          </Data>
          <Data name="推薦評審">
            <value>林家漢</value>
          </Data>
          <Data name="地址">
            <value>260宜蘭市新民路31號</value>
          </Data>
          <Data name="營業時間">
            <value>11:00-14:00
17:00-20:00</value>
          </Data>
          <Data name="電話">
            <value>03 936 9007</value>
          </Data>
        </ExtendedData>
      </Placemark>
      <Placemark>
        <name>午鯖</name>
        <address>午鯖 黃金鯖魚卷 宜蘭 台式 番紅花 270宜蘭縣蘇澳鎮海邊路123號</address>
        <description><![CDATA[總得碗數: 1<br>得獎菜色: 黃金鯖魚卷<br>地區: 宜蘭<br>菜系: 台式<br>推薦評審: 番紅花<br>地址: 270宜蘭縣蘇澳鎮海邊路123號<br>營業時間: 11:00–15:00<br>電話: 03 996 6355]]></description>
        <styleUrl>#icon-1899-0288D1-labelson</styleUrl>
        <ExtendedData>
          <Data name="總得碗數">
            <value>1.0</value>
          </Data>
          <Data name="得獎菜色">
            <value>黃金鯖魚卷</value>
          </Data>
          <Data name="地區">
            <value>宜蘭</value>
          </Data>
          <Data name="菜系">
            <value>台式</value>
          </Data>
          <Data name="推薦評審">
            <value>番紅花</value>
          </Data>
          <Data name="地址">
            <value>270宜蘭縣蘇澳鎮海邊路123號</value>
          </Data>
          <Data name="營業時間">
            <value>11:00–15:00</value>
          </Data>
          <Data name="電話">
            <value>03 996 6355</value>
          </Data>
        </ExtendedData>
      </Placemark>
      <Placemark>
        <name>日日香包子</name>
        <address>日日香包子 肉包 宜蘭 台式 林家漢 260宜蘭縣宜蘭市聖後街103號</address>
        <description><![CDATA[總得碗數: 1<br>得獎菜色: 肉包<br>地區: 宜蘭<br>菜系: 台式<br>推薦評審: 林家漢<br>地址: 260宜蘭縣宜蘭市聖後街103號<br>營業時間: 12:50–17:40<br>電話: 03 931 0625]]></description>
        <styleUrl>#icon-1899-0288D1-labelson</styleUrl>
        <ExtendedData>
          <Data name="總得碗數">
            <value>1.0</value>
          </Data>
          <Data name="得獎菜色">
            <value>肉包</value>
          </Data>
          <Data name="地區">
            <value>宜蘭</value>
          </Data>
          <Data name="菜系">
            <value>台式</value>
          </Data>
          <Data name="推薦評審">
            <value>林家漢</value>
          </Data>
          <Data name="地址">
            <value>260宜蘭縣宜蘭市聖後街103號</value>
          </Data>
          <Data name="營業時間">
            <value>12:50–17:40</value>
          </Data>
          <Data name="電話">
            <value>03 931 0625</value>
          </Data>
        </ExtendedData>
      </Placemark>
      <Placemark>
        <name>北門米粉炒</name>
        <address>北門米粉炒 米粉炒、三層肉 宜蘭 台式 林家漢 260宜蘭縣宜蘭市舊城北路146之2號</address>
        <description><![CDATA[總得碗數: 1<br>得獎菜色: 米粉炒、三層肉<br>地區: 宜蘭<br>菜系: 台式<br>推薦評審: 林家漢<br>地址: 260宜蘭縣宜蘭市舊城北路146之2號<br>營業時間: 10:00–18:30<br>電話: 03 932 9889]]></description>
        <styleUrl>#icon-1899-0288D1-labelson</styleUrl>
        <ExtendedData>
          <Data name="總得碗數">
            <value>1.0</value>
          </Data>
          <Data name="得獎菜色">
            <value>米粉炒、三層肉</value>
          </Data>
          <Data name="地區">
            <value>宜蘭</value>
          </Data>
          <Data name="菜系">
            <value>台式</value>
          </Data>
          <Data name="推薦評審">
            <value>林家漢</value>
          </Data>
          <Data name="地址">
            <value>260宜蘭縣宜蘭市舊城北路146之2號</value>
          </Data>
          <Data name="營業時間">
            <value>10:00–18:30</value>
          </Data>
          <Data name="電話">
            <value>03 932 9889</value>
          </Data>
        </ExtendedData>
      </Placemark>
      <Placemark>
        <name>肉焿慶</name>
        <address>肉焿慶 肉焿 宜蘭 台式 林裕森 265宜蘭縣羅東鎮興東南路129號</address>
        <description><![CDATA[總得碗數: 1<br>得獎菜色: 肉焿<br>地區: 宜蘭<br>菜系: 台式<br>推薦評審: 林裕森<br>地址: 265宜蘭縣羅東鎮興東南路129號<br>營業時間: 06:30–13:00<br>電話: 03 956 7934]]></description>
        <styleUrl>#icon-1899-0288D1-labelson</styleUrl>
        <ExtendedData>
          <Data name="總得碗數">
            <value>1.0</value>
          </Data>
          <Data name="得獎菜色">
            <value>肉焿</value>
          </Data>
          <Data name="地區">
            <value>宜蘭</value>
          </Data>
          <Data name="菜系">
            <value>台式</value>
          </Data>
          <Data name="推薦評審">
            <value>林裕森</value>
          </Data>
          <Data name="地址">
            <value>265宜蘭縣羅東鎮興東南路129號</value>
          </Data>
          <Data name="營業時間">
            <value>06:30–13:00</value>
          </Data>
          <Data name="電話">
            <value>03 956 7934</value>
          </Data>
        </ExtendedData>
      </Placemark>
      <Placemark>
        <name>宜蘭湯城麵食</name>
        <address>宜蘭湯城麵食 麵食 宜蘭 台式 江振誠 260宜蘭縣宜蘭市泰山路131號</address>
        <description><![CDATA[總得碗數: 1<br>得獎菜色: 麵食<br>地區: 宜蘭<br>菜系: 台式<br>推薦評審: 江振誠<br>地址: 260宜蘭縣宜蘭市泰山路131號<br>營業時間: 06:30–14:30<br>電話: 03 931 3459]]></description>
        <styleUrl>#icon-1899-0288D1-labelson</styleUrl>
        <ExtendedData>
          <Data name="總得碗數">
            <value>1.0</value>
          </Data>
          <Data name="得獎菜色">
            <value>麵食</value>
          </Data>
          <Data name="地區">
            <value>宜蘭</value>
          </Data>
          <Data name="菜系">
            <value>台式</value>
          </Data>
          <Data name="推薦評審">
            <value>江振誠</value>
          </Data>
          <Data name="地址">
            <value>260宜蘭縣宜蘭市泰山路131號</value>
          </Data>
          <Data name="營業時間">
            <value>06:30–14:30</value>
          </Data>
          <Data name="電話">
            <value>03 931 3459</value>
          </Data>
        </ExtendedData>
      </Placemark>
      <Placemark>
        <name>東麥局</name>
        <address>東麥局 烤玉米 宜蘭 台式 江振誠 262宜蘭縣礁溪鄉德陽路43號</address>
        <description><![CDATA[總得碗數: 1<br>得獎菜色: 烤玉米<br>地區: 宜蘭<br>菜系: 台式<br>推薦評審: 江振誠<br>地址: 262宜蘭縣礁溪鄉德陽路43號<br>營業時間: 16:00~23:00<br>電話: 0978 177 852]]></description>
        <styleUrl>#icon-1899-0288D1-labelson</styleUrl>
        <ExtendedData>
          <Data name="總得碗數">
            <value>1.0</value>
          </Data>
          <Data name="得獎菜色">
            <value>烤玉米</value>
          </Data>
          <Data name="地區">
            <value>宜蘭</value>
          </Data>
          <Data name="菜系">
            <value>台式</value>
          </Data>
          <Data name="推薦評審">
            <value>江振誠</value>
          </Data>
          <Data name="地址">
            <value>262宜蘭縣礁溪鄉德陽路43號</value>
          </Data>
          <Data name="營業時間">
            <value>16:00~23:00</value>
          </Data>
          <Data name="電話">
            <value>0978 177 852</value>
          </Data>
        </ExtendedData>
      </Placemark>
      <Placemark>
        <name>阿川魚丸米粉</name>
        <address>阿川魚丸米粉 魚丸米粉 宜蘭 台式 朱𩃀理 266宜蘭縣三星鄉中山路2-2號</address>
        <description><![CDATA[總得碗數: 1<br>得獎菜色: 魚丸米粉<br>地區: 宜蘭<br>菜系: 台式<br>推薦評審: 朱𩃀理<br>地址: 266宜蘭縣三星鄉中山路2-2號<br>營業時間: 06:00–12:30<br>電話: 03 989 4204]]></description>
        <styleUrl>#icon-1899-0288D1-labelson</styleUrl>
        <ExtendedData>
          <Data name="總得碗數">
            <value>1.0</value>
          </Data>
          <Data name="得獎菜色">
            <value>魚丸米粉</value>
          </Data>
          <Data name="地區">
            <value>宜蘭</value>
          </Data>
          <Data name="菜系">
            <value>台式</value>
          </Data>
          <Data name="推薦評審">
            <value>朱𩃀理</value>
          </Data>
          <Data name="地址">
            <value>266宜蘭縣三星鄉中山路2-2號</value>
          </Data>
          <Data name="營業時間">
            <value>06:00–12:30</value>
          </Data>
          <Data name="電話">
            <value>03 989 4204</value>
          </Data>
        </ExtendedData>
      </Placemark>
      <Placemark>
        <name>阿宏魯肉飯</name>
        <address>阿宏魯肉飯 豬粉肝 宜蘭 台式 徐仲 260宜蘭縣宜蘭市中山路三段50號</address>
        <description><![CDATA[總得碗數: 1<br>得獎菜色: 豬粉肝<br>地區: 宜蘭<br>菜系: 台式<br>推薦評審: 徐仲<br>地址: 260宜蘭縣宜蘭市中山路三段50號<br>營業時間: 24小時營業<br>電話: 03 931 3361]]></description>
        <styleUrl>#icon-1899-0288D1-labelson</styleUrl>
        <ExtendedData>
          <Data name="總得碗數">
            <value>1.0</value>
          </Data>
          <Data name="得獎菜色">
            <value>豬粉肝</value>
          </Data>
          <Data name="地區">
            <value>宜蘭</value>
          </Data>
          <Data name="菜系">
            <value>台式</value>
          </Data>
          <Data name="推薦評審">
            <value>徐仲</value>
          </Data>
          <Data name="地址">
            <value>260宜蘭縣宜蘭市中山路三段50號</value>
          </Data>
          <Data name="營業時間">
            <value>24小時營業</value>
          </Data>
          <Data name="電話">
            <value>03 931 3361</value>
          </Data>
        </ExtendedData>
      </Placemark>
      <Placemark>
        <name>阿通伯魚丸</name>
        <address>阿通伯魚丸 鯊魚煙（招牌腹肉） 宜蘭 台式 番紅花 270宜蘭縣蘇澳鎮漁港路73號</address>
        <description><![CDATA[總得碗數: 1<br>得獎菜色: 鯊魚煙（招牌腹肉）<br>地區: 宜蘭<br>菜系: 台式<br>推薦評審: 番紅花<br>地址: 270宜蘭縣蘇澳鎮漁港路73號<br>營業時間: 09:30–17:00<br>電話: 03 996 3985]]></description>
        <styleUrl>#icon-1899-0288D1-labelson</styleUrl>
        <ExtendedData>
          <Data name="總得碗數">
            <value>1.0</value>
          </Data>
          <Data name="得獎菜色">
            <value>鯊魚煙（招牌腹肉）</value>
          </Data>
          <Data name="地區">
            <value>宜蘭</value>
          </Data>
          <Data name="菜系">
            <value>台式</value>
          </Data>
          <Data name="推薦評審">
            <value>番紅花</value>
          </Data>
          <Data name="地址">
            <value>270宜蘭縣蘇澳鎮漁港路73號</value>
          </Data>
          <Data name="營業時間">
            <value>09:30–17:00</value>
          </Data>
          <Data name="電話">
            <value>03 996 3985</value>
          </Data>
        </ExtendedData>
      </Placemark>
      <Placemark>
        <name>品誼古早味小吃 </name>
        <address>品誼古早味小吃  春捲 宜蘭 台式 林家漢 261宜蘭縣頭城鎮城北里沙成路50號</address>
        <description><![CDATA[總得碗數: 1<br>得獎菜色: 春捲<br>地區: 宜蘭<br>菜系: 台式<br>推薦評審: 林家漢<br>地址: 261宜蘭縣頭城鎮城北里沙成路50號<br>營業時間: 10:30–18:00<br>電話: 03 977 0436]]></description>
        <styleUrl>#icon-1899-0288D1-labelson</styleUrl>
        <ExtendedData>
          <Data name="總得碗數">
            <value>1.0</value>
          </Data>
          <Data name="得獎菜色">
            <value>春捲</value>
          </Data>
          <Data name="地區">
            <value>宜蘭</value>
          </Data>
          <Data name="菜系">
            <value>台式</value>
          </Data>
          <Data name="推薦評審">
            <value>林家漢</value>
          </Data>
          <Data name="地址">
            <value>261宜蘭縣頭城鎮城北里沙成路50號</value>
          </Data>
          <Data name="營業時間">
            <value>10:30–18:00</value>
          </Data>
          <Data name="電話">
            <value>03 977 0436</value>
          </Data>
        </ExtendedData>
      </Placemark>
      <Placemark>
        <name>春捲伯頭城店 </name>
        <address>春捲伯頭城店  蝦餅 宜蘭 台式 林家漢 261宜蘭縣頭城鎮開蘭路197號</address>
        <description><![CDATA[總得碗數: 1<br>得獎菜色: 蝦餅<br>地區: 宜蘭<br>菜系: 台式<br>推薦評審: 林家漢<br>地址: 261宜蘭縣頭城鎮開蘭路197號<br>營業時間: 10:00–17:30<br>電話: 03 977 5012]]></description>
        <styleUrl>#icon-1899-0288D1-labelson</styleUrl>
        <ExtendedData>
          <Data name="總得碗數">
            <value>1.0</value>
          </Data>
          <Data name="得獎菜色">
            <value>蝦餅</value>
          </Data>
          <Data name="地區">
            <value>宜蘭</value>
          </Data>
          <Data name="菜系">
            <value>台式</value>
          </Data>
          <Data name="推薦評審">
            <value>林家漢</value>
          </Data>
          <Data name="地址">
            <value>261宜蘭縣頭城鎮開蘭路197號</value>
          </Data>
          <Data name="營業時間">
            <value>10:00–17:30</value>
          </Data>
          <Data name="電話">
            <value>03 977 5012</value>
          </Data>
        </ExtendedData>
      </Placemark>
      <Placemark>
        <name>財記臭豆腐</name>
        <address>財記臭豆腐 清蒸臭豆腐 宜蘭 台式 Hally Chen 265宜蘭縣羅東鎮公正路110號</address>
        <description><![CDATA[總得碗數: 1<br>得獎菜色: 清蒸臭豆腐<br>地區: 宜蘭<br>菜系: 台式<br>推薦評審: Hally Chen<br>地址: 265宜蘭縣羅東鎮公正路110號<br>營業時間: 14:00–22:00<br>電話: 03 956 6220]]></description>
        <styleUrl>#icon-1899-0288D1-labelson</styleUrl>
        <ExtendedData>
          <Data name="總得碗數">
            <value>1.0</value>
          </Data>
          <Data name="得獎菜色">
            <value>清蒸臭豆腐</value>
          </Data>
          <Data name="地區">
            <value>宜蘭</value>
          </Data>
          <Data name="菜系">
            <value>台式</value>
          </Data>
          <Data name="推薦評審">
            <value>Hally Chen</value>
          </Data>
          <Data name="地址">
            <value>265宜蘭縣羅東鎮公正路110號</value>
          </Data>
          <Data name="營業時間">
            <value>14:00–22:00</value>
          </Data>
          <Data name="電話">
            <value>03 956 6220</value>
          </Data>
        </ExtendedData>
      </Placemark>
      <Placemark>
        <name>彭蔥油餅</name>
        <address>彭蔥油餅 蔥油餅加蛋 宜蘭 台式 林家漢 260宜蘭縣宜蘭市聖後街</address>
        <description><![CDATA[總得碗數: 1<br>得獎菜色: 蔥油餅加蛋<br>地區: 宜蘭<br>菜系: 台式<br>推薦評審: 林家漢<br>地址: 260宜蘭縣宜蘭市聖後街<br>營業時間: 14:30–23:00<br>電話: 0913 505 545]]></description>
        <styleUrl>#icon-1899-0288D1-labelson</styleUrl>
        <ExtendedData>
          <Data name="總得碗數">
            <value>1.0</value>
          </Data>
          <Data name="得獎菜色">
            <value>蔥油餅加蛋</value>
          </Data>
          <Data name="地區">
            <value>宜蘭</value>
          </Data>
          <Data name="菜系">
            <value>台式</value>
          </Data>
          <Data name="推薦評審">
            <value>林家漢</value>
          </Data>
          <Data name="地址">
            <value>260宜蘭縣宜蘭市聖後街</value>
          </Data>
          <Data name="營業時間">
            <value>14:30–23:00</value>
          </Data>
          <Data name="電話">
            <value>0913 505 545</value>
          </Data>
        </ExtendedData>
      </Placemark>
      <Placemark>
        <name>復興路炸醬麵</name>
        <address>復興路炸醬麵 雙醬麵 宜蘭 台式 林家漢 260宜蘭縣宜蘭市復興路二段65號</address>
        <description><![CDATA[總得碗數: 1<br>得獎菜色: 雙醬麵<br>地區: 宜蘭<br>菜系: 台式<br>推薦評審: 林家漢<br>地址: 260宜蘭縣宜蘭市復興路二段65號<br>營業時間: 06:40–13:50<br>電話: 0966 595 236]]></description>
        <styleUrl>#icon-1899-0288D1-labelson</styleUrl>
        <ExtendedData>
          <Data name="總得碗數">
            <value>1.0</value>
          </Data>
          <Data name="得獎菜色">
            <value>雙醬麵</value>
          </Data>
          <Data name="地區">
            <value>宜蘭</value>
          </Data>
          <Data name="菜系">
            <value>台式</value>
          </Data>
          <Data name="推薦評審">
            <value>林家漢</value>
          </Data>
          <Data name="地址">
            <value>260宜蘭縣宜蘭市復興路二段65號</value>
          </Data>
          <Data name="營業時間">
            <value>06:40–13:50</value>
          </Data>
          <Data name="電話">
            <value>0966 595 236</value>
          </Data>
        </ExtendedData>
      </Placemark>
      <Placemark>
        <name>復興鵝肉</name>
        <address>復興鵝肉 特製乾米粉、鵝肉、鵝腸 宜蘭 台式 林家漢 260宜蘭縣宜蘭市復興路一段129號</address>
        <description><![CDATA[總得碗數: 1<br>得獎菜色: 特製乾米粉、鵝肉、鵝腸<br>地區: 宜蘭<br>菜系: 台式<br>推薦評審: 林家漢<br>地址: 260宜蘭縣宜蘭市復興路一段129號<br>營業時間: 16:00–23:00<br>電話: 03 935 4793]]></description>
        <styleUrl>#icon-1899-0288D1-labelson</styleUrl>
        <ExtendedData>
          <Data name="總得碗數">
            <value>1.0</value>
          </Data>
          <Data name="得獎菜色">
            <value>特製乾米粉、鵝肉、鵝腸</value>
          </Data>
          <Data name="地區">
            <value>宜蘭</value>
          </Data>
          <Data name="菜系">
            <value>台式</value>
          </Data>
          <Data name="推薦評審">
            <value>林家漢</value>
          </Data>
          <Data name="地址">
            <value>260宜蘭縣宜蘭市復興路一段129號</value>
          </Data>
          <Data name="營業時間">
            <value>16:00–23:00</value>
          </Data>
          <Data name="電話">
            <value>03 935 4793</value>
          </Data>
        </ExtendedData>
      </Placemark>
      <Placemark>
        <name>羅東碳烤燒餅餅店</name>
        <address>羅東碳烤燒餅餅店 胡椒餅、綠豆沙酥餅 宜蘭 台式 林家漢 265宜蘭縣羅東鎮南門路32號</address>
        <description><![CDATA[總得碗數: 1<br>得獎菜色: 胡椒餅、綠豆沙酥餅<br>地區: 宜蘭<br>菜系: 台式<br>推薦評審: 林家漢<br>地址: 265宜蘭縣羅東鎮南門路32號<br>營業時間: 08:00–17:00<br>電話: 03 955 0731]]></description>
        <styleUrl>#icon-1899-0288D1-labelson</styleUrl>
        <ExtendedData>
          <Data name="總得碗數">
            <value>1.0</value>
          </Data>
          <Data name="得獎菜色">
            <value>胡椒餅、綠豆沙酥餅</value>
          </Data>
          <Data name="地區">
            <value>宜蘭</value>
          </Data>
          <Data name="菜系">
            <value>台式</value>
          </Data>
          <Data name="推薦評審">
            <value>林家漢</value>
          </Data>
          <Data name="地址">
            <value>265宜蘭縣羅東鎮南門路32號</value>
          </Data>
          <Data name="營業時間">
            <value>08:00–17:00</value>
          </Data>
          <Data name="電話">
            <value>03 955 0731</value>
          </Data>
        </ExtendedData>
      </Placemark>
      <Placemark>
        <name>889養生抓餅鍋貼</name>
        <address>889養生抓餅鍋貼 香椿抓餅 花蓮 素食 顏博文 973花蓮縣吉安鄉自強路36-2號</address>
        <description><![CDATA[總得碗數: 1<br>得獎菜色: 香椿抓餅<br>地區: 花蓮<br>菜系: 素食<br>推薦評審: 顏博文<br>地址: 973花蓮縣吉安鄉自強路36-2號<br>營業時間: 14:30–20:00<br>電話: 03 852 5332]]></description>
        <styleUrl>#icon-1899-0288D1-labelson</styleUrl>
        <ExtendedData>
          <Data name="總得碗數">
            <value>1.0</value>
          </Data>
          <Data name="得獎菜色">
            <value>香椿抓餅</value>
          </Data>
          <Data name="地區">
            <value>花蓮</value>
          </Data>
          <Data name="菜系">
            <value>素食</value>
          </Data>
          <Data name="推薦評審">
            <value>顏博文</value>
          </Data>
          <Data name="地址">
            <value>973花蓮縣吉安鄉自強路36-2號</value>
          </Data>
          <Data name="營業時間">
            <value>14:30–20:00</value>
          </Data>
          <Data name="電話">
            <value>03 852 5332</value>
          </Data>
        </ExtendedData>
      </Placemark>
      <Placemark>
        <name>青田の蔬食</name>
        <address>青田の蔬食 麻醬乾拌麵 花蓮 素食 顏博文 970花蓮縣花蓮市建國路258號</address>
        <description><![CDATA[總得碗數: 1<br>得獎菜色: 麻醬乾拌麵<br>地區: 花蓮<br>菜系: 素食<br>推薦評審: 顏博文<br>地址: 970花蓮縣花蓮市建國路258號<br>營業時間: 11:00–14:00<br>17:00–20:00<br>電話: 03 836 2210]]></description>
        <styleUrl>#icon-1899-0288D1-labelson</styleUrl>
        <ExtendedData>
          <Data name="總得碗數">
            <value>1.0</value>
          </Data>
          <Data name="得獎菜色">
            <value>麻醬乾拌麵</value>
          </Data>
          <Data name="地區">
            <value>花蓮</value>
          </Data>
          <Data name="菜系">
            <value>素食</value>
          </Data>
          <Data name="推薦評審">
            <value>顏博文</value>
          </Data>
          <Data name="地址">
            <value>970花蓮縣花蓮市建國路258號</value>
          </Data>
          <Data name="營業時間">
            <value>11:00–14:00
17:00–20:00</value>
          </Data>
          <Data name="電話">
            <value>03 836 2210</value>
          </Data>
        </ExtendedData>
      </Placemark>
      <Placemark>
        <name>時光1939</name>
        <address>時光1939 油醋烤彩蔬 花蓮 素食 顏博文 970花蓮縣花蓮市民國路80巷16號</address>
        <description><![CDATA[總得碗數: 1<br>得獎菜色: 油醋烤彩蔬<br>地區: 花蓮<br>菜系: 素食<br>推薦評審: 顏博文<br>地址: 970花蓮縣花蓮市民國路80巷16號<br>營業時間: 09:00–16:00<br>電話: 03 832 1939]]></description>
        <styleUrl>#icon-1899-0288D1-labelson</styleUrl>
        <ExtendedData>
          <Data name="總得碗數">
            <value>1.0</value>
          </Data>
          <Data name="得獎菜色">
            <value>油醋烤彩蔬</value>
          </Data>
          <Data name="地區">
            <value>花蓮</value>
          </Data>
          <Data name="菜系">
            <value>素食</value>
          </Data>
          <Data name="推薦評審">
            <value>顏博文</value>
          </Data>
          <Data name="地址">
            <value>970花蓮縣花蓮市民國路80巷16號</value>
          </Data>
          <Data name="營業時間">
            <value>09:00–16:00</value>
          </Data>
          <Data name="電話">
            <value>03 832 1939</value>
          </Data>
        </ExtendedData>
      </Placemark>
      <Placemark>
        <name>慶修院馬告香腸</name>
        <address>慶修院馬告香腸 馬告香腸 花蓮 台式 韓勾ㄟ金針菇  973花蓮縣吉安鄉中興路 345-1 號</address>
        <description><![CDATA[總得碗數: 1<br>得獎菜色: 馬告香腸<br>地區: 花蓮<br>菜系: 台式<br>推薦評審: 韓勾ㄟ金針菇 <br>地址: 973花蓮縣吉安鄉中興路 345-1 號<br>營業時間: 09:00–15:30<br>電話: 0918 204 666]]></description>
        <styleUrl>#icon-1899-0288D1-labelson</styleUrl>
        <ExtendedData>
          <Data name="總得碗數">
            <value>1.0</value>
          </Data>
          <Data name="得獎菜色">
            <value>馬告香腸</value>
          </Data>
          <Data name="地區">
            <value>花蓮</value>
          </Data>
          <Data name="菜系">
            <value>台式</value>
          </Data>
          <Data name="推薦評審">
            <value>韓勾ㄟ金針菇 </value>
          </Data>
          <Data name="地址">
            <value>973花蓮縣吉安鄉中興路 345-1 號</value>
          </Data>
          <Data name="營業時間">
            <value>09:00–15:30</value>
          </Data>
          <Data name="電話">
            <value>0918 204 666</value>
          </Data>
        </ExtendedData>
      </Placemark>
      <Placemark>
        <name>優俐咖啡館</name>
        <address>優俐咖啡館 特製味噌鍋 花蓮 素食 顏博文 970花蓮縣花蓮市介林九街41號</address>
        <description><![CDATA[總得碗數: 1<br>得獎菜色: 特製味噌鍋<br>地區: 花蓮<br>菜系: 素食<br>推薦評審: 顏博文<br>地址: 970花蓮縣花蓮市介林九街41號<br>營業時間: 12:00–14:30<br>17:30–20:30<br>電話: 03 846 2978]]></description>
        <styleUrl>#icon-1899-0288D1-labelson</styleUrl>
        <ExtendedData>
          <Data name="總得碗數">
            <value>1.0</value>
          </Data>
          <Data name="得獎菜色">
            <value>特製味噌鍋</value>
          </Data>
          <Data name="地區">
            <value>花蓮</value>
          </Data>
          <Data name="菜系">
            <value>素食</value>
          </Data>
          <Data name="推薦評審">
            <value>顏博文</value>
          </Data>
          <Data name="地址">
            <value>970花蓮縣花蓮市介林九街41號</value>
          </Data>
          <Data name="營業時間">
            <value>12:00–14:30
17:30–20:30</value>
          </Data>
          <Data name="電話">
            <value>03 846 2978</value>
          </Data>
        </ExtendedData>
      </Placemark>
      <Placemark>
        <name>八九九天婦羅店</name>
        <address>八九九天婦羅店 炸蝦蔬菜什錦炸  炸鰻魚 台東 台式 高靜玉 950臺東縣台東市更生北路897號</address>
        <description><![CDATA[總得碗數: 1<br>得獎菜色: 炸蝦蔬菜什錦炸  炸鰻魚<br>地區: 台東<br>菜系: 台式<br>推薦評審: 高靜玉<br>地址: 950臺東縣台東市更生北路897號<br>營業時間: 11:00–13:30<br>17:30–18:30<br>電話: 08 922 2441]]></description>
        <styleUrl>#icon-1899-0288D1-labelson</styleUrl>
        <ExtendedData>
          <Data name="總得碗數">
            <value>1.0</value>
          </Data>
          <Data name="得獎菜色">
            <value>炸蝦蔬菜什錦炸  炸鰻魚</value>
          </Data>
          <Data name="地區">
            <value>台東</value>
          </Data>
          <Data name="菜系">
            <value>台式</value>
          </Data>
          <Data name="推薦評審">
            <value>高靜玉</value>
          </Data>
          <Data name="地址">
            <value>950臺東縣台東市更生北路897號</value>
          </Data>
          <Data name="營業時間">
            <value>11:00–13:30
17:30–18:30</value>
          </Data>
          <Data name="電話">
            <value>08 922 2441</value>
          </Data>
        </ExtendedData>
      </Placemark>
      <Placemark>
        <name>大池豆皮店</name>
        <address>大池豆皮店 香煎⾖包 台東 台式 韓勾ㄟ金針菇  958臺東縣池上鄉大埔路39之2號</address>
        <description><![CDATA[總得碗數: 1<br>得獎菜色: 香煎⾖包<br>地區: 台東<br>菜系: 台式<br>推薦評審: 韓勾ㄟ金針菇 <br>地址: 958臺東縣池上鄉大埔路39之2號<br>營業時間: 07:00–14:00<br>電話: 089 862 392]]></description>
        <styleUrl>#icon-1899-0288D1-labelson</styleUrl>
        <ExtendedData>
          <Data name="總得碗數">
            <value>1.0</value>
          </Data>
          <Data name="得獎菜色">
            <value>香煎⾖包</value>
          </Data>
          <Data name="地區">
            <value>台東</value>
          </Data>
          <Data name="菜系">
            <value>台式</value>
          </Data>
          <Data name="推薦評審">
            <value>韓勾ㄟ金針菇 </value>
          </Data>
          <Data name="地址">
            <value>958臺東縣池上鄉大埔路39之2號</value>
          </Data>
          <Data name="營業時間">
            <value>07:00–14:00</value>
          </Data>
          <Data name="電話">
            <value>089 862 392</value>
          </Data>
        </ExtendedData>
      </Placemark>
      <Placemark>
        <name>池上吉本肉圓</name>
        <address>池上吉本肉圓 肉圓 台東 台式 蔣勳 958臺東縣池上鄉中山路118-1號</address>
        <description><![CDATA[總得碗數: 1<br>得獎菜色: 肉圓<br>地區: 台東<br>菜系: 台式<br>推薦評審: 蔣勳<br>地址: 958臺東縣池上鄉中山路118-1號<br>營業時間: 10:30–14:00<br>16:30–19:30<br>電話: 08 986 5160]]></description>
        <styleUrl>#icon-1899-0288D1-labelson</styleUrl>
        <ExtendedData>
          <Data name="總得碗數">
            <value>1.0</value>
          </Data>
          <Data name="得獎菜色">
            <value>肉圓</value>
          </Data>
          <Data name="地區">
            <value>台東</value>
          </Data>
          <Data name="菜系">
            <value>台式</value>
          </Data>
          <Data name="推薦評審">
            <value>蔣勳</value>
          </Data>
          <Data name="地址">
            <value>958臺東縣池上鄉中山路118-1號</value>
          </Data>
          <Data name="營業時間">
            <value>10:30–14:00
16:30–19:30</value>
          </Data>
          <Data name="電話">
            <value>08 986 5160</value>
          </Data>
        </ExtendedData>
      </Placemark>
      <Placemark>
        <name>明隆春捲專賣店</name>
        <address>明隆春捲專賣店 春捲 台東 台式 蔣勳 950臺東縣台東市正氣路453-1號</address>
        <description><![CDATA[總得碗數: 1<br>得獎菜色: 春捲<br>地區: 台東<br>菜系: 台式<br>推薦評審: 蔣勳<br>地址: 950臺東縣台東市正氣路453-1號<br>營業時間: 08:30–19:30<br>電話: 08 933 2520]]></description>
        <styleUrl>#icon-1899-0288D1-labelson</styleUrl>
        <ExtendedData>
          <Data name="總得碗數">
            <value>1.0</value>
          </Data>
          <Data name="得獎菜色">
            <value>春捲</value>
          </Data>
          <Data name="地區">
            <value>台東</value>
          </Data>
          <Data name="菜系">
            <value>台式</value>
          </Data>
          <Data name="推薦評審">
            <value>蔣勳</value>
          </Data>
          <Data name="地址">
            <value>950臺東縣台東市正氣路453-1號</value>
          </Data>
          <Data name="營業時間">
            <value>08:30–19:30</value>
          </Data>
          <Data name="電話">
            <value>08 933 2520</value>
          </Data>
        </ExtendedData>
      </Placemark>
      <Placemark>
        <name>秋香坊</name>
        <address>秋香坊 鮮魚一夜乾套餐 海苔豆皮捲 台東 台式 馬世芳 956臺東縣關山鎮大同路30號</address>
        <description><![CDATA[總得碗數: 1<br>得獎菜色: 鮮魚一夜乾套餐 海苔豆皮捲<br>地區: 台東<br>菜系: 台式<br>推薦評審: 馬世芳<br>地址: 956臺東縣關山鎮大同路30號<br>營業時間: 11:00–15:00<br>17:00–19:00<br>電話: 0928 211 245]]></description>
        <styleUrl>#icon-1899-0288D1-labelson</styleUrl>
        <ExtendedData>
          <Data name="總得碗數">
            <value>1.0</value>
          </Data>
          <Data name="得獎菜色">
            <value>鮮魚一夜乾套餐 海苔豆皮捲</value>
          </Data>
          <Data name="地區">
            <value>台東</value>
          </Data>
          <Data name="菜系">
            <value>台式</value>
          </Data>
          <Data name="推薦評審">
            <value>馬世芳</value>
          </Data>
          <Data name="地址">
            <value>956臺東縣關山鎮大同路30號</value>
          </Data>
          <Data name="營業時間">
            <value>11:00–15:00
17:00–19:00</value>
          </Data>
          <Data name="電話">
            <value>0928 211 245</value>
          </Data>
        </ExtendedData>
      </Placemark>
      <Placemark>
        <name>福德小館</name>
        <address>福德小館 炒佛手貝 馬祖 台式 番紅花 209連江縣南竿鄉介壽村107-3號</address>
        <description><![CDATA[總得碗數: 1<br>得獎菜色: 炒佛手貝<br>地區: 馬祖<br>菜系: 台式<br>推薦評審: 番紅花<br>地址: 209連江縣南竿鄉介壽村107-3號<br>營業時間: 11:00–14:00<br>17:00–23:00<br>電話: 0937 043 255]]></description>
        <styleUrl>#icon-1899-0288D1-labelson</styleUrl>
        <ExtendedData>
          <Data name="總得碗數">
            <value>1.0</value>
          </Data>
          <Data name="得獎菜色">
            <value>炒佛手貝</value>
          </Data>
          <Data name="地區">
            <value>馬祖</value>
          </Data>
          <Data name="菜系">
            <value>台式</value>
          </Data>
          <Data name="推薦評審">
            <value>番紅花</value>
          </Data>
          <Data name="地址">
            <value>209連江縣南竿鄉介壽村107-3號</value>
          </Data>
          <Data name="營業時間">
            <value>11:00–14:00
17:00–23:00</value>
          </Data>
          <Data name="電話">
            <value>0937 043 255</value>
          </Data>
        </ExtendedData>
      </Placemark>
    </Folder>
  </Document>
</kml>
